2026-02-07 15:20:48,451 - app.services.notification_service - INFO - 🔔 [System Notification] Sales Alert: Sales for Toothbrush dropped by >60%! (Severity: high)
2026-02-07 15:20:48,452 - app.services.notification_service - INFO - 📱 [WhatsApp SIMULATION] From: whatsapp:+14155238886 -> To: +123456789
2026-02-07 15:20:48,452 - app.services.notification_service - INFO -    Message: 🚨 Sales Alert: Sales for Toothbrush dropped by >60%!
2026-02-07 15:20:48,456 - app.services.notification_service - INFO - 🔔 [System Notification] Sales Alert: Sales for Mineral Water dropped by >60%! (Severity: high)
2026-02-07 15:20:48,457 - app.services.notification_service - INFO - 📱 [WhatsApp SIMULATION] From: whatsapp:+14155238886 -> To: +123456789
2026-02-07 15:20:48,458 - app.services.notification_service - INFO -    Message: 🚨 Sales Alert: Sales for Mineral Water dropped by >60%!
2026-02-07 15:20:48,468 - app.services.notification_service - INFO - 🔔 [System Notification] Sales Alert: Sales for Whole Wheat Bread dropped by >60%! (Severity: high)
2026-02-07 15:20:48,469 - app.services.notification_service - INFO - 📱 [WhatsApp SIMULATION] From: whatsapp:+14155238886 -> To: +123456789
2026-02-07 15:20:48,469 - app.services.notification_service - INFO -    Message: 🚨 Sales Alert: Sales for Whole Wheat Bread dropped by >60%!
2026-02-07 15:20:48,473 - app.services.notification_service - INFO - 🔔 [System Notification] Sales Alert: Sales for Chocolate Muffin dropped by >60%! (Severity: high)
2026-02-07 15:20:48,473 - app.services.notification_service - INFO - 📱 [WhatsApp SIMULATION] From: whatsapp:+14155238886 -> To: +123456789
2026-02-07 15:20:48,474 - app.services.notification_service - INFO -    Message: 🚨 Sales Alert: Sales for Chocolate Muffin dropped by >60%!
2026-02-07 15:20:48,475 - app.services.notification_service - INFO - 🔔 [System Notification] Sales Alert: Sales for Mineral Water 600ml dropped by >60%! (Severity: high)
2026-02-07 15:20:48,475 - app.services.notification_service - INFO - 📱 [WhatsApp SIMULATION] From: whatsapp:+14155238886 -> To: +123456789
2026-02-07 15:20:48,475 - app.services.notification_service - INFO -    Message: 🚨 Sales Alert: Sales for Mineral Water 600ml dropped by >60%!
2026-02-07 15:20:48,483 - app.services.notification_service - INFO - 🔔 [System Notification] Sales Alert: Sales for Baby Spinach Mix dropped by >60%! (Severity: high)
2026-02-07 15:20:48,483 - app.services.notification_service - INFO - 📱 [WhatsApp SIMULATION] From: whatsapp:+14155238886 -> To: +123456789
2026-02-07 15:20:48,484 - app.services.notification_service - INFO -    Message: 🚨 Sales Alert: Sales for Baby Spinach Mix dropped by >60%!
2026-02-07 15:20:48,486 - app.services.notification_service - INFO - 🔔 [System Notification] Sales Alert: Sales for Tomatoes (500g) dropped by >60%! (Severity: high)
2026-02-07 15:20:48,486 - app.services.notification_service - INFO - 📱 [WhatsApp SIMULATION] From: whatsapp:+14155238886 -> To: +123456789
2026-02-07 15:20:48,486 - app.services.notification_service - INFO -    Message: 🚨 Sales Alert: Sales for Tomatoes (500g) dropped by >60%!
2026-02-07 15:20:48,496 - app.services.notification_service - INFO - 🔔 [System Notification] Sales Alert: Sales for Toilet Paper (12pk) dropped by >60%! (Severity: high)
2026-02-07 15:20:48,497 - app.services.notification_service - INFO - 📱 [WhatsApp SIMULATION] From: whatsapp:+14155238886 -> To: +123456789
2026-02-07 15:20:48,498 - app.services.notification_service - INFO -    Message: 🚨 Sales Alert: Sales for Toilet Paper (12pk) dropped by >60%!
2026-02-07 15:20:48,503 - app.services.notification_service - INFO - 🔔 [System Notification] Sales Alert: Sales for AA Batteries (4pk) dropped by >60%! (Severity: high)
2026-02-07 15:20:48,504 - app.services.notification_service - INFO - 📱 [WhatsApp SIMULATION] From: whatsapp:+14155238886 -> To: +123456789
2026-02-07 15:20:48,504 - app.services.notification_service - INFO -    Message: 🚨 Sales Alert: Sales for AA Batteries (4pk) dropped by >60%!
2026-02-07 15:20:48,507 - app.services.notification_service - INFO - 🔔 [System Notification] Sales Alert: Sales for Shampoo 400ml dropped by >60%! (Severity: high)
2026-02-07 15:20:48,507 - app.services.notification_service - INFO - 📱 [WhatsApp SIMULATION] From: whatsapp:+14155238886 -> To: +123456789
2026-02-07 15:20:48,508 - app.services.notification_service - INFO -    Message: 🚨 Sales Alert: Sales for Shampoo 400ml dropped by >60%!
2026-02-07 15:20:48,510 - app.services.notification_service - INFO - 🔔 [System Notification] Sales Alert: Sales for Hand Sanitizer dropped by >60%! (Severity: high)
2026-02-07 15:20:48,511 - app.services.notification_service - INFO - 📱 [WhatsApp SIMULATION] From: whatsapp:+14155238886 -> To: +123456789
2026-02-07 15:20:48,512 - app.services.notification_service - INFO -    Message: 🚨 Sales Alert: Sales for Hand Sanitizer dropped by >60%!
2026-02-07 15:20:48,514 - app.services.notification_service - INFO - 🔔 [System Notification] Sales Alert: Sales for Potato Chips (Salt) dropped by >60%! (Severity: high)
2026-02-07 15:20:48,515 - app.services.notification_service - INFO - 📱 [WhatsApp SIMULATION] From: whatsapp:+14155238886 -> To: +123456789
2026-02-07 15:20:48,515 - app.services.notification_service - INFO -    Message: 🚨 Sales Alert: Sales for Potato Chips (Salt) dropped by >60%!
2026-02-07 15:21:08,605 - app.services.notification_service - INFO - 🔔 [System Notification] Sales Alert: Sales for Toothbrush dropped by >60%! (Severity: high)
2026-02-07 15:21:08,606 - app.services.notification_service - INFO - 📱 [WhatsApp SIMULATION] From: whatsapp:+14155238886 -> To: +123456789
2026-02-07 15:21:08,606 - app.services.notification_service - INFO -    Message: 🚨 Sales Alert: Sales for Toothbrush dropped by >60%!
2026-02-07 15:21:08,609 - app.services.notification_service - INFO - 🔔 [System Notification] Sales Alert: Sales for Mineral Water dropped by >60%! (Severity: high)
2026-02-07 15:21:08,610 - app.services.notification_service - INFO - 📱 [WhatsApp SIMULATION] From: whatsapp:+14155238886 -> To: +123456789
2026-02-07 15:21:08,610 - app.services.notification_service - INFO -    Message: 🚨 Sales Alert: Sales for Mineral Water dropped by >60%!
2026-02-07 15:21:08,620 - app.services.notification_service - INFO - 🔔 [System Notification] Sales Alert: Sales for Whole Wheat Bread dropped by >60%! (Severity: high)
2026-02-07 15:21:08,620 - app.services.notification_service - INFO - 📱 [WhatsApp SIMULATION] From: whatsapp:+14155238886 -> To: +123456789
2026-02-07 15:21:08,621 - app.services.notification_service - INFO -    Message: 🚨 Sales Alert: Sales for Whole Wheat Bread dropped by >60%!
2026-02-07 15:21:08,624 - app.services.notification_service - INFO - 🔔 [System Notification] Sales Alert: Sales for Chocolate Muffin dropped by >60%! (Severity: high)
2026-02-07 15:21:08,625 - app.services.notification_service - INFO - 📱 [WhatsApp SIMULATION] From: whatsapp:+14155238886 -> To: +123456789
2026-02-07 15:21:08,625 - app.services.notification_service - INFO -    Message: 🚨 Sales Alert: Sales for Chocolate Muffin dropped by >60%!
2026-02-07 15:21:08,628 - app.services.notification_service - INFO - 🔔 [System Notification] Sales Alert: Sales for Mineral Water 600ml dropped by >60%! (Severity: high)
2026-02-07 15:21:08,629 - app.services.notification_service - INFO - 📱 [WhatsApp SIMULATION] From: whatsapp:+14155238886 -> To: +123456789
2026-02-07 15:21:08,629 - app.services.notification_service - INFO -    Message: 🚨 Sales Alert: Sales for Mineral Water 600ml dropped by >60%!
2026-02-07 15:21:08,640 - app.services.notification_service - INFO - 🔔 [System Notification] Sales Alert: Sales for Baby Spinach Mix dropped by >60%! (Severity: high)
2026-02-07 15:21:08,640 - app.services.notification_service - INFO - 📱 [WhatsApp SIMULATION] From: whatsapp:+14155238886 -> To: +123456789
2026-02-07 15:21:08,641 - app.services.notification_service - INFO -    Message: 🚨 Sales Alert: Sales for Baby Spinach Mix dropped by >60%!
2026-02-07 15:21:08,644 - app.services.notification_service - INFO - 🔔 [System Notification] Sales Alert: Sales for Tomatoes (500g) dropped by >60%! (Severity: high)
2026-02-07 15:21:08,644 - app.services.notification_service - INFO - 📱 [WhatsApp SIMULATION] From: whatsapp:+14155238886 -> To: +123456789
2026-02-07 15:21:08,645 - app.services.notification_service - INFO -    Message: 🚨 Sales Alert: Sales for Tomatoes (500g) dropped by >60%!
2026-02-07 15:21:08,656 - app.services.notification_service - INFO - 🔔 [System Notification] Sales Alert: Sales for Toilet Paper (12pk) dropped by >60%! (Severity: high)
2026-02-07 15:21:08,656 - app.services.notification_service - INFO - 📱 [WhatsApp SIMULATION] From: whatsapp:+14155238886 -> To: +123456789
2026-02-07 15:21:08,657 - app.services.notification_service - INFO -    Message: 🚨 Sales Alert: Sales for Toilet Paper (12pk) dropped by >60%!
2026-02-07 15:21:08,663 - app.services.notification_service - INFO - 🔔 [System Notification] Sales Alert: Sales for AA Batteries (4pk) dropped by >60%! (Severity: high)
2026-02-07 15:21:08,663 - app.services.notification_service - INFO - 📱 [WhatsApp SIMULATION] From: whatsapp:+14155238886 -> To: +123456789
2026-02-07 15:21:08,664 - app.services.notification_service - INFO -    Message: 🚨 Sales Alert: Sales for AA Batteries (4pk) dropped by >60%!
2026-02-07 15:21:08,667 - app.services.notification_service - INFO - 🔔 [System Notification] Sales Alert: Sales for Shampoo 400ml dropped by >60%! (Severity: high)
2026-02-07 15:21:08,668 - app.services.notification_service - INFO - 📱 [WhatsApp SIMULATION] From: whatsapp:+14155238886 -> To: +123456789
2026-02-07 15:21:08,668 - app.services.notification_service - INFO -    Message: 🚨 Sales Alert: Sales for Shampoo 400ml dropped by >60%!
2026-02-07 15:21:08,671 - app.services.notification_service - INFO - 🔔 [System Notification] Sales Alert: Sales for Hand Sanitizer dropped by >60%! (Severity: high)
2026-02-07 15:21:08,672 - app.services.notification_service - INFO - 📱 [WhatsApp SIMULATION] From: whatsapp:+14155238886 -> To: +123456789
2026-02-07 15:21:08,672 - app.services.notification_service - INFO -    Message: 🚨 Sales Alert: Sales for Hand Sanitizer dropped by >60%!
2026-02-07 15:21:08,674 - app.services.notification_service - INFO - 🔔 [System Notification] Sales Alert: Sales for Potato Chips (Salt) dropped by >60%! (Severity: high)
2026-02-07 15:21:08,675 - app.services.notification_service - INFO - 📱 [WhatsApp SIMULATION] From: whatsapp:+14155238886 -> To: +123456789
2026-02-07 15:21:08,676 - app.services.notification_service - INFO -    Message: 🚨 Sales Alert: Sales for Potato Chips (Salt) dropped by >60%!
2026-02-07 16:18:21,594 - app.services.notification_service - INFO - 🔔 [System Notification] Sales Alert: Sales for Toothbrush dropped by >60%! (Severity: high)
2026-02-07 16:18:21,595 - app.services.notification_service - INFO - 📱 [WhatsApp SIMULATION] From: whatsapp:+14155238886 -> To: +123456789
2026-02-07 16:18:21,596 - app.services.notification_service - INFO -    Message: 🚨 Sales Alert: Sales for Toothbrush dropped by >60%!
2026-02-07 16:18:21,597 - app.services.notification_service - INFO - 🔔 [System Notification] Sales Alert: Sales for Mineral Water dropped by >60%! (Severity: high)
2026-02-07 16:18:21,598 - app.services.notification_service - INFO - 📱 [WhatsApp SIMULATION] From: whatsapp:+14155238886 -> To: +123456789
2026-02-07 16:18:21,598 - app.services.notification_service - INFO -    Message: 🚨 Sales Alert: Sales for Mineral Water dropped by >60%!
2026-02-07 16:18:21,601 - app.services.notification_service - INFO - 🔔 [System Notification] Sales Alert: Sales for Whole Wheat Bread dropped by >60%! (Severity: high)
2026-02-07 16:18:21,601 - app.services.notification_service - INFO - 📱 [WhatsApp SIMULATION] From: whatsapp:+14155238886 -> To: +123456789
2026-02-07 16:18:21,601 - app.services.notification_service - INFO -    Message: 🚨 Sales Alert: Sales for Whole Wheat Bread dropped by >60%!
2026-02-07 16:18:21,603 - app.services.notification_service - INFO - 🔔 [System Notification] Sales Alert: Sales for Chocolate Muffin dropped by >60%! (Severity: high)
2026-02-07 16:18:21,603 - app.services.notification_service - INFO - 📱 [WhatsApp SIMULATION] From: whatsapp:+14155238886 -> To: +123456789
2026-02-07 16:18:21,603 - app.services.notification_service - INFO -    Message: 🚨 Sales Alert: Sales for Chocolate Muffin dropped by >60%!
2026-02-07 16:18:21,604 - app.services.notification_service - INFO - 🔔 [System Notification] Sales Alert: Sales for Mineral Water 600ml dropped by >60%! (Severity: high)
2026-02-07 16:18:21,604 - app.services.notification_service - INFO - 📱 [WhatsApp SIMULATION] From: whatsapp:+14155238886 -> To: +123456789
2026-02-07 16:18:21,604 - app.services.notification_service - INFO -    Message: 🚨 Sales Alert: Sales for Mineral Water 600ml dropped by >60%!
2026-02-07 16:18:21,611 - app.services.notification_service - INFO - 🔔 [System Notification] Sales Alert: Sales for Baby Spinach Mix dropped by >60%! (Severity: high)
2026-02-07 16:18:21,611 - app.services.notification_service - INFO - 📱 [WhatsApp SIMULATION] From: whatsapp:+14155238886 -> To: +123456789
2026-02-07 16:18:21,612 - app.services.notification_service - INFO -    Message: 🚨 Sales Alert: Sales for Baby Spinach Mix dropped by >60%!
2026-02-07 16:18:21,613 - app.services.notification_service - INFO - 🔔 [System Notification] Sales Alert: Sales for Tomatoes (500g) dropped by >60%! (Severity: high)
2026-02-07 16:18:21,614 - app.services.notification_service - INFO - 📱 [WhatsApp SIMULATION] From: whatsapp:+14155238886 -> To: +123456789
2026-02-07 16:18:21,614 - app.services.notification_service - INFO -    Message: 🚨 Sales Alert: Sales for Tomatoes (500g) dropped by >60%!
2026-02-07 16:18:21,617 - app.services.notification_service - INFO - 🔔 [System Notification] Sales Alert: Sales for Toilet Paper (12pk) dropped by >60%! (Severity: high)
2026-02-07 16:18:21,617 - app.services.notification_service - INFO - 📱 [WhatsApp SIMULATION] From: whatsapp:+14155238886 -> To: +123456789
2026-02-07 16:18:21,617 - app.services.notification_service - INFO -    Message: 🚨 Sales Alert: Sales for Toilet Paper (12pk) dropped by >60%!
2026-02-07 16:18:21,619 - app.services.notification_service - INFO - 🔔 [System Notification] Sales Alert: Sales for AA Batteries (4pk) dropped by >60%! (Severity: high)
2026-02-07 16:18:21,619 - app.services.notification_service - INFO - 📱 [WhatsApp SIMULATION] From: whatsapp:+14155238886 -> To: +123456789
2026-02-07 16:18:21,620 - app.services.notification_service - INFO -    Message: 🚨 Sales Alert: Sales for AA Batteries (4pk) dropped by >60%!
2026-02-07 16:18:21,622 - app.services.notification_service - INFO - 🔔 [System Notification] Sales Alert: Sales for Shampoo 400ml dropped by >60%! (Severity: high)
2026-02-07 16:18:21,622 - app.services.notification_service - INFO - 📱 [WhatsApp SIMULATION] From: whatsapp:+14155238886 -> To: +123456789
2026-02-07 16:18:21,622 - app.services.notification_service - INFO -    Message: 🚨 Sales Alert: Sales for Shampoo 400ml dropped by >60%!
2026-02-07 16:18:21,624 - app.services.notification_service - INFO - 🔔 [System Notification] Sales Alert: Sales for Hand Sanitizer dropped by >60%! (Severity: high)
2026-02-07 16:18:21,624 - app.services.notification_service - INFO - 📱 [WhatsApp SIMULATION] From: whatsapp:+14155238886 -> To: +123456789
2026-02-07 16:18:21,624 - app.services.notification_service - INFO -    Message: 🚨 Sales Alert: Sales for Hand Sanitizer dropped by >60%!
2026-02-07 16:18:21,626 - app.services.notification_service - INFO - 🔔 [System Notification] Sales Alert: Sales for Potato Chips (Salt) dropped by >60%! (Severity: high)
2026-02-07 16:18:21,626 - app.services.notification_service - INFO - 📱 [WhatsApp SIMULATION] From: whatsapp:+14155238886 -> To: +123456789
2026-02-07 16:18:21,626 - app.services.notification_service - INFO -    Message: 🚨 Sales Alert: Sales for Potato Chips (Salt) dropped by >60%!
2026-02-07 16:18:50,972 - app.services.notification_service - INFO - 🔔 [System Notification] Sales Alert: Sales for Toothbrush dropped by >60%! (Severity: high)
2026-02-07 16:18:50,972 - app.services.notification_service - INFO - 📱 [WhatsApp SIMULATION] From: whatsapp:+14155238886 -> To: +123456789
2026-02-07 16:18:50,972 - app.services.notification_service - INFO -    Message: 🚨 Sales Alert: Sales for Toothbrush dropped by >60%!
2026-02-07 16:18:50,975 - app.services.notification_service - INFO - 🔔 [System Notification] Sales Alert: Sales for Mineral Water dropped by >60%! (Severity: high)
2026-02-07 16:18:50,976 - app.services.notification_service - INFO - 📱 [WhatsApp SIMULATION] From: whatsapp:+14155238886 -> To: +123456789
2026-02-07 16:18:50,976 - app.services.notification_service - INFO -    Message: 🚨 Sales Alert: Sales for Mineral Water dropped by >60%!
2026-02-07 16:18:50,984 - app.services.notification_service - INFO - 🔔 [System Notification] Sales Alert: Sales for Whole Wheat Bread dropped by >60%! (Severity: high)
2026-02-07 16:18:50,984 - app.services.notification_service - INFO - 📱 [WhatsApp SIMULATION] From: whatsapp:+14155238886 -> To: +123456789
2026-02-07 16:18:50,985 - app.services.notification_service - INFO -    Message: 🚨 Sales Alert: Sales for Whole Wheat Bread dropped by >60%!
2026-02-07 16:18:50,986 - app.services.notification_service - INFO - 🔔 [System Notification] Sales Alert: Sales for Chocolate Muffin dropped by >60%! (Severity: high)
2026-02-07 16:18:50,987 - app.services.notification_service - INFO - 📱 [WhatsApp SIMULATION] From: whatsapp:+14155238886 -> To: +123456789
2026-02-07 16:18:50,987 - app.services.notification_service - INFO -    Message: 🚨 Sales Alert: Sales for Chocolate Muffin dropped by >60%!
2026-02-07 16:18:50,988 - app.services.notification_service - INFO - 🔔 [System Notification] Sales Alert: Sales for Mineral Water 600ml dropped by >60%! (Severity: high)
2026-02-07 16:18:50,989 - app.services.notification_service - INFO - 📱 [WhatsApp SIMULATION] From: whatsapp:+14155238886 -> To: +123456789
2026-02-07 16:18:50,989 - app.services.notification_service - INFO -    Message: 🚨 Sales Alert: Sales for Mineral Water 600ml dropped by >60%!
2026-02-07 16:18:50,996 - app.services.notification_service - INFO - 🔔 [System Notification] Sales Alert: Sales for Baby Spinach Mix dropped by >60%! (Severity: high)
2026-02-07 16:18:50,996 - app.services.notification_service - INFO - 📱 [WhatsApp SIMULATION] From: whatsapp:+14155238886 -> To: +123456789
2026-02-07 16:18:50,997 - app.services.notification_service - INFO -    Message: 🚨 Sales Alert: Sales for Baby Spinach Mix dropped by >60%!
2026-02-07 16:18:50,998 - app.services.notification_service - INFO - 🔔 [System Notification] Sales Alert: Sales for Tomatoes (500g) dropped by >60%! (Severity: high)
2026-02-07 16:18:50,998 - app.services.notification_service - INFO - 📱 [WhatsApp SIMULATION] From: whatsapp:+14155238886 -> To: +123456789
2026-02-07 16:18:50,999 - app.services.notification_service - INFO -    Message: 🚨 Sales Alert: Sales for Tomatoes (500g) dropped by >60%!
2026-02-07 16:18:51,003 - app.services.notification_service - INFO - 🔔 [System Notification] Sales Alert: Sales for Toilet Paper (12pk) dropped by >60%! (Severity: high)
2026-02-07 16:18:51,003 - app.services.notification_service - INFO - 📱 [WhatsApp SIMULATION] From: whatsapp:+14155238886 -> To: +123456789
2026-02-07 16:18:51,003 - app.services.notification_service - INFO -    Message: 🚨 Sales Alert: Sales for Toilet Paper (12pk) dropped by >60%!
2026-02-07 16:18:51,007 - app.services.notification_service - INFO - 🔔 [System Notification] Sales Alert: Sales for AA Batteries (4pk) dropped by >60%! (Severity: high)
2026-02-07 16:18:51,008 - app.services.notification_service - INFO - 📱 [WhatsApp SIMULATION] From: whatsapp:+14155238886 -> To: +123456789
2026-02-07 16:18:51,008 - app.services.notification_service - INFO -    Message: 🚨 Sales Alert: Sales for AA Batteries (4pk) dropped by >60%!
2026-02-07 16:18:51,012 - app.services.notification_service - INFO - 🔔 [System Notification] Sales Alert: Sales for Shampoo 400ml dropped by >60%! (Severity: high)
2026-02-07 16:18:51,012 - app.services.notification_service - INFO - 📱 [WhatsApp SIMULATION] From: whatsapp:+14155238886 -> To: +123456789
2026-02-07 16:18:51,013 - app.services.notification_service - INFO -    Message: 🚨 Sales Alert: Sales for Shampoo 400ml dropped by >60%!
2026-02-07 16:18:51,014 - app.services.notification_service - INFO - 🔔 [System Notification] Sales Alert: Sales for Hand Sanitizer dropped by >60%! (Severity: high)
2026-02-07 16:18:51,014 - app.services.notification_service - INFO - 📱 [WhatsApp SIMULATION] From: whatsapp:+14155238886 -> To: +123456789
2026-02-07 16:18:51,014 - app.services.notification_service - INFO -    Message: 🚨 Sales Alert: Sales for Hand Sanitizer dropped by >60%!
2026-02-07 16:18:51,015 - app.services.notification_service - INFO - 🔔 [System Notification] Sales Alert: Sales for Potato Chips (Salt) dropped by >60%! (Severity: high)
2026-02-07 16:18:51,015 - app.services.notification_service - INFO - 📱 [WhatsApp SIMULATION] From: whatsapp:+14155238886 -> To: +123456789
2026-02-07 16:18:51,015 - app.services.notification_service - INFO -    Message: 🚨 Sales Alert: Sales for Potato Chips (Salt) dropped by >60%!
2026-02-07 16:21:35,297 - app.services.notification_service - INFO - 🔔 [System Notification] Sales Alert: Sales for Toothbrush dropped by >60%! (Severity: high)
2026-02-07 16:21:35,297 - app.services.notification_service - INFO - 📱 [WhatsApp SIMULATION] From: whatsapp:+14155238886 -> To: +123456789
2026-02-07 16:21:35,298 - app.services.notification_service - INFO -    Message: 🚨 Sales Alert: Sales for Toothbrush dropped by >60%!
2026-02-07 16:21:35,299 - app.services.notification_service - INFO - 🔔 [System Notification] Sales Alert: Sales for Mineral Water dropped by >60%! (Severity: high)
2026-02-07 16:21:35,299 - app.services.notification_service - INFO - 📱 [WhatsApp SIMULATION] From: whatsapp:+14155238886 -> To: +123456789
2026-02-07 16:21:35,299 - app.services.notification_service - INFO -    Message: 🚨 Sales Alert: Sales for Mineral Water dropped by >60%!
2026-02-07 16:21:35,301 - app.services.notification_service - INFO - 🔔 [System Notification] Sales Alert: Sales for Whole Wheat Bread dropped by >60%! (Severity: high)
2026-02-07 16:21:35,302 - app.services.notification_service - INFO - 📱 [WhatsApp SIMULATION] From: whatsapp:+14155238886 -> To: +123456789
2026-02-07 16:21:35,302 - app.services.notification_service - INFO -    Message: 🚨 Sales Alert: Sales for Whole Wheat Bread dropped by >60%!
2026-02-07 16:21:35,303 - app.services.notification_service - INFO - 🔔 [System Notification] Sales Alert: Sales for Chocolate Muffin dropped by >60%! (Severity: high)
2026-02-07 16:21:35,304 - app.services.notification_service - INFO - 📱 [WhatsApp SIMULATION] From: whatsapp:+14155238886 -> To: +123456789
2026-02-07 16:21:35,304 - app.services.notification_service - INFO -    Message: 🚨 Sales Alert: Sales for Chocolate Muffin dropped by >60%!
2026-02-07 16:21:35,304 - app.services.notification_service - INFO - 🔔 [System Notification] Sales Alert: Sales for Mineral Water 600ml dropped by >60%! (Severity: high)
2026-02-07 16:21:35,304 - app.services.notification_service - INFO - 📱 [WhatsApp SIMULATION] From: whatsapp:+14155238886 -> To: +123456789
2026-02-07 16:21:35,305 - app.services.notification_service - INFO -    Message: 🚨 Sales Alert: Sales for Mineral Water 600ml dropped by >60%!
2026-02-07 16:21:35,308 - app.services.notification_service - INFO - 🔔 [System Notification] Sales Alert: Sales for Baby Spinach Mix dropped by >60%! (Severity: high)
2026-02-07 16:21:35,308 - app.services.notification_service - INFO - 📱 [WhatsApp SIMULATION] From: whatsapp:+14155238886 -> To: +123456789
2026-02-07 16:21:35,308 - app.services.notification_service - INFO -    Message: 🚨 Sales Alert: Sales for Baby Spinach Mix dropped by >60%!
2026-02-07 16:21:35,309 - app.services.notification_service - INFO - 🔔 [System Notification] Sales Alert: Sales for Tomatoes (500g) dropped by >60%! (Severity: high)
2026-02-07 16:21:35,309 - app.services.notification_service - INFO - 📱 [WhatsApp SIMULATION] From: whatsapp:+14155238886 -> To: +123456789
2026-02-07 16:21:35,309 - app.services.notification_service - INFO -    Message: 🚨 Sales Alert: Sales for Tomatoes (500g) dropped by >60%!
2026-02-07 16:21:35,313 - app.services.notification_service - INFO - 🔔 [System Notification] Sales Alert: Sales for Toilet Paper (12pk) dropped by >60%! (Severity: high)
2026-02-07 16:21:35,313 - app.services.notification_service - INFO - 📱 [WhatsApp SIMULATION] From: whatsapp:+14155238886 -> To: +123456789
2026-02-07 16:21:35,313 - app.services.notification_service - INFO -    Message: 🚨 Sales Alert: Sales for Toilet Paper (12pk) dropped by >60%!
2026-02-07 16:21:35,315 - app.services.notification_service - INFO - 🔔 [System Notification] Sales Alert: Sales for AA Batteries (4pk) dropped by >60%! (Severity: high)
2026-02-07 16:21:35,315 - app.services.notification_service - INFO - 📱 [WhatsApp SIMULATION] From: whatsapp:+14155238886 -> To: +123456789
2026-02-07 16:21:35,315 - app.services.notification_service - INFO -    Message: 🚨 Sales Alert: Sales for AA Batteries (4pk) dropped by >60%!
2026-02-07 16:21:35,316 - app.services.notification_service - INFO - 🔔 [System Notification] Sales Alert: Sales for Shampoo 400ml dropped by >60%! (Severity: high)
2026-02-07 16:21:35,317 - app.services.notification_service - INFO - 📱 [WhatsApp SIMULATION] From: whatsapp:+14155238886 -> To: +123456789
2026-02-07 16:21:35,317 - app.services.notification_service - INFO -    Message: 🚨 Sales Alert: Sales for Shampoo 400ml dropped by >60%!
2026-02-07 16:21:35,318 - app.services.notification_service - INFO - 🔔 [System Notification] Sales Alert: Sales for Hand Sanitizer dropped by >60%! (Severity: high)
2026-02-07 16:21:35,318 - app.services.notification_service - INFO - 📱 [WhatsApp SIMULATION] From: whatsapp:+14155238886 -> To: +123456789
2026-02-07 16:21:35,319 - app.services.notification_service - INFO -    Message: 🚨 Sales Alert: Sales for Hand Sanitizer dropped by >60%!
2026-02-07 16:21:35,319 - app.services.notification_service - INFO - 🔔 [System Notification] Sales Alert: Sales for Potato Chips (Salt) dropped by >60%! (Severity: high)
2026-02-07 16:21:35,319 - app.services.notification_service - INFO - 📱 [WhatsApp SIMULATION] From: whatsapp:+14155238886 -> To: +123456789
2026-02-07 16:21:35,320 - app.services.notification_service - INFO -    Message: 🚨 Sales Alert: Sales for Potato Chips (Salt) dropped by >60%!
2026-02-07 16:21:44,251 - app.services.notification_service - INFO - 🔔 [System Notification] Sales Alert: Sales for Toothbrush dropped by >60%! (Severity: high)
2026-02-07 16:21:44,252 - app.services.notification_service - INFO - 📱 [WhatsApp SIMULATION] From: whatsapp:+14155238886 -> To: +123456789
2026-02-07 16:21:44,252 - app.services.notification_service - INFO -    Message: 🚨 Sales Alert: Sales for Toothbrush dropped by >60%!
2026-02-07 16:21:44,257 - app.services.notification_service - INFO - 🔔 [System Notification] Sales Alert: Sales for Mineral Water dropped by >60%! (Severity: high)
2026-02-07 16:21:44,258 - app.services.notification_service - INFO - 📱 [WhatsApp SIMULATION] From: whatsapp:+14155238886 -> To: +123456789
2026-02-07 16:21:44,258 - app.services.notification_service - INFO -    Message: 🚨 Sales Alert: Sales for Mineral Water dropped by >60%!
2026-02-07 16:21:44,271 - app.services.notification_service - INFO - 🔔 [System Notification] Sales Alert: Sales for Whole Wheat Bread dropped by >60%! (Severity: high)
2026-02-07 16:21:44,272 - app.services.notification_service - INFO - 📱 [WhatsApp SIMULATION] From: whatsapp:+14155238886 -> To: +123456789
2026-02-07 16:21:44,273 - app.services.notification_service - INFO -    Message: 🚨 Sales Alert: Sales for Whole Wheat Bread dropped by >60%!
2026-02-07 16:21:44,280 - app.services.notification_service - INFO - 🔔 [System Notification] Sales Alert: Sales for Chocolate Muffin dropped by >60%! (Severity: high)
2026-02-07 16:21:44,281 - app.services.notification_service - INFO - 📱 [WhatsApp SIMULATION] From: whatsapp:+14155238886 -> To: +123456789
2026-02-07 16:21:44,281 - app.services.notification_service - INFO -    Message: 🚨 Sales Alert: Sales for Chocolate Muffin dropped by >60%!
2026-02-07 16:21:44,284 - app.services.notification_service - INFO - 🔔 [System Notification] Sales Alert: Sales for Mineral Water 600ml dropped by >60%! (Severity: high)
2026-02-07 16:21:44,284 - app.services.notification_service - INFO - 📱 [WhatsApp SIMULATION] From: whatsapp:+14155238886 -> To: +123456789
2026-02-07 16:21:44,284 - app.services.notification_service - INFO -    Message: 🚨 Sales Alert: Sales for Mineral Water 600ml dropped by >60%!
2026-02-07 16:21:44,297 - app.services.notification_service - INFO - 🔔 [System Notification] Sales Alert: Sales for Baby Spinach Mix dropped by >60%! (Severity: high)
2026-02-07 16:21:44,297 - app.services.notification_service - INFO - 📱 [WhatsApp SIMULATION] From: whatsapp:+14155238886 -> To: +123456789
2026-02-07 16:21:44,298 - app.services.notification_service - INFO -    Message: 🚨 Sales Alert: Sales for Baby Spinach Mix dropped by >60%!
2026-02-07 16:21:44,299 - app.services.notification_service - INFO - 🔔 [System Notification] Sales Alert: Sales for Tomatoes (500g) dropped by >60%! (Severity: high)
2026-02-07 16:21:44,300 - app.services.notification_service - INFO - 📱 [WhatsApp SIMULATION] From: whatsapp:+14155238886 -> To: +123456789
2026-02-07 16:21:44,300 - app.services.notification_service - INFO -    Message: 🚨 Sales Alert: Sales for Tomatoes (500g) dropped by >60%!
2026-02-07 16:21:44,312 - app.services.notification_service - INFO - 🔔 [System Notification] Sales Alert: Sales for Toilet Paper (12pk) dropped by >60%! (Severity: high)
2026-02-07 16:21:44,313 - app.services.notification_service - INFO - 📱 [WhatsApp SIMULATION] From: whatsapp:+14155238886 -> To: +123456789
2026-02-07 16:21:44,313 - app.services.notification_service - INFO -    Message: 🚨 Sales Alert: Sales for Toilet Paper (12pk) dropped by >60%!
2026-02-07 16:21:44,320 - app.services.notification_service - INFO - 🔔 [System Notification] Sales Alert: Sales for AA Batteries (4pk) dropped by >60%! (Severity: high)
2026-02-07 16:21:44,321 - app.services.notification_service - INFO - 📱 [WhatsApp SIMULATION] From: whatsapp:+14155238886 -> To: +123456789
2026-02-07 16:21:44,321 - app.services.notification_service - INFO -    Message: 🚨 Sales Alert: Sales for AA Batteries (4pk) dropped by >60%!
2026-02-07 16:21:44,327 - app.services.notification_service - INFO - 🔔 [System Notification] Sales Alert: Sales for Shampoo 400ml dropped by >60%! (Severity: high)
2026-02-07 16:21:44,327 - app.services.notification_service - INFO - 📱 [WhatsApp SIMULATION] From: whatsapp:+14155238886 -> To: +123456789
2026-02-07 16:21:44,328 - app.services.notification_service - INFO -    Message: 🚨 Sales Alert: Sales for Shampoo 400ml dropped by >60%!
2026-02-07 16:21:44,333 - app.services.notification_service - INFO - 🔔 [System Notification] Sales Alert: Sales for Hand Sanitizer dropped by >60%! (Severity: high)
2026-02-07 16:21:44,333 - app.services.notification_service - INFO - 📱 [WhatsApp SIMULATION] From: whatsapp:+14155238886 -> To: +123456789
2026-02-07 16:21:44,333 - app.services.notification_service - INFO -    Message: 🚨 Sales Alert: Sales for Hand Sanitizer dropped by >60%!
2026-02-07 16:21:44,335 - app.services.notification_service - INFO - 🔔 [System Notification] Sales Alert: Sales for Potato Chips (Salt) dropped by >60%! (Severity: high)
2026-02-07 16:21:44,335 - app.services.notification_service - INFO - 📱 [WhatsApp SIMULATION] From: whatsapp:+14155238886 -> To: +123456789
2026-02-07 16:21:44,336 - app.services.notification_service - INFO -    Message: 🚨 Sales Alert: Sales for Potato Chips (Salt) dropped by >60%!
2026-02-07 16:39:13,248 - app.services.notification_service - INFO - 🔔 [System Notification] Sales Alert: Sales for Toothbrush dropped by >60%! (Severity: high)
2026-02-07 16:39:13,249 - app.services.notification_service - INFO - 📱 [WhatsApp SIMULATION] From: whatsapp:+14155238886 -> To: +123456789
2026-02-07 16:39:13,249 - app.services.notification_service - INFO -    Message: 🚨 Sales Alert: Sales for Toothbrush dropped by >60%!
2026-02-07 16:39:13,250 - app.services.notification_service - INFO - 🔔 [System Notification] Sales Alert: Sales for Mineral Water dropped by >60%! (Severity: high)
2026-02-07 16:39:13,250 - app.services.notification_service - INFO - 📱 [WhatsApp SIMULATION] From: whatsapp:+14155238886 -> To: +123456789
2026-02-07 16:39:13,250 - app.services.notification_service - INFO -    Message: 🚨 Sales Alert: Sales for Mineral Water dropped by >60%!
2026-02-07 16:39:13,252 - app.services.notification_service - INFO - 🔔 [System Notification] Sales Alert: Sales for Whole Wheat Bread dropped by >60%! (Severity: high)
2026-02-07 16:39:13,252 - app.services.notification_service - INFO - 📱 [WhatsApp SIMULATION] From: whatsapp:+14155238886 -> To: +123456789
2026-02-07 16:39:13,253 - app.services.notification_service - INFO -    Message: 🚨 Sales Alert: Sales for Whole Wheat Bread dropped by >60%!
2026-02-07 16:39:13,254 - app.services.notification_service - INFO - 🔔 [System Notification] Sales Alert: Sales for Chocolate Muffin dropped by >60%! (Severity: high)
2026-02-07 16:39:13,254 - app.services.notification_service - INFO - 📱 [WhatsApp SIMULATION] From: whatsapp:+14155238886 -> To: +123456789
2026-02-07 16:39:13,254 - app.services.notification_service - INFO -    Message: 🚨 Sales Alert: Sales for Chocolate Muffin dropped by >60%!
2026-02-07 16:39:13,254 - app.services.notification_service - INFO - 🔔 [System Notification] Sales Alert: Sales for Mineral Water 600ml dropped by >60%! (Severity: high)
2026-02-07 16:39:13,255 - app.services.notification_service - INFO - 📱 [WhatsApp SIMULATION] From: whatsapp:+14155238886 -> To: +123456789
2026-02-07 16:39:13,255 - app.services.notification_service - INFO -    Message: 🚨 Sales Alert: Sales for Mineral Water 600ml dropped by >60%!
2026-02-07 16:39:13,257 - app.services.notification_service - INFO - 🔔 [System Notification] Sales Alert: Sales for Baby Spinach Mix dropped by >60%! (Severity: high)
2026-02-07 16:39:13,257 - app.services.notification_service - INFO - 📱 [WhatsApp SIMULATION] From: whatsapp:+14155238886 -> To: +123456789
2026-02-07 16:39:13,257 - app.services.notification_service - INFO -    Message: 🚨 Sales Alert: Sales for Baby Spinach Mix dropped by >60%!
2026-02-07 16:39:13,258 - app.services.notification_service - INFO - 🔔 [System Notification] Sales Alert: Sales for Tomatoes (500g) dropped by >60%! (Severity: high)
2026-02-07 16:39:13,258 - app.services.notification_service - INFO - 📱 [WhatsApp SIMULATION] From: whatsapp:+14155238886 -> To: +123456789
2026-02-07 16:39:13,258 - app.services.notification_service - INFO -    Message: 🚨 Sales Alert: Sales for Tomatoes (500g) dropped by >60%!
2026-02-07 16:39:13,261 - app.services.notification_service - INFO - 🔔 [System Notification] Sales Alert: Sales for Toilet Paper (12pk) dropped by >60%! (Severity: high)
2026-02-07 16:39:13,261 - app.services.notification_service - INFO - 📱 [WhatsApp SIMULATION] From: whatsapp:+14155238886 -> To: +123456789
2026-02-07 16:39:13,262 - app.services.notification_service - INFO -    Message: 🚨 Sales Alert: Sales for Toilet Paper (12pk) dropped by >60%!
2026-02-07 16:39:13,263 - app.services.notification_service - INFO - 🔔 [System Notification] Sales Alert: Sales for AA Batteries (4pk) dropped by >60%! (Severity: high)
2026-02-07 16:39:13,263 - app.services.notification_service - INFO - 📱 [WhatsApp SIMULATION] From: whatsapp:+14155238886 -> To: +123456789
2026-02-07 16:39:13,264 - app.services.notification_service - INFO -    Message: 🚨 Sales Alert: Sales for AA Batteries (4pk) dropped by >60%!
2026-02-07 16:39:13,264 - app.services.notification_service - INFO - 🔔 [System Notification] Sales Alert: Sales for Shampoo 400ml dropped by >60%! (Severity: high)
2026-02-07 16:39:13,264 - app.services.notification_service - INFO - 📱 [WhatsApp SIMULATION] From: whatsapp:+14155238886 -> To: +123456789
2026-02-07 16:39:13,265 - app.services.notification_service - INFO -    Message: 🚨 Sales Alert: Sales for Shampoo 400ml dropped by >60%!
2026-02-07 16:39:13,265 - app.services.notification_service - INFO - 🔔 [System Notification] Sales Alert: Sales for Hand Sanitizer dropped by >60%! (Severity: high)
2026-02-07 16:39:13,265 - app.services.notification_service - INFO - 📱 [WhatsApp SIMULATION] From: whatsapp:+14155238886 -> To: +123456789
2026-02-07 16:39:13,266 - app.services.notification_service - INFO -    Message: 🚨 Sales Alert: Sales for Hand Sanitizer dropped by >60%!
2026-02-07 16:39:13,266 - app.services.notification_service - INFO - 🔔 [System Notification] Sales Alert: Sales for Potato Chips (Salt) dropped by >60%! (Severity: high)
2026-02-07 16:39:13,266 - app.services.notification_service - INFO - 📱 [WhatsApp SIMULATION] From: whatsapp:+14155238886 -> To: +123456789
2026-02-07 16:39:13,266 - app.services.notification_service - INFO -    Message: 🚨 Sales Alert: Sales for Potato Chips (Salt) dropped by >60%!
2026-02-07 16:39:23,710 - app.services.notification_service - INFO - 🔔 [System Notification] Sales Alert: Sales for Toothbrush dropped by >60%! (Severity: high)
2026-02-07 16:39:23,710 - app.services.notification_service - INFO - 📱 [WhatsApp SIMULATION] From: whatsapp:+14155238886 -> To: +123456789
2026-02-07 16:39:23,711 - app.services.notification_service - INFO -    Message: 🚨 Sales Alert: Sales for Toothbrush dropped by >60%!
2026-02-07 16:39:23,712 - app.services.notification_service - INFO - 🔔 [System Notification] Sales Alert: Sales for Mineral Water dropped by >60%! (Severity: high)
2026-02-07 16:39:23,712 - app.services.notification_service - INFO - 📱 [WhatsApp SIMULATION] From: whatsapp:+14155238886 -> To: +123456789
2026-02-07 16:39:23,713 - app.services.notification_service - INFO -    Message: 🚨 Sales Alert: Sales for Mineral Water dropped by >60%!
2026-02-07 16:39:23,718 - app.services.notification_service - INFO - 🔔 [System Notification] Sales Alert: Sales for Whole Wheat Bread dropped by >60%! (Severity: high)
2026-02-07 16:39:23,718 - app.services.notification_service - INFO - 📱 [WhatsApp SIMULATION] From: whatsapp:+14155238886 -> To: +123456789
2026-02-07 16:39:23,718 - app.services.notification_service - INFO -    Message: 🚨 Sales Alert: Sales for Whole Wheat Bread dropped by >60%!
2026-02-07 16:39:23,721 - app.services.notification_service - INFO - 🔔 [System Notification] Sales Alert: Sales for Chocolate Muffin dropped by >60%! (Severity: high)
2026-02-07 16:39:23,721 - app.services.notification_service - INFO - 📱 [WhatsApp SIMULATION] From: whatsapp:+14155238886 -> To: +123456789
2026-02-07 16:39:23,722 - app.services.notification_service - INFO -    Message: 🚨 Sales Alert: Sales for Chocolate Muffin dropped by >60%!
2026-02-07 16:39:23,723 - app.services.notification_service - INFO - 🔔 [System Notification] Sales Alert: Sales for Mineral Water 600ml dropped by >60%! (Severity: high)
2026-02-07 16:39:23,723 - app.services.notification_service - INFO - 📱 [WhatsApp SIMULATION] From: whatsapp:+14155238886 -> To: +123456789
2026-02-07 16:39:23,723 - app.services.notification_service - INFO -    Message: 🚨 Sales Alert: Sales for Mineral Water 600ml dropped by >60%!
2026-02-07 16:39:23,728 - app.services.notification_service - INFO - 🔔 [System Notification] Sales Alert: Sales for Baby Spinach Mix dropped by >60%! (Severity: high)
2026-02-07 16:39:23,728 - app.services.notification_service - INFO - 📱 [WhatsApp SIMULATION] From: whatsapp:+14155238886 -> To: +123456789
2026-02-07 16:39:23,728 - app.services.notification_service - INFO -    Message: 🚨 Sales Alert: Sales for Baby Spinach Mix dropped by >60%!
2026-02-07 16:39:23,729 - app.services.notification_service - INFO - 🔔 [System Notification] Sales Alert: Sales for Tomatoes (500g) dropped by >60%! (Severity: high)
2026-02-07 16:39:23,729 - app.services.notification_service - INFO - 📱 [WhatsApp SIMULATION] From: whatsapp:+14155238886 -> To: +123456789
2026-02-07 16:39:23,730 - app.services.notification_service - INFO -    Message: 🚨 Sales Alert: Sales for Tomatoes (500g) dropped by >60%!
2026-02-07 16:39:23,732 - app.services.notification_service - INFO - 🔔 [System Notification] Sales Alert: Sales for Toilet Paper (12pk) dropped by >60%! (Severity: high)
2026-02-07 16:39:23,733 - app.services.notification_service - INFO - 📱 [WhatsApp SIMULATION] From: whatsapp:+14155238886 -> To: +123456789
2026-02-07 16:39:23,733 - app.services.notification_service - INFO -    Message: 🚨 Sales Alert: Sales for Toilet Paper (12pk) dropped by >60%!
2026-02-07 16:39:23,735 - app.services.notification_service - INFO - 🔔 [System Notification] Sales Alert: Sales for AA Batteries (4pk) dropped by >60%! (Severity: high)
2026-02-07 16:39:23,735 - app.services.notification_service - INFO - 📱 [WhatsApp SIMULATION] From: whatsapp:+14155238886 -> To: +123456789
2026-02-07 16:39:23,735 - app.services.notification_service - INFO -    Message: 🚨 Sales Alert: Sales for AA Batteries (4pk) dropped by >60%!
2026-02-07 16:39:23,737 - app.services.notification_service - INFO - 🔔 [System Notification] Sales Alert: Sales for Shampoo 400ml dropped by >60%! (Severity: high)
2026-02-07 16:39:23,737 - app.services.notification_service - INFO - 📱 [WhatsApp SIMULATION] From: whatsapp:+14155238886 -> To: +123456789
2026-02-07 16:39:23,737 - app.services.notification_service - INFO -    Message: 🚨 Sales Alert: Sales for Shampoo 400ml dropped by >60%!
2026-02-07 16:39:23,738 - app.services.notification_service - INFO - 🔔 [System Notification] Sales Alert: Sales for Hand Sanitizer dropped by >60%! (Severity: high)
2026-02-07 16:39:23,738 - app.services.notification_service - INFO - 📱 [WhatsApp SIMULATION] From: whatsapp:+14155238886 -> To: +123456789
2026-02-07 16:39:23,739 - app.services.notification_service - INFO -    Message: 🚨 Sales Alert: Sales for Hand Sanitizer dropped by >60%!
2026-02-07 16:39:23,739 - app.services.notification_service - INFO - 🔔 [System Notification] Sales Alert: Sales for Potato Chips (Salt) dropped by >60%! (Severity: high)
2026-02-07 16:39:23,740 - app.services.notification_service - INFO - 📱 [WhatsApp SIMULATION] From: whatsapp:+14155238886 -> To: +123456789
2026-02-07 16:39:23,740 - app.services.notification_service - INFO -    Message: 🚨 Sales Alert: Sales for Potato Chips (Salt) dropped by >60%!
2026-02-07 16:40:41,193 - app.services.notification_service - INFO - 🔔 [System Notification] Sales Alert: Sales for Toothbrush dropped by >60%! (Severity: high)
2026-02-07 16:40:41,193 - app.services.notification_service - INFO - 📱 [WhatsApp SIMULATION] From: whatsapp:+14155238886 -> To: +123456789
2026-02-07 16:40:41,194 - app.services.notification_service - INFO -    Message: 🚨 Sales Alert: Sales for Toothbrush dropped by >60%!
2026-02-07 16:40:41,195 - app.services.notification_service - INFO - 🔔 [System Notification] Sales Alert: Sales for Mineral Water dropped by >60%! (Severity: high)
2026-02-07 16:40:41,196 - app.services.notification_service - INFO - 📱 [WhatsApp SIMULATION] From: whatsapp:+14155238886 -> To: +123456789
2026-02-07 16:40:41,196 - app.services.notification_service - INFO -    Message: 🚨 Sales Alert: Sales for Mineral Water dropped by >60%!
2026-02-07 16:40:41,202 - app.services.notification_service - INFO - 🔔 [System Notification] Sales Alert: Sales for Whole Wheat Bread dropped by >60%! (Severity: high)
2026-02-07 16:40:41,202 - app.services.notification_service - INFO - 📱 [WhatsApp SIMULATION] From: whatsapp:+14155238886 -> To: +123456789
2026-02-07 16:40:41,202 - app.services.notification_service - INFO -    Message: 🚨 Sales Alert: Sales for Whole Wheat Bread dropped by >60%!
2026-02-07 16:40:41,206 - app.services.notification_service - INFO - 🔔 [System Notification] Sales Alert: Sales for Chocolate Muffin dropped by >60%! (Severity: high)
2026-02-07 16:40:41,207 - app.services.notification_service - INFO - 📱 [WhatsApp SIMULATION] From: whatsapp:+14155238886 -> To: +123456789
2026-02-07 16:40:41,207 - app.services.notification_service - INFO -    Message: 🚨 Sales Alert: Sales for Chocolate Muffin dropped by >60%!
2026-02-07 16:40:41,208 - app.services.notification_service - INFO - 🔔 [System Notification] Sales Alert: Sales for Mineral Water 600ml dropped by >60%! (Severity: high)
2026-02-07 16:40:41,208 - app.services.notification_service - INFO - 📱 [WhatsApp SIMULATION] From: whatsapp:+14155238886 -> To: +123456789
2026-02-07 16:40:41,209 - app.services.notification_service - INFO -    Message: 🚨 Sales Alert: Sales for Mineral Water 600ml dropped by >60%!
2026-02-07 16:40:41,215 - app.services.notification_service - INFO - 🔔 [System Notification] Sales Alert: Sales for Baby Spinach Mix dropped by >60%! (Severity: high)
2026-02-07 16:40:41,215 - app.services.notification_service - INFO - 📱 [WhatsApp SIMULATION] From: whatsapp:+14155238886 -> To: +123456789
2026-02-07 16:40:41,216 - app.services.notification_service - INFO -    Message: 🚨 Sales Alert: Sales for Baby Spinach Mix dropped by >60%!
2026-02-07 16:40:41,217 - app.services.notification_service - INFO - 🔔 [System Notification] Sales Alert: Sales for Tomatoes (500g) dropped by >60%! (Severity: high)
2026-02-07 16:40:41,218 - app.services.notification_service - INFO - 📱 [WhatsApp SIMULATION] From: whatsapp:+14155238886 -> To: +123456789
2026-02-07 16:40:41,218 - app.services.notification_service - INFO -    Message: 🚨 Sales Alert: Sales for Tomatoes (500g) dropped by >60%!
2026-02-07 16:40:41,223 - app.services.notification_service - INFO - 🔔 [System Notification] Sales Alert: Sales for Toilet Paper (12pk) dropped by >60%! (Severity: high)
2026-02-07 16:40:41,223 - app.services.notification_service - INFO - 📱 [WhatsApp SIMULATION] From: whatsapp:+14155238886 -> To: +123456789
2026-02-07 16:40:41,223 - app.services.notification_service - INFO -    Message: 🚨 Sales Alert: Sales for Toilet Paper (12pk) dropped by >60%!
2026-02-07 16:40:41,225 - app.services.notification_service - INFO - 🔔 [System Notification] Sales Alert: Sales for AA Batteries (4pk) dropped by >60%! (Severity: high)
2026-02-07 16:40:41,225 - app.services.notification_service - INFO - 📱 [WhatsApp SIMULATION] From: whatsapp:+14155238886 -> To: +123456789
2026-02-07 16:40:41,226 - app.services.notification_service - INFO -    Message: 🚨 Sales Alert: Sales for AA Batteries (4pk) dropped by >60%!
2026-02-07 16:40:41,227 - app.services.notification_service - INFO - 🔔 [System Notification] Sales Alert: Sales for Shampoo 400ml dropped by >60%! (Severity: high)
2026-02-07 16:40:41,227 - app.services.notification_service - INFO - 📱 [WhatsApp SIMULATION] From: whatsapp:+14155238886 -> To: +123456789
2026-02-07 16:40:41,227 - app.services.notification_service - INFO -    Message: 🚨 Sales Alert: Sales for Shampoo 400ml dropped by >60%!
2026-02-07 16:40:41,229 - app.services.notification_service - INFO - 🔔 [System Notification] Sales Alert: Sales for Hand Sanitizer dropped by >60%! (Severity: high)
2026-02-07 16:40:41,229 - app.services.notification_service - INFO - 📱 [WhatsApp SIMULATION] From: whatsapp:+14155238886 -> To: +123456789
2026-02-07 16:40:41,229 - app.services.notification_service - INFO -    Message: 🚨 Sales Alert: Sales for Hand Sanitizer dropped by >60%!
2026-02-07 16:40:41,230 - app.services.notification_service - INFO - 🔔 [System Notification] Sales Alert: Sales for Potato Chips (Salt) dropped by >60%! (Severity: high)
2026-02-07 16:40:41,230 - app.services.notification_service - INFO - 📱 [WhatsApp SIMULATION] From: whatsapp:+14155238886 -> To: +123456789
2026-02-07 16:40:41,230 - app.services.notification_service - INFO -    Message: 🚨 Sales Alert: Sales for Potato Chips (Salt) dropped by >60%!
2026-02-07 16:40:46,800 - app.services.notification_service - INFO - 🔔 [System Notification] Sales Alert: Sales for Toothbrush dropped by >60%! (Severity: high)
2026-02-07 16:40:46,800 - app.services.notification_service - INFO - 📱 [WhatsApp SIMULATION] From: whatsapp:+14155238886 -> To: +123456789
2026-02-07 16:40:46,800 - app.services.notification_service - INFO -    Message: 🚨 Sales Alert: Sales for Toothbrush dropped by >60%!
2026-02-07 16:40:46,802 - app.services.notification_service - INFO - 🔔 [System Notification] Sales Alert: Sales for Mineral Water dropped by >60%! (Severity: high)
2026-02-07 16:40:46,803 - app.services.notification_service - INFO - 📱 [WhatsApp SIMULATION] From: whatsapp:+14155238886 -> To: +123456789
2026-02-07 16:40:46,803 - app.services.notification_service - INFO -    Message: 🚨 Sales Alert: Sales for Mineral Water dropped by >60%!
2026-02-07 16:40:46,808 - app.services.notification_service - INFO - 🔔 [System Notification] Sales Alert: Sales for Whole Wheat Bread dropped by >60%! (Severity: high)
2026-02-07 16:40:46,809 - app.services.notification_service - INFO - 📱 [WhatsApp SIMULATION] From: whatsapp:+14155238886 -> To: +123456789
2026-02-07 16:40:46,809 - app.services.notification_service - INFO -    Message: 🚨 Sales Alert: Sales for Whole Wheat Bread dropped by >60%!
2026-02-07 16:40:46,811 - app.services.notification_service - INFO - 🔔 [System Notification] Sales Alert: Sales for Chocolate Muffin dropped by >60%! (Severity: high)
2026-02-07 16:40:46,812 - app.services.notification_service - INFO - 📱 [WhatsApp SIMULATION] From: whatsapp:+14155238886 -> To: +123456789
2026-02-07 16:40:46,812 - app.services.notification_service - INFO -    Message: 🚨 Sales Alert: Sales for Chocolate Muffin dropped by >60%!
2026-02-07 16:40:46,813 - app.services.notification_service - INFO - 🔔 [System Notification] Sales Alert: Sales for Mineral Water 600ml dropped by >60%! (Severity: high)
2026-02-07 16:40:46,814 - app.services.notification_service - INFO - 📱 [WhatsApp SIMULATION] From: whatsapp:+14155238886 -> To: +123456789
2026-02-07 16:40:46,814 - app.services.notification_service - INFO -    Message: 🚨 Sales Alert: Sales for Mineral Water 600ml dropped by >60%!
2026-02-07 16:40:46,818 - app.services.notification_service - INFO - 🔔 [System Notification] Sales Alert: Sales for Baby Spinach Mix dropped by >60%! (Severity: high)
2026-02-07 16:40:46,819 - app.services.notification_service - INFO - 📱 [WhatsApp SIMULATION] From: whatsapp:+14155238886 -> To: +123456789
2026-02-07 16:40:46,819 - app.services.notification_service - INFO -    Message: 🚨 Sales Alert: Sales for Baby Spinach Mix dropped by >60%!
2026-02-07 16:40:46,821 - app.services.notification_service - INFO - 🔔 [System Notification] Sales Alert: Sales for Tomatoes (500g) dropped by >60%! (Severity: high)
2026-02-07 16:40:46,822 - app.services.notification_service - INFO - 📱 [WhatsApp SIMULATION] From: whatsapp:+14155238886 -> To: +123456789
2026-02-07 16:40:46,822 - app.services.notification_service - INFO -    Message: 🚨 Sales Alert: Sales for Tomatoes (500g) dropped by >60%!
2026-02-07 16:40:46,826 - app.services.notification_service - INFO - 🔔 [System Notification] Sales Alert: Sales for Toilet Paper (12pk) dropped by >60%! (Severity: high)
2026-02-07 16:40:46,826 - app.services.notification_service - INFO - 📱 [WhatsApp SIMULATION] From: whatsapp:+14155238886 -> To: +123456789
2026-02-07 16:40:46,826 - app.services.notification_service - INFO -    Message: 🚨 Sales Alert: Sales for Toilet Paper (12pk) dropped by >60%!
2026-02-07 16:40:46,830 - app.services.notification_service - INFO - 🔔 [System Notification] Sales Alert: Sales for AA Batteries (4pk) dropped by >60%! (Severity: high)
2026-02-07 16:40:46,830 - app.services.notification_service - INFO - 📱 [WhatsApp SIMULATION] From: whatsapp:+14155238886 -> To: +123456789
2026-02-07 16:40:46,830 - app.services.notification_service - INFO -    Message: 🚨 Sales Alert: Sales for AA Batteries (4pk) dropped by >60%!
2026-02-07 16:40:46,831 - app.services.notification_service - INFO - 🔔 [System Notification] Sales Alert: Sales for Shampoo 400ml dropped by >60%! (Severity: high)
2026-02-07 16:40:46,832 - app.services.notification_service - INFO - 📱 [WhatsApp SIMULATION] From: whatsapp:+14155238886 -> To: +123456789
2026-02-07 16:40:46,832 - app.services.notification_service - INFO -    Message: 🚨 Sales Alert: Sales for Shampoo 400ml dropped by >60%!
2026-02-07 16:40:46,832 - app.services.notification_service - INFO - 🔔 [System Notification] Sales Alert: Sales for Hand Sanitizer dropped by >60%! (Severity: high)
2026-02-07 16:40:46,833 - app.services.notification_service - INFO - 📱 [WhatsApp SIMULATION] From: whatsapp:+14155238886 -> To: +123456789
2026-02-07 16:40:46,833 - app.services.notification_service - INFO -    Message: 🚨 Sales Alert: Sales for Hand Sanitizer dropped by >60%!
2026-02-07 16:40:46,833 - app.services.notification_service - INFO - 🔔 [System Notification] Sales Alert: Sales for Potato Chips (Salt) dropped by >60%! (Severity: high)
2026-02-07 16:40:46,833 - app.services.notification_service - INFO - 📱 [WhatsApp SIMULATION] From: whatsapp:+14155238886 -> To: +123456789
2026-02-07 16:40:46,833 - app.services.notification_service - INFO -    Message: 🚨 Sales Alert: Sales for Potato Chips (Salt) dropped by >60%!
2026-02-07 16:45:04,357 - app.services.notification_service - INFO - 🔔 [System Notification] Sales Alert: Sales for Toothbrush dropped by >60%! (Severity: high)
2026-02-07 16:45:04,357 - app.services.notification_service - INFO - 📱 [WhatsApp SIMULATION] From: whatsapp:+14155238886 -> To: +123456789
2026-02-07 16:45:04,357 - app.services.notification_service - INFO -    Message: 🚨 Sales Alert: Sales for Toothbrush dropped by >60%!
2026-02-07 16:45:04,359 - app.services.notification_service - INFO - 🔔 [System Notification] Sales Alert: Sales for Mineral Water dropped by >60%! (Severity: high)
2026-02-07 16:45:04,359 - app.services.notification_service - INFO - 📱 [WhatsApp SIMULATION] From: whatsapp:+14155238886 -> To: +123456789
2026-02-07 16:45:04,359 - app.services.notification_service - INFO -    Message: 🚨 Sales Alert: Sales for Mineral Water dropped by >60%!
2026-02-07 16:45:04,363 - app.services.notification_service - INFO - 🔔 [System Notification] Sales Alert: Sales for Whole Wheat Bread dropped by >60%! (Severity: high)
2026-02-07 16:45:04,364 - app.services.notification_service - INFO - 📱 [WhatsApp SIMULATION] From: whatsapp:+14155238886 -> To: +123456789
2026-02-07 16:45:04,364 - app.services.notification_service - INFO -    Message: 🚨 Sales Alert: Sales for Whole Wheat Bread dropped by >60%!
2026-02-07 16:45:04,365 - app.services.notification_service - INFO - 🔔 [System Notification] Sales Alert: Sales for Chocolate Muffin dropped by >60%! (Severity: high)
2026-02-07 16:45:04,365 - app.services.notification_service - INFO - 📱 [WhatsApp SIMULATION] From: whatsapp:+14155238886 -> To: +123456789
2026-02-07 16:45:04,365 - app.services.notification_service - INFO -    Message: 🚨 Sales Alert: Sales for Chocolate Muffin dropped by >60%!
2026-02-07 16:45:04,366 - app.services.notification_service - INFO - 🔔 [System Notification] Sales Alert: Sales for Mineral Water 600ml dropped by >60%! (Severity: high)
2026-02-07 16:45:04,367 - app.services.notification_service - INFO - 📱 [WhatsApp SIMULATION] From: whatsapp:+14155238886 -> To: +123456789
2026-02-07 16:45:04,367 - app.services.notification_service - INFO -    Message: 🚨 Sales Alert: Sales for Mineral Water 600ml dropped by >60%!
2026-02-07 16:45:04,372 - app.services.notification_service - INFO - 🔔 [System Notification] Sales Alert: Sales for Baby Spinach Mix dropped by >60%! (Severity: high)
2026-02-07 16:45:04,372 - app.services.notification_service - INFO - 📱 [WhatsApp SIMULATION] From: whatsapp:+14155238886 -> To: +123456789
2026-02-07 16:45:04,373 - app.services.notification_service - INFO -    Message: 🚨 Sales Alert: Sales for Baby Spinach Mix dropped by >60%!
2026-02-07 16:45:04,373 - app.services.notification_service - INFO - 🔔 [System Notification] Sales Alert: Sales for Tomatoes (500g) dropped by >60%! (Severity: high)
2026-02-07 16:45:04,374 - app.services.notification_service - INFO - 📱 [WhatsApp SIMULATION] From: whatsapp:+14155238886 -> To: +123456789
2026-02-07 16:45:04,374 - app.services.notification_service - INFO -    Message: 🚨 Sales Alert: Sales for Tomatoes (500g) dropped by >60%!
2026-02-07 16:45:04,379 - app.services.notification_service - INFO - 🔔 [System Notification] Sales Alert: Sales for Toilet Paper (12pk) dropped by >60%! (Severity: high)
2026-02-07 16:45:04,379 - app.services.notification_service - INFO - 📱 [WhatsApp SIMULATION] From: whatsapp:+14155238886 -> To: +123456789
2026-02-07 16:45:04,379 - app.services.notification_service - INFO -    Message: 🚨 Sales Alert: Sales for Toilet Paper (12pk) dropped by >60%!
2026-02-07 16:45:04,381 - app.services.notification_service - INFO - 🔔 [System Notification] Sales Alert: Sales for AA Batteries (4pk) dropped by >60%! (Severity: high)
2026-02-07 16:45:04,382 - app.services.notification_service - INFO - 📱 [WhatsApp SIMULATION] From: whatsapp:+14155238886 -> To: +123456789
2026-02-07 16:45:04,382 - app.services.notification_service - INFO -    Message: 🚨 Sales Alert: Sales for AA Batteries (4pk) dropped by >60%!
2026-02-07 16:45:04,384 - app.services.notification_service - INFO - 🔔 [System Notification] Sales Alert: Sales for Shampoo 400ml dropped by >60%! (Severity: high)
2026-02-07 16:45:04,384 - app.services.notification_service - INFO - 📱 [WhatsApp SIMULATION] From: whatsapp:+14155238886 -> To: +123456789
2026-02-07 16:45:04,384 - app.services.notification_service - INFO -    Message: 🚨 Sales Alert: Sales for Shampoo 400ml dropped by >60%!
2026-02-07 16:45:04,386 - app.services.notification_service - INFO - 🔔 [System Notification] Sales Alert: Sales for Hand Sanitizer dropped by >60%! (Severity: high)
2026-02-07 16:45:04,387 - app.services.notification_service - INFO - 📱 [WhatsApp SIMULATION] From: whatsapp:+14155238886 -> To: +123456789
2026-02-07 16:45:04,387 - app.services.notification_service - INFO -    Message: 🚨 Sales Alert: Sales for Hand Sanitizer dropped by >60%!
2026-02-07 16:45:04,388 - app.services.notification_service - INFO - 🔔 [System Notification] Sales Alert: Sales for Potato Chips (Salt) dropped by >60%! (Severity: high)
2026-02-07 16:45:04,389 - app.services.notification_service - INFO - 📱 [WhatsApp SIMULATION] From: whatsapp:+14155238886 -> To: +123456789
2026-02-07 16:45:04,389 - app.services.notification_service - INFO -    Message: 🚨 Sales Alert: Sales for Potato Chips (Salt) dropped by >60%!
2026-02-07 16:51:31,320 - app.services.notification_service - INFO - 🔔 [System Notification] Sales Alert: Sales for Toothbrush dropped by >60%! (Severity: high)
2026-02-07 16:51:31,320 - app.services.notification_service - INFO - 📱 [WhatsApp SIMULATION] From: whatsapp:+14155238886 -> To: +123456789
2026-02-07 16:51:31,320 - app.services.notification_service - INFO -    Message: 🚨 Sales Alert: Sales for Toothbrush dropped by >60%!
2026-02-07 16:51:31,322 - app.services.notification_service - INFO - 🔔 [System Notification] Sales Alert: Sales for Mineral Water dropped by >60%! (Severity: high)
2026-02-07 16:51:31,322 - app.services.notification_service - INFO - 📱 [WhatsApp SIMULATION] From: whatsapp:+14155238886 -> To: +123456789
2026-02-07 16:51:31,322 - app.services.notification_service - INFO -    Message: 🚨 Sales Alert: Sales for Mineral Water dropped by >60%!
2026-02-07 16:51:31,324 - app.services.notification_service - INFO - 🔔 [System Notification] Sales Alert: Sales for Whole Wheat Bread dropped by >60%! (Severity: high)
2026-02-07 16:51:31,325 - app.services.notification_service - INFO - 📱 [WhatsApp SIMULATION] From: whatsapp:+14155238886 -> To: +123456789
2026-02-07 16:51:31,325 - app.services.notification_service - INFO -    Message: 🚨 Sales Alert: Sales for Whole Wheat Bread dropped by >60%!
2026-02-07 16:51:31,327 - app.services.notification_service - INFO - 🔔 [System Notification] Sales Alert: Sales for Chocolate Muffin dropped by >60%! (Severity: high)
2026-02-07 16:51:31,327 - app.services.notification_service - INFO - 📱 [WhatsApp SIMULATION] From: whatsapp:+14155238886 -> To: +123456789
2026-02-07 16:51:31,328 - app.services.notification_service - INFO -    Message: 🚨 Sales Alert: Sales for Chocolate Muffin dropped by >60%!
2026-02-07 16:51:31,328 - app.services.notification_service - INFO - 🔔 [System Notification] Sales Alert: Sales for Mineral Water 600ml dropped by >60%! (Severity: high)
2026-02-07 16:51:31,329 - app.services.notification_service - INFO - 📱 [WhatsApp SIMULATION] From: whatsapp:+14155238886 -> To: +123456789
2026-02-07 16:51:31,329 - app.services.notification_service - INFO -    Message: 🚨 Sales Alert: Sales for Mineral Water 600ml dropped by >60%!
2026-02-07 16:51:31,332 - app.services.notification_service - INFO - 🔔 [System Notification] Sales Alert: Sales for Baby Spinach Mix dropped by >60%! (Severity: high)
2026-02-07 16:51:31,332 - app.services.notification_service - INFO - 📱 [WhatsApp SIMULATION] From: whatsapp:+14155238886 -> To: +123456789
2026-02-07 16:51:31,332 - app.services.notification_service - INFO -    Message: 🚨 Sales Alert: Sales for Baby Spinach Mix dropped by >60%!
2026-02-07 16:51:31,333 - app.services.notification_service - INFO - 🔔 [System Notification] Sales Alert: Sales for Tomatoes (500g) dropped by >60%! (Severity: high)
2026-02-07 16:51:31,333 - app.services.notification_service - INFO - 📱 [WhatsApp SIMULATION] From: whatsapp:+14155238886 -> To: +123456789
2026-02-07 16:51:31,333 - app.services.notification_service - INFO -    Message: 🚨 Sales Alert: Sales for Tomatoes (500g) dropped by >60%!
2026-02-07 16:51:31,338 - app.services.notification_service - INFO - 🔔 [System Notification] Sales Alert: Sales for Toilet Paper (12pk) dropped by >60%! (Severity: high)
2026-02-07 16:51:31,338 - app.services.notification_service - INFO - 📱 [WhatsApp SIMULATION] From: whatsapp:+14155238886 -> To: +123456789
2026-02-07 16:51:31,338 - app.services.notification_service - INFO -    Message: 🚨 Sales Alert: Sales for Toilet Paper (12pk) dropped by >60%!
2026-02-07 16:51:31,341 - app.services.notification_service - INFO - 🔔 [System Notification] Sales Alert: Sales for AA Batteries (4pk) dropped by >60%! (Severity: high)
2026-02-07 16:51:31,342 - app.services.notification_service - INFO - 📱 [WhatsApp SIMULATION] From: whatsapp:+14155238886 -> To: +123456789
2026-02-07 16:51:31,342 - app.services.notification_service - INFO -    Message: 🚨 Sales Alert: Sales for AA Batteries (4pk) dropped by >60%!
2026-02-07 16:51:31,344 - app.services.notification_service - INFO - 🔔 [System Notification] Sales Alert: Sales for Shampoo 400ml dropped by >60%! (Severity: high)
2026-02-07 16:51:31,344 - app.services.notification_service - INFO - 📱 [WhatsApp SIMULATION] From: whatsapp:+14155238886 -> To: +123456789
2026-02-07 16:51:31,344 - app.services.notification_service - INFO -    Message: 🚨 Sales Alert: Sales for Shampoo 400ml dropped by >60%!
2026-02-07 16:51:31,345 - app.services.notification_service - INFO - 🔔 [System Notification] Sales Alert: Sales for Hand Sanitizer dropped by >60%! (Severity: high)
2026-02-07 16:51:31,345 - app.services.notification_service - INFO - 📱 [WhatsApp SIMULATION] From: whatsapp:+14155238886 -> To: +123456789
2026-02-07 16:51:31,345 - app.services.notification_service - INFO -    Message: 🚨 Sales Alert: Sales for Hand Sanitizer dropped by >60%!
2026-02-07 16:51:31,346 - app.services.notification_service - INFO - 🔔 [System Notification] Sales Alert: Sales for Potato Chips (Salt) dropped by >60%! (Severity: high)
2026-02-07 16:51:31,346 - app.services.notification_service - INFO - 📱 [WhatsApp SIMULATION] From: whatsapp:+14155238886 -> To: +123456789
2026-02-07 16:51:31,346 - app.services.notification_service - INFO -    Message: 🚨 Sales Alert: Sales for Potato Chips (Salt) dropped by >60%!
2026-02-07 16:53:44,620 - app.services.notification_service - INFO - 🔔 [System Notification] Sales Alert: Sales for Toothbrush dropped by >60%! (Severity: high)
2026-02-07 16:53:44,620 - app.services.notification_service - INFO - 📱 [WhatsApp SIMULATION] From: whatsapp:+14155238886 -> To: +123456789
2026-02-07 16:53:44,621 - app.services.notification_service - INFO -    Message: 🚨 Sales Alert: Sales for Toothbrush dropped by >60%!
2026-02-07 16:53:44,623 - app.services.notification_service - INFO - 🔔 [System Notification] Sales Alert: Sales for Mineral Water dropped by >60%! (Severity: high)
2026-02-07 16:53:44,624 - app.services.notification_service - INFO - 📱 [WhatsApp SIMULATION] From: whatsapp:+14155238886 -> To: +123456789
2026-02-07 16:53:44,624 - app.services.notification_service - INFO -    Message: 🚨 Sales Alert: Sales for Mineral Water dropped by >60%!
2026-02-07 16:53:44,629 - app.services.notification_service - INFO - 🔔 [System Notification] Sales Alert: Sales for Whole Wheat Bread dropped by >60%! (Severity: high)
2026-02-07 16:53:44,630 - app.services.notification_service - INFO - 📱 [WhatsApp SIMULATION] From: whatsapp:+14155238886 -> To: +123456789
2026-02-07 16:53:44,630 - app.services.notification_service - INFO -    Message: 🚨 Sales Alert: Sales for Whole Wheat Bread dropped by >60%!
2026-02-07 16:53:44,635 - app.services.notification_service - INFO - 🔔 [System Notification] Sales Alert: Sales for Chocolate Muffin dropped by >60%! (Severity: high)
2026-02-07 16:53:44,636 - app.services.notification_service - INFO - 📱 [WhatsApp SIMULATION] From: whatsapp:+14155238886 -> To: +123456789
2026-02-07 16:53:44,637 - app.services.notification_service - INFO -    Message: 🚨 Sales Alert: Sales for Chocolate Muffin dropped by >60%!
2026-02-07 16:53:44,639 - app.services.notification_service - INFO - 🔔 [System Notification] Sales Alert: Sales for Mineral Water 600ml dropped by >60%! (Severity: high)
2026-02-07 16:53:44,639 - app.services.notification_service - INFO - 📱 [WhatsApp SIMULATION] From: whatsapp:+14155238886 -> To: +123456789
2026-02-07 16:53:44,640 - app.services.notification_service - INFO -    Message: 🚨 Sales Alert: Sales for Mineral Water 600ml dropped by >60%!
2026-02-07 16:53:44,646 - app.services.notification_service - INFO - 🔔 [System Notification] Sales Alert: Sales for Baby Spinach Mix dropped by >60%! (Severity: high)
2026-02-07 16:53:44,647 - app.services.notification_service - INFO - 📱 [WhatsApp SIMULATION] From: whatsapp:+14155238886 -> To: +123456789
2026-02-07 16:53:44,647 - app.services.notification_service - INFO -    Message: 🚨 Sales Alert: Sales for Baby Spinach Mix dropped by >60%!
2026-02-07 16:53:44,648 - app.services.notification_service - INFO - 🔔 [System Notification] Sales Alert: Sales for Tomatoes (500g) dropped by >60%! (Severity: high)
2026-02-07 16:53:44,648 - app.services.notification_service - INFO - 📱 [WhatsApp SIMULATION] From: whatsapp:+14155238886 -> To: +123456789
2026-02-07 16:53:44,649 - app.services.notification_service - INFO -    Message: 🚨 Sales Alert: Sales for Tomatoes (500g) dropped by >60%!
2026-02-07 16:53:44,653 - app.services.notification_service - INFO - 🔔 [System Notification] Sales Alert: Sales for Toilet Paper (12pk) dropped by >60%! (Severity: high)
2026-02-07 16:53:44,653 - app.services.notification_service - INFO - 📱 [WhatsApp SIMULATION] From: whatsapp:+14155238886 -> To: +123456789
2026-02-07 16:53:44,653 - app.services.notification_service - INFO -    Message: 🚨 Sales Alert: Sales for Toilet Paper (12pk) dropped by >60%!
2026-02-07 16:53:44,655 - app.services.notification_service - INFO - 🔔 [System Notification] Sales Alert: Sales for AA Batteries (4pk) dropped by >60%! (Severity: high)
2026-02-07 16:53:44,656 - app.services.notification_service - INFO - 📱 [WhatsApp SIMULATION] From: whatsapp:+14155238886 -> To: +123456789
2026-02-07 16:53:44,656 - app.services.notification_service - INFO -    Message: 🚨 Sales Alert: Sales for AA Batteries (4pk) dropped by >60%!
2026-02-07 16:53:44,658 - app.services.notification_service - INFO - 🔔 [System Notification] Sales Alert: Sales for Shampoo 400ml dropped by >60%! (Severity: high)
2026-02-07 16:53:44,658 - app.services.notification_service - INFO - 📱 [WhatsApp SIMULATION] From: whatsapp:+14155238886 -> To: +123456789
2026-02-07 16:53:44,658 - app.services.notification_service - INFO -    Message: 🚨 Sales Alert: Sales for Shampoo 400ml dropped by >60%!
2026-02-07 16:53:44,660 - app.services.notification_service - INFO - 🔔 [System Notification] Sales Alert: Sales for Hand Sanitizer dropped by >60%! (Severity: high)
2026-02-07 16:53:44,661 - app.services.notification_service - INFO - 📱 [WhatsApp SIMULATION] From: whatsapp:+14155238886 -> To: +123456789
2026-02-07 16:53:44,661 - app.services.notification_service - INFO -    Message: 🚨 Sales Alert: Sales for Hand Sanitizer dropped by >60%!
2026-02-07 16:53:44,662 - app.services.notification_service - INFO - 🔔 [System Notification] Sales Alert: Sales for Potato Chips (Salt) dropped by >60%! (Severity: high)
2026-02-07 16:53:44,662 - app.services.notification_service - INFO - 📱 [WhatsApp SIMULATION] From: whatsapp:+14155238886 -> To: +123456789
2026-02-07 16:53:44,662 - app.services.notification_service - INFO -    Message: 🚨 Sales Alert: Sales for Potato Chips (Salt) dropped by >60%!
2026-02-07 16:56:41,930 - app.services.notification_service - INFO - 🔔 [System Notification] Sales Alert: Sales for Toothbrush dropped by >60%! (Severity: high)
2026-02-07 16:56:41,931 - app.services.notification_service - INFO - 📱 [WhatsApp SIMULATION] From: whatsapp:+14155238886 -> To: +123456789
2026-02-07 16:56:41,931 - app.services.notification_service - INFO -    Message: 🚨 Sales Alert: Sales for Toothbrush dropped by >60%!
2026-02-07 16:56:41,932 - app.services.notification_service - INFO - 🔔 [System Notification] Sales Alert: Sales for Mineral Water dropped by >60%! (Severity: high)
2026-02-07 16:56:41,932 - app.services.notification_service - INFO - 📱 [WhatsApp SIMULATION] From: whatsapp:+14155238886 -> To: +123456789
2026-02-07 16:56:41,932 - app.services.notification_service - INFO -    Message: 🚨 Sales Alert: Sales for Mineral Water dropped by >60%!
2026-02-07 16:56:41,938 - app.services.notification_service - INFO - 🔔 [System Notification] Sales Alert: Sales for Whole Wheat Bread dropped by >60%! (Severity: high)
2026-02-07 16:56:41,938 - app.services.notification_service - INFO - 📱 [WhatsApp SIMULATION] From: whatsapp:+14155238886 -> To: +123456789
2026-02-07 16:56:41,939 - app.services.notification_service - INFO -    Message: 🚨 Sales Alert: Sales for Whole Wheat Bread dropped by >60%!
2026-02-07 16:56:41,941 - app.services.notification_service - INFO - 🔔 [System Notification] Sales Alert: Sales for Chocolate Muffin dropped by >60%! (Severity: high)
2026-02-07 16:56:41,942 - app.services.notification_service - INFO - 📱 [WhatsApp SIMULATION] From: whatsapp:+14155238886 -> To: +123456789
2026-02-07 16:56:41,942 - app.services.notification_service - INFO -    Message: 🚨 Sales Alert: Sales for Chocolate Muffin dropped by >60%!
2026-02-07 16:56:41,943 - app.services.notification_service - INFO - 🔔 [System Notification] Sales Alert: Sales for Mineral Water 600ml dropped by >60%! (Severity: high)
2026-02-07 16:56:41,943 - app.services.notification_service - INFO - 📱 [WhatsApp SIMULATION] From: whatsapp:+14155238886 -> To: +123456789
2026-02-07 16:56:41,944 - app.services.notification_service - INFO -    Message: 🚨 Sales Alert: Sales for Mineral Water 600ml dropped by >60%!
2026-02-07 16:56:41,951 - app.services.notification_service - INFO - 🔔 [System Notification] Sales Alert: Sales for Baby Spinach Mix dropped by >60%! (Severity: high)
2026-02-07 16:56:41,952 - app.services.notification_service - INFO - 📱 [WhatsApp SIMULATION] From: whatsapp:+14155238886 -> To: +123456789
2026-02-07 16:56:41,952 - app.services.notification_service - INFO -    Message: 🚨 Sales Alert: Sales for Baby Spinach Mix dropped by >60%!
2026-02-07 16:56:41,954 - app.services.notification_service - INFO - 🔔 [System Notification] Sales Alert: Sales for Tomatoes (500g) dropped by >60%! (Severity: high)
2026-02-07 16:56:41,954 - app.services.notification_service - INFO - 📱 [WhatsApp SIMULATION] From: whatsapp:+14155238886 -> To: +123456789
2026-02-07 16:56:41,954 - app.services.notification_service - INFO -    Message: 🚨 Sales Alert: Sales for Tomatoes (500g) dropped by >60%!
2026-02-07 16:56:41,961 - app.services.notification_service - INFO - 🔔 [System Notification] Sales Alert: Sales for Toilet Paper (12pk) dropped by >60%! (Severity: high)
2026-02-07 16:56:41,961 - app.services.notification_service - INFO - 📱 [WhatsApp SIMULATION] From: whatsapp:+14155238886 -> To: +123456789
2026-02-07 16:56:41,962 - app.services.notification_service - INFO -    Message: 🚨 Sales Alert: Sales for Toilet Paper (12pk) dropped by >60%!
2026-02-07 16:56:41,963 - app.services.notification_service - INFO - 🔔 [System Notification] Sales Alert: Sales for AA Batteries (4pk) dropped by >60%! (Severity: high)
2026-02-07 16:56:41,963 - app.services.notification_service - INFO - 📱 [WhatsApp SIMULATION] From: whatsapp:+14155238886 -> To: +123456789
2026-02-07 16:56:41,963 - app.services.notification_service - INFO -    Message: 🚨 Sales Alert: Sales for AA Batteries (4pk) dropped by >60%!
2026-02-07 16:56:41,965 - app.services.notification_service - INFO - 🔔 [System Notification] Sales Alert: Sales for Shampoo 400ml dropped by >60%! (Severity: high)
2026-02-07 16:56:41,965 - app.services.notification_service - INFO - 📱 [WhatsApp SIMULATION] From: whatsapp:+14155238886 -> To: +123456789
2026-02-07 16:56:41,965 - app.services.notification_service - INFO -    Message: 🚨 Sales Alert: Sales for Shampoo 400ml dropped by >60%!
2026-02-07 16:56:41,967 - app.services.notification_service - INFO - 🔔 [System Notification] Sales Alert: Sales for Hand Sanitizer dropped by >60%! (Severity: high)
2026-02-07 16:56:41,967 - app.services.notification_service - INFO - 📱 [WhatsApp SIMULATION] From: whatsapp:+14155238886 -> To: +123456789
2026-02-07 16:56:41,968 - app.services.notification_service - INFO -    Message: 🚨 Sales Alert: Sales for Hand Sanitizer dropped by >60%!
2026-02-07 16:56:41,969 - app.services.notification_service - INFO - 🔔 [System Notification] Sales Alert: Sales for Potato Chips (Salt) dropped by >60%! (Severity: high)
2026-02-07 16:56:41,969 - app.services.notification_service - INFO - 📱 [WhatsApp SIMULATION] From: whatsapp:+14155238886 -> To: +123456789
2026-02-07 16:56:41,969 - app.services.notification_service - INFO -    Message: 🚨 Sales Alert: Sales for Potato Chips (Salt) dropped by >60%!
2026-02-07 16:56:42,634 - app.services.notification_service - INFO - 🔔 [System Notification] Sales Alert: Sales for Toothbrush dropped by >60%! (Severity: high)
2026-02-07 16:56:42,634 - app.services.notification_service - INFO - 📱 [WhatsApp SIMULATION] From: whatsapp:+14155238886 -> To: +123456789
2026-02-07 16:56:42,635 - app.services.notification_service - INFO -    Message: 🚨 Sales Alert: Sales for Toothbrush dropped by >60%!
2026-02-07 16:56:42,641 - app.services.notification_service - INFO - 🔔 [System Notification] Sales Alert: Sales for Mineral Water dropped by >60%! (Severity: high)
2026-02-07 16:56:42,642 - app.services.notification_service - INFO - 📱 [WhatsApp SIMULATION] From: whatsapp:+14155238886 -> To: +123456789
2026-02-07 16:56:42,642 - app.services.notification_service - INFO -    Message: 🚨 Sales Alert: Sales for Mineral Water dropped by >60%!
2026-02-07 16:56:42,656 - app.services.notification_service - INFO - 🔔 [System Notification] Sales Alert: Sales for Whole Wheat Bread dropped by >60%! (Severity: high)
2026-02-07 16:56:42,657 - app.services.notification_service - INFO - 📱 [WhatsApp SIMULATION] From: whatsapp:+14155238886 -> To: +123456789
2026-02-07 16:56:42,657 - app.services.notification_service - INFO -    Message: 🚨 Sales Alert: Sales for Whole Wheat Bread dropped by >60%!
2026-02-07 16:56:42,661 - app.services.notification_service - INFO - 🔔 [System Notification] Sales Alert: Sales for Chocolate Muffin dropped by >60%! (Severity: high)
2026-02-07 16:56:42,662 - app.services.notification_service - INFO - 📱 [WhatsApp SIMULATION] From: whatsapp:+14155238886 -> To: +123456789
2026-02-07 16:56:42,662 - app.services.notification_service - INFO -    Message: 🚨 Sales Alert: Sales for Chocolate Muffin dropped by >60%!
2026-02-07 16:56:42,665 - app.services.notification_service - INFO - 🔔 [System Notification] Sales Alert: Sales for Mineral Water 600ml dropped by >60%! (Severity: high)
2026-02-07 16:56:42,666 - app.services.notification_service - INFO - 📱 [WhatsApp SIMULATION] From: whatsapp:+14155238886 -> To: +123456789
2026-02-07 16:56:42,666 - app.services.notification_service - INFO -    Message: 🚨 Sales Alert: Sales for Mineral Water 600ml dropped by >60%!
2026-02-07 16:56:42,685 - app.services.notification_service - INFO - 🔔 [System Notification] Sales Alert: Sales for Baby Spinach Mix dropped by >60%! (Severity: high)
2026-02-07 16:56:42,686 - app.services.notification_service - INFO - 📱 [WhatsApp SIMULATION] From: whatsapp:+14155238886 -> To: +123456789
2026-02-07 16:56:42,686 - app.services.notification_service - INFO -    Message: 🚨 Sales Alert: Sales for Baby Spinach Mix dropped by >60%!
2026-02-07 16:56:42,689 - app.services.notification_service - INFO - 🔔 [System Notification] Sales Alert: Sales for Tomatoes (500g) dropped by >60%! (Severity: high)
2026-02-07 16:56:42,689 - app.services.notification_service - INFO - 📱 [WhatsApp SIMULATION] From: whatsapp:+14155238886 -> To: +123456789
2026-02-07 16:56:42,690 - app.services.notification_service - INFO -    Message: 🚨 Sales Alert: Sales for Tomatoes (500g) dropped by >60%!
2026-02-07 16:56:42,702 - app.services.notification_service - INFO - 🔔 [System Notification] Sales Alert: Sales for Toilet Paper (12pk) dropped by >60%! (Severity: high)
2026-02-07 16:56:42,702 - app.services.notification_service - INFO - 📱 [WhatsApp SIMULATION] From: whatsapp:+14155238886 -> To: +123456789
2026-02-07 16:56:42,703 - app.services.notification_service - INFO -    Message: 🚨 Sales Alert: Sales for Toilet Paper (12pk) dropped by >60%!
2026-02-07 16:56:42,707 - app.services.notification_service - INFO - 🔔 [System Notification] Sales Alert: Sales for AA Batteries (4pk) dropped by >60%! (Severity: high)
2026-02-07 16:56:42,708 - app.services.notification_service - INFO - 📱 [WhatsApp SIMULATION] From: whatsapp:+14155238886 -> To: +123456789
2026-02-07 16:56:42,708 - app.services.notification_service - INFO -    Message: 🚨 Sales Alert: Sales for AA Batteries (4pk) dropped by >60%!
2026-02-07 16:56:42,712 - app.services.notification_service - INFO - 🔔 [System Notification] Sales Alert: Sales for Shampoo 400ml dropped by >60%! (Severity: high)
2026-02-07 16:56:42,712 - app.services.notification_service - INFO - 📱 [WhatsApp SIMULATION] From: whatsapp:+14155238886 -> To: +123456789
2026-02-07 16:56:42,713 - app.services.notification_service - INFO -    Message: 🚨 Sales Alert: Sales for Shampoo 400ml dropped by >60%!
2026-02-07 16:56:42,718 - app.services.notification_service - INFO - 🔔 [System Notification] Sales Alert: Sales for Hand Sanitizer dropped by >60%! (Severity: high)
2026-02-07 16:56:42,719 - app.services.notification_service - INFO - 📱 [WhatsApp SIMULATION] From: whatsapp:+14155238886 -> To: +123456789
2026-02-07 16:56:42,720 - app.services.notification_service - INFO -    Message: 🚨 Sales Alert: Sales for Hand Sanitizer dropped by >60%!
2026-02-07 16:56:42,725 - app.services.notification_service - INFO - 🔔 [System Notification] Sales Alert: Sales for Potato Chips (Salt) dropped by >60%! (Severity: high)
2026-02-07 16:56:42,726 - app.services.notification_service - INFO - 📱 [WhatsApp SIMULATION] From: whatsapp:+14155238886 -> To: +123456789
2026-02-07 16:56:42,727 - app.services.notification_service - INFO -    Message: 🚨 Sales Alert: Sales for Potato Chips (Salt) dropped by >60%!
2026-02-07 16:56:45,822 - app.services.notification_service - INFO - 🔔 [System Notification] Sales Alert: Sales for Toothbrush dropped by >60%! (Severity: high)
2026-02-07 16:56:45,822 - app.services.notification_service - INFO - 📱 [WhatsApp SIMULATION] From: whatsapp:+14155238886 -> To: +123456789
2026-02-07 16:56:45,823 - app.services.notification_service - INFO -    Message: 🚨 Sales Alert: Sales for Toothbrush dropped by >60%!
2026-02-07 16:56:45,824 - app.services.notification_service - INFO - 🔔 [System Notification] Sales Alert: Sales for Mineral Water dropped by >60%! (Severity: high)
2026-02-07 16:56:45,825 - app.services.notification_service - INFO - 📱 [WhatsApp SIMULATION] From: whatsapp:+14155238886 -> To: +123456789
2026-02-07 16:56:45,825 - app.services.notification_service - INFO -    Message: 🚨 Sales Alert: Sales for Mineral Water dropped by >60%!
2026-02-07 16:56:45,830 - app.services.notification_service - INFO - 🔔 [System Notification] Sales Alert: Sales for Whole Wheat Bread dropped by >60%! (Severity: high)
2026-02-07 16:56:45,830 - app.services.notification_service - INFO - 📱 [WhatsApp SIMULATION] From: whatsapp:+14155238886 -> To: +123456789
2026-02-07 16:56:45,830 - app.services.notification_service - INFO -    Message: 🚨 Sales Alert: Sales for Whole Wheat Bread dropped by >60%!
2026-02-07 16:56:45,832 - app.services.notification_service - INFO - 🔔 [System Notification] Sales Alert: Sales for Chocolate Muffin dropped by >60%! (Severity: high)
2026-02-07 16:56:45,832 - app.services.notification_service - INFO - 📱 [WhatsApp SIMULATION] From: whatsapp:+14155238886 -> To: +123456789
2026-02-07 16:56:45,832 - app.services.notification_service - INFO -    Message: 🚨 Sales Alert: Sales for Chocolate Muffin dropped by >60%!
2026-02-07 16:56:45,833 - app.services.notification_service - INFO - 🔔 [System Notification] Sales Alert: Sales for Mineral Water 600ml dropped by >60%! (Severity: high)
2026-02-07 16:56:45,833 - app.services.notification_service - INFO - 📱 [WhatsApp SIMULATION] From: whatsapp:+14155238886 -> To: +123456789
2026-02-07 16:56:45,833 - app.services.notification_service - INFO -    Message: 🚨 Sales Alert: Sales for Mineral Water 600ml dropped by >60%!
2026-02-07 16:56:45,837 - app.services.notification_service - INFO - 🔔 [System Notification] Sales Alert: Sales for Baby Spinach Mix dropped by >60%! (Severity: high)
2026-02-07 16:56:45,837 - app.services.notification_service - INFO - 📱 [WhatsApp SIMULATION] From: whatsapp:+14155238886 -> To: +123456789
2026-02-07 16:56:45,837 - app.services.notification_service - INFO -    Message: 🚨 Sales Alert: Sales for Baby Spinach Mix dropped by >60%!
2026-02-07 16:56:45,838 - app.services.notification_service - INFO - 🔔 [System Notification] Sales Alert: Sales for Tomatoes (500g) dropped by >60%! (Severity: high)
2026-02-07 16:56:45,838 - app.services.notification_service - INFO - 📱 [WhatsApp SIMULATION] From: whatsapp:+14155238886 -> To: +123456789
2026-02-07 16:56:45,838 - app.services.notification_service - INFO -    Message: 🚨 Sales Alert: Sales for Tomatoes (500g) dropped by >60%!
2026-02-07 16:56:45,841 - app.services.notification_service - INFO - 🔔 [System Notification] Sales Alert: Sales for Toilet Paper (12pk) dropped by >60%! (Severity: high)
2026-02-07 16:56:45,841 - app.services.notification_service - INFO - 📱 [WhatsApp SIMULATION] From: whatsapp:+14155238886 -> To: +123456789
2026-02-07 16:56:45,841 - app.services.notification_service - INFO -    Message: 🚨 Sales Alert: Sales for Toilet Paper (12pk) dropped by >60%!
2026-02-07 16:56:45,842 - app.services.notification_service - INFO - 🔔 [System Notification] Sales Alert: Sales for AA Batteries (4pk) dropped by >60%! (Severity: high)
2026-02-07 16:56:45,842 - app.services.notification_service - INFO - 📱 [WhatsApp SIMULATION] From: whatsapp:+14155238886 -> To: +123456789
2026-02-07 16:56:45,843 - app.services.notification_service - INFO -    Message: 🚨 Sales Alert: Sales for AA Batteries (4pk) dropped by >60%!
2026-02-07 16:56:45,844 - app.services.notification_service - INFO - 🔔 [System Notification] Sales Alert: Sales for Shampoo 400ml dropped by >60%! (Severity: high)
2026-02-07 16:56:45,845 - app.services.notification_service - INFO - 📱 [WhatsApp SIMULATION] From: whatsapp:+14155238886 -> To: +123456789
2026-02-07 16:56:45,845 - app.services.notification_service - INFO -    Message: 🚨 Sales Alert: Sales for Shampoo 400ml dropped by >60%!
2026-02-07 16:56:45,846 - app.services.notification_service - INFO - 🔔 [System Notification] Sales Alert: Sales for Hand Sanitizer dropped by >60%! (Severity: high)
2026-02-07 16:56:45,846 - app.services.notification_service - INFO - 📱 [WhatsApp SIMULATION] From: whatsapp:+14155238886 -> To: +123456789
2026-02-07 16:56:45,846 - app.services.notification_service - INFO -    Message: 🚨 Sales Alert: Sales for Hand Sanitizer dropped by >60%!
2026-02-07 16:56:45,846 - app.services.notification_service - INFO - 🔔 [System Notification] Sales Alert: Sales for Potato Chips (Salt) dropped by >60%! (Severity: high)
2026-02-07 16:56:45,847 - app.services.notification_service - INFO - 📱 [WhatsApp SIMULATION] From: whatsapp:+14155238886 -> To: +123456789
2026-02-07 16:56:45,847 - app.services.notification_service - INFO -    Message: 🚨 Sales Alert: Sales for Potato Chips (Salt) dropped by >60%!
2026-02-07 17:03:58,691 - app.services.notification_service - INFO - 🔔 [System Notification] Sales Alert: Sales for Toothbrush dropped by >60%! (Severity: high)
2026-02-07 17:03:58,691 - app.services.notification_service - INFO - 📱 [WhatsApp SIMULATION] From: whatsapp:+14155238886 -> To: +123456789
2026-02-07 17:03:58,692 - app.services.notification_service - INFO -    Message: 🚨 Sales Alert: Sales for Toothbrush dropped by >60%!
2026-02-07 17:03:58,696 - app.services.notification_service - INFO - 🔔 [System Notification] Sales Alert: Sales for Mineral Water dropped by >60%! (Severity: high)
2026-02-07 17:03:58,696 - app.services.notification_service - INFO - 📱 [WhatsApp SIMULATION] From: whatsapp:+14155238886 -> To: +123456789
2026-02-07 17:03:58,697 - app.services.notification_service - INFO -    Message: 🚨 Sales Alert: Sales for Mineral Water dropped by >60%!
2026-02-07 17:03:58,704 - app.services.notification_service - INFO - 🔔 [System Notification] Sales Alert: Sales for Whole Wheat Bread dropped by >60%! (Severity: high)
2026-02-07 17:03:58,705 - app.services.notification_service - INFO - 📱 [WhatsApp SIMULATION] From: whatsapp:+14155238886 -> To: +123456789
2026-02-07 17:03:58,705 - app.services.notification_service - INFO -    Message: 🚨 Sales Alert: Sales for Whole Wheat Bread dropped by >60%!
2026-02-07 17:03:58,709 - app.services.notification_service - INFO - 🔔 [System Notification] Sales Alert: Sales for Chocolate Muffin dropped by >60%! (Severity: high)
2026-02-07 17:03:58,710 - app.services.notification_service - INFO - 📱 [WhatsApp SIMULATION] From: whatsapp:+14155238886 -> To: +123456789
2026-02-07 17:03:58,710 - app.services.notification_service - INFO -    Message: 🚨 Sales Alert: Sales for Chocolate Muffin dropped by >60%!
2026-02-07 17:03:58,711 - app.services.notification_service - INFO - 🔔 [System Notification] Sales Alert: Sales for Mineral Water 600ml dropped by >60%! (Severity: high)
2026-02-07 17:03:58,711 - app.services.notification_service - INFO - 📱 [WhatsApp SIMULATION] From: whatsapp:+14155238886 -> To: +123456789
2026-02-07 17:03:58,711 - app.services.notification_service - INFO -    Message: 🚨 Sales Alert: Sales for Mineral Water 600ml dropped by >60%!
2026-02-07 17:03:58,718 - app.services.notification_service - INFO - 🔔 [System Notification] Sales Alert: Sales for Baby Spinach Mix dropped by >60%! (Severity: high)
2026-02-07 17:03:58,719 - app.services.notification_service - INFO - 📱 [WhatsApp SIMULATION] From: whatsapp:+14155238886 -> To: +123456789
2026-02-07 17:03:58,719 - app.services.notification_service - INFO -    Message: 🚨 Sales Alert: Sales for Baby Spinach Mix dropped by >60%!
2026-02-07 17:03:58,720 - app.services.notification_service - INFO - 🔔 [System Notification] Sales Alert: Sales for Tomatoes (500g) dropped by >60%! (Severity: high)
2026-02-07 17:03:58,720 - app.services.notification_service - INFO - 📱 [WhatsApp SIMULATION] From: whatsapp:+14155238886 -> To: +123456789
2026-02-07 17:03:58,720 - app.services.notification_service - INFO -    Message: 🚨 Sales Alert: Sales for Tomatoes (500g) dropped by >60%!
2026-02-07 17:03:58,729 - app.services.notification_service - INFO - 🔔 [System Notification] Sales Alert: Sales for Toilet Paper (12pk) dropped by >60%! (Severity: high)
2026-02-07 17:03:58,730 - app.services.notification_service - INFO - 📱 [WhatsApp SIMULATION] From: whatsapp:+14155238886 -> To: +123456789
2026-02-07 17:03:58,731 - app.services.notification_service - INFO -    Message: 🚨 Sales Alert: Sales for Toilet Paper (12pk) dropped by >60%!
2026-02-07 17:03:58,735 - app.services.notification_service - INFO - 🔔 [System Notification] Sales Alert: Sales for AA Batteries (4pk) dropped by >60%! (Severity: high)
2026-02-07 17:03:58,736 - app.services.notification_service - INFO - 📱 [WhatsApp SIMULATION] From: whatsapp:+14155238886 -> To: +123456789
2026-02-07 17:03:58,736 - app.services.notification_service - INFO -    Message: 🚨 Sales Alert: Sales for AA Batteries (4pk) dropped by >60%!
2026-02-07 17:03:58,740 - app.services.notification_service - INFO - 🔔 [System Notification] Sales Alert: Sales for Shampoo 400ml dropped by >60%! (Severity: high)
2026-02-07 17:03:58,740 - app.services.notification_service - INFO - 📱 [WhatsApp SIMULATION] From: whatsapp:+14155238886 -> To: +123456789
2026-02-07 17:03:58,741 - app.services.notification_service - INFO -    Message: 🚨 Sales Alert: Sales for Shampoo 400ml dropped by >60%!
2026-02-07 17:03:58,746 - app.services.notification_service - INFO - 🔔 [System Notification] Sales Alert: Sales for Hand Sanitizer dropped by >60%! (Severity: high)
2026-02-07 17:03:58,746 - app.services.notification_service - INFO - 📱 [WhatsApp SIMULATION] From: whatsapp:+14155238886 -> To: +123456789
2026-02-07 17:03:58,747 - app.services.notification_service - INFO -    Message: 🚨 Sales Alert: Sales for Hand Sanitizer dropped by >60%!
2026-02-07 17:03:58,749 - app.services.notification_service - INFO - 🔔 [System Notification] Sales Alert: Sales for Potato Chips (Salt) dropped by >60%! (Severity: high)
2026-02-07 17:03:58,750 - app.services.notification_service - INFO - 📱 [WhatsApp SIMULATION] From: whatsapp:+14155238886 -> To: +123456789
2026-02-07 17:03:58,751 - app.services.notification_service - INFO -    Message: 🚨 Sales Alert: Sales for Potato Chips (Salt) dropped by >60%!
2026-02-07 17:09:59,580 - app.services.notification_service - INFO - 🔔 [System Notification] Sales Alert: Sales for Toothbrush dropped by >60%! (Severity: high)
2026-02-07 17:09:59,581 - app.services.notification_service - INFO - 📱 [WhatsApp SIMULATION] From: whatsapp:+14155238886 -> To: +123456789
2026-02-07 17:09:59,581 - app.services.notification_service - INFO -    Message: 🚨 Sales Alert: Sales for Toothbrush dropped by >60%!
2026-02-07 17:09:59,582 - app.services.notification_service - INFO - 🔔 [System Notification] Sales Alert: Sales for Mineral Water dropped by >60%! (Severity: high)
2026-02-07 17:09:59,582 - app.services.notification_service - INFO - 📱 [WhatsApp SIMULATION] From: whatsapp:+14155238886 -> To: +123456789
2026-02-07 17:09:59,583 - app.services.notification_service - INFO -    Message: 🚨 Sales Alert: Sales for Mineral Water dropped by >60%!
2026-02-07 17:09:59,586 - app.services.notification_service - INFO - 🔔 [System Notification] Sales Alert: Sales for Whole Wheat Bread dropped by >60%! (Severity: high)
2026-02-07 17:09:59,586 - app.services.notification_service - INFO - 📱 [WhatsApp SIMULATION] From: whatsapp:+14155238886 -> To: +123456789
2026-02-07 17:09:59,586 - app.services.notification_service - INFO -    Message: 🚨 Sales Alert: Sales for Whole Wheat Bread dropped by >60%!
2026-02-07 17:09:59,587 - app.services.notification_service - INFO - 🔔 [System Notification] Sales Alert: Sales for Chocolate Muffin dropped by >60%! (Severity: high)
2026-02-07 17:09:59,587 - app.services.notification_service - INFO - 📱 [WhatsApp SIMULATION] From: whatsapp:+14155238886 -> To: +123456789
2026-02-07 17:09:59,587 - app.services.notification_service - INFO -    Message: 🚨 Sales Alert: Sales for Chocolate Muffin dropped by >60%!
2026-02-07 17:09:59,588 - app.services.notification_service - INFO - 🔔 [System Notification] Sales Alert: Sales for Mineral Water 600ml dropped by >60%! (Severity: high)
2026-02-07 17:09:59,588 - app.services.notification_service - INFO - 📱 [WhatsApp SIMULATION] From: whatsapp:+14155238886 -> To: +123456789
2026-02-07 17:09:59,588 - app.services.notification_service - INFO -    Message: 🚨 Sales Alert: Sales for Mineral Water 600ml dropped by >60%!
2026-02-07 17:09:59,592 - app.services.notification_service - INFO - 🔔 [System Notification] Sales Alert: Sales for Baby Spinach Mix dropped by >60%! (Severity: high)
2026-02-07 17:09:59,592 - app.services.notification_service - INFO - 📱 [WhatsApp SIMULATION] From: whatsapp:+14155238886 -> To: +123456789
2026-02-07 17:09:59,592 - app.services.notification_service - INFO -    Message: 🚨 Sales Alert: Sales for Baby Spinach Mix dropped by >60%!
2026-02-07 17:09:59,593 - app.services.notification_service - INFO - 🔔 [System Notification] Sales Alert: Sales for Tomatoes (500g) dropped by >60%! (Severity: high)
2026-02-07 17:09:59,593 - app.services.notification_service - INFO - 📱 [WhatsApp SIMULATION] From: whatsapp:+14155238886 -> To: +123456789
2026-02-07 17:09:59,593 - app.services.notification_service - INFO -    Message: 🚨 Sales Alert: Sales for Tomatoes (500g) dropped by >60%!
2026-02-07 17:09:59,597 - app.services.notification_service - INFO - 🔔 [System Notification] Sales Alert: Sales for Toilet Paper (12pk) dropped by >60%! (Severity: high)
2026-02-07 17:09:59,597 - app.services.notification_service - INFO - 📱 [WhatsApp SIMULATION] From: whatsapp:+14155238886 -> To: +123456789
2026-02-07 17:09:59,597 - app.services.notification_service - INFO -    Message: 🚨 Sales Alert: Sales for Toilet Paper (12pk) dropped by >60%!
2026-02-07 17:09:59,598 - app.services.notification_service - INFO - 🔔 [System Notification] Sales Alert: Sales for Laundry Detergent 2L dropped by >60%! (Severity: high)
2026-02-07 17:09:59,598 - app.services.notification_service - INFO - 📱 [WhatsApp SIMULATION] From: whatsapp:+14155238886 -> To: +123456789
2026-02-07 17:09:59,598 - app.services.notification_service - INFO -    Message: 🚨 Sales Alert: Sales for Laundry Detergent 2L dropped by >60%!
2026-02-07 17:09:59,599 - app.services.notification_service - INFO - 🔔 [System Notification] Sales Alert: Sales for AA Batteries (4pk) dropped by >60%! (Severity: high)
2026-02-07 17:09:59,599 - app.services.notification_service - INFO - 📱 [WhatsApp SIMULATION] From: whatsapp:+14155238886 -> To: +123456789
2026-02-07 17:09:59,600 - app.services.notification_service - INFO -    Message: 🚨 Sales Alert: Sales for AA Batteries (4pk) dropped by >60%!
2026-02-07 17:09:59,601 - app.services.notification_service - INFO - 🔔 [System Notification] Sales Alert: Sales for Shampoo 400ml dropped by >60%! (Severity: high)
2026-02-07 17:09:59,601 - app.services.notification_service - INFO - 📱 [WhatsApp SIMULATION] From: whatsapp:+14155238886 -> To: +123456789
2026-02-07 17:09:59,601 - app.services.notification_service - INFO -    Message: 🚨 Sales Alert: Sales for Shampoo 400ml dropped by >60%!
2026-02-07 17:09:59,602 - app.services.notification_service - INFO - 🔔 [System Notification] Sales Alert: Sales for Hand Sanitizer dropped by >60%! (Severity: high)
2026-02-07 17:09:59,602 - app.services.notification_service - INFO - 📱 [WhatsApp SIMULATION] From: whatsapp:+14155238886 -> To: +123456789
2026-02-07 17:09:59,602 - app.services.notification_service - INFO -    Message: 🚨 Sales Alert: Sales for Hand Sanitizer dropped by >60%!
2026-02-07 17:09:59,603 - app.services.notification_service - INFO - 🔔 [System Notification] Sales Alert: Sales for Potato Chips (Salt) dropped by >60%! (Severity: high)
2026-02-07 17:09:59,603 - app.services.notification_service - INFO - 📱 [WhatsApp SIMULATION] From: whatsapp:+14155238886 -> To: +123456789
2026-02-07 17:09:59,603 - app.services.notification_service - INFO -    Message: 🚨 Sales Alert: Sales for Potato Chips (Salt) dropped by >60%!
2026-02-07 17:20:21,292 - app.services.notification_service - INFO - 🔔 [System Notification] Sales Alert: Sales for Mineral Water dropped by >60%! (Severity: high)
2026-02-07 17:20:21,293 - app.services.notification_service - INFO - 📱 [WhatsApp SIMULATION] From: whatsapp:+14155238886 -> To: +123456789
2026-02-07 17:20:21,293 - app.services.notification_service - INFO -    Message: 🚨 Sales Alert: Sales for Mineral Water dropped by >60%!
2026-02-07 17:20:21,303 - app.services.notification_service - INFO - 🔔 [System Notification] Sales Alert: Sales for Whole Wheat Bread dropped by >60%! (Severity: high)
2026-02-07 17:20:21,304 - app.services.notification_service - INFO - 📱 [WhatsApp SIMULATION] From: whatsapp:+14155238886 -> To: +123456789
2026-02-07 17:20:21,305 - app.services.notification_service - INFO -    Message: 🚨 Sales Alert: Sales for Whole Wheat Bread dropped by >60%!
2026-02-07 17:20:21,311 - app.services.notification_service - INFO - 🔔 [System Notification] Sales Alert: Sales for Chocolate Muffin dropped by >60%! (Severity: high)
2026-02-07 17:20:21,312 - app.services.notification_service - INFO - 📱 [WhatsApp SIMULATION] From: whatsapp:+14155238886 -> To: +123456789
2026-02-07 17:20:21,313 - app.services.notification_service - INFO -    Message: 🚨 Sales Alert: Sales for Chocolate Muffin dropped by >60%!
2026-02-07 17:20:21,316 - app.services.notification_service - INFO - 🔔 [System Notification] Sales Alert: Sales for Mineral Water 600ml dropped by >60%! (Severity: high)
2026-02-07 17:20:21,317 - app.services.notification_service - INFO - 📱 [WhatsApp SIMULATION] From: whatsapp:+14155238886 -> To: +123456789
2026-02-07 17:20:21,318 - app.services.notification_service - INFO -    Message: 🚨 Sales Alert: Sales for Mineral Water 600ml dropped by >60%!
2026-02-07 17:20:21,332 - app.services.notification_service - INFO - 🔔 [System Notification] Sales Alert: Sales for Baby Spinach Mix dropped by >60%! (Severity: high)
2026-02-07 17:20:21,332 - app.services.notification_service - INFO - 📱 [WhatsApp SIMULATION] From: whatsapp:+14155238886 -> To: +123456789
2026-02-07 17:20:21,333 - app.services.notification_service - INFO -    Message: 🚨 Sales Alert: Sales for Baby Spinach Mix dropped by >60%!
2026-02-07 17:20:21,336 - app.services.notification_service - INFO - 🔔 [System Notification] Sales Alert: Sales for Tomatoes (500g) dropped by >60%! (Severity: high)
2026-02-07 17:20:21,336 - app.services.notification_service - INFO - 📱 [WhatsApp SIMULATION] From: whatsapp:+14155238886 -> To: +123456789
2026-02-07 17:20:21,337 - app.services.notification_service - INFO -    Message: 🚨 Sales Alert: Sales for Tomatoes (500g) dropped by >60%!
2026-02-07 17:20:21,352 - app.services.notification_service - INFO - 🔔 [System Notification] Sales Alert: Sales for Toilet Paper (12pk) dropped by >60%! (Severity: high)
2026-02-07 17:20:21,353 - app.services.notification_service - INFO - 📱 [WhatsApp SIMULATION] From: whatsapp:+14155238886 -> To: +123456789
2026-02-07 17:20:21,353 - app.services.notification_service - INFO -    Message: 🚨 Sales Alert: Sales for Toilet Paper (12pk) dropped by >60%!
2026-02-07 17:20:21,356 - app.services.notification_service - INFO - 🔔 [System Notification] Sales Alert: Sales for Laundry Detergent 2L dropped by >60%! (Severity: high)
2026-02-07 17:20:21,356 - app.services.notification_service - INFO - 📱 [WhatsApp SIMULATION] From: whatsapp:+14155238886 -> To: +123456789
2026-02-07 17:20:21,357 - app.services.notification_service - INFO -    Message: 🚨 Sales Alert: Sales for Laundry Detergent 2L dropped by >60%!
2026-02-07 17:20:21,360 - app.services.notification_service - INFO - 🔔 [System Notification] Sales Alert: Sales for AA Batteries (4pk) dropped by >60%! (Severity: high)
2026-02-07 17:20:21,361 - app.services.notification_service - INFO - 📱 [WhatsApp SIMULATION] From: whatsapp:+14155238886 -> To: +123456789
2026-02-07 17:20:21,361 - app.services.notification_service - INFO -    Message: 🚨 Sales Alert: Sales for AA Batteries (4pk) dropped by >60%!
2026-02-07 17:20:21,365 - app.services.notification_service - INFO - 🔔 [System Notification] Sales Alert: Sales for Shampoo 400ml dropped by >60%! (Severity: high)
2026-02-07 17:20:21,366 - app.services.notification_service - INFO - 📱 [WhatsApp SIMULATION] From: whatsapp:+14155238886 -> To: +123456789
2026-02-07 17:20:21,366 - app.services.notification_service - INFO -    Message: 🚨 Sales Alert: Sales for Shampoo 400ml dropped by >60%!
2026-02-07 17:20:21,370 - app.services.notification_service - INFO - 🔔 [System Notification] Sales Alert: Sales for Hand Sanitizer dropped by >60%! (Severity: high)
2026-02-07 17:20:21,371 - app.services.notification_service - INFO - 📱 [WhatsApp SIMULATION] From: whatsapp:+14155238886 -> To: +123456789
2026-02-07 17:20:21,371 - app.services.notification_service - INFO -    Message: 🚨 Sales Alert: Sales for Hand Sanitizer dropped by >60%!
2026-02-07 17:20:21,374 - app.services.notification_service - INFO - 🔔 [System Notification] Sales Alert: Sales for Potato Chips (Salt) dropped by >60%! (Severity: high)
2026-02-07 17:20:21,374 - app.services.notification_service - INFO - 📱 [WhatsApp SIMULATION] From: whatsapp:+14155238886 -> To: +123456789
2026-02-07 17:20:21,375 - app.services.notification_service - INFO -    Message: 🚨 Sales Alert: Sales for Potato Chips (Salt) dropped by >60%!
2026-02-07 17:20:44,685 - app.services.notification_service - INFO - 🔔 [System Notification] Sales Alert: Sales for Mineral Water dropped by >60%! (Severity: high)
2026-02-07 17:20:44,686 - app.services.notification_service - INFO - 📱 [WhatsApp SIMULATION] From: whatsapp:+14155238886 -> To: +123456789
2026-02-07 17:20:44,686 - app.services.notification_service - INFO -    Message: 🚨 Sales Alert: Sales for Mineral Water dropped by >60%!
2026-02-07 17:20:44,689 - app.services.notification_service - INFO - 🔔 [System Notification] Sales Alert: Sales for Whole Wheat Bread dropped by >60%! (Severity: high)
2026-02-07 17:20:44,689 - app.services.notification_service - INFO - 📱 [WhatsApp SIMULATION] From: whatsapp:+14155238886 -> To: +123456789
2026-02-07 17:20:44,689 - app.services.notification_service - INFO -    Message: 🚨 Sales Alert: Sales for Whole Wheat Bread dropped by >60%!
2026-02-07 17:20:44,691 - app.services.notification_service - INFO - 🔔 [System Notification] Sales Alert: Sales for Chocolate Muffin dropped by >60%! (Severity: high)
2026-02-07 17:20:44,691 - app.services.notification_service - INFO - 📱 [WhatsApp SIMULATION] From: whatsapp:+14155238886 -> To: +123456789
2026-02-07 17:20:44,691 - app.services.notification_service - INFO -    Message: 🚨 Sales Alert: Sales for Chocolate Muffin dropped by >60%!
2026-02-07 17:20:44,692 - app.services.notification_service - INFO - 🔔 [System Notification] Sales Alert: Sales for Mineral Water 600ml dropped by >60%! (Severity: high)
2026-02-07 17:20:44,692 - app.services.notification_service - INFO - 📱 [WhatsApp SIMULATION] From: whatsapp:+14155238886 -> To: +123456789
2026-02-07 17:20:44,693 - app.services.notification_service - INFO -    Message: 🚨 Sales Alert: Sales for Mineral Water 600ml dropped by >60%!
2026-02-07 17:20:44,702 - app.services.notification_service - INFO - 🔔 [System Notification] Sales Alert: Sales for Baby Spinach Mix dropped by >60%! (Severity: high)
2026-02-07 17:20:44,702 - app.services.notification_service - INFO - 📱 [WhatsApp SIMULATION] From: whatsapp:+14155238886 -> To: +123456789
2026-02-07 17:20:44,702 - app.services.notification_service - INFO -    Message: 🚨 Sales Alert: Sales for Baby Spinach Mix dropped by >60%!
2026-02-07 17:20:44,704 - app.services.notification_service - INFO - 🔔 [System Notification] Sales Alert: Sales for Tomatoes (500g) dropped by >60%! (Severity: high)
2026-02-07 17:20:44,705 - app.services.notification_service - INFO - 📱 [WhatsApp SIMULATION] From: whatsapp:+14155238886 -> To: +123456789
2026-02-07 17:20:44,705 - app.services.notification_service - INFO -    Message: 🚨 Sales Alert: Sales for Tomatoes (500g) dropped by >60%!
2026-02-07 17:20:44,709 - app.services.notification_service - INFO - 🔔 [System Notification] Sales Alert: Sales for Toilet Paper (12pk) dropped by >60%! (Severity: high)
2026-02-07 17:20:44,710 - app.services.notification_service - INFO - 📱 [WhatsApp SIMULATION] From: whatsapp:+14155238886 -> To: +123456789
2026-02-07 17:20:44,710 - app.services.notification_service - INFO -    Message: 🚨 Sales Alert: Sales for Toilet Paper (12pk) dropped by >60%!
2026-02-07 17:20:44,711 - app.services.notification_service - INFO - 🔔 [System Notification] Sales Alert: Sales for Laundry Detergent 2L dropped by >60%! (Severity: high)
2026-02-07 17:20:44,712 - app.services.notification_service - INFO - 📱 [WhatsApp SIMULATION] From: whatsapp:+14155238886 -> To: +123456789
2026-02-07 17:20:44,712 - app.services.notification_service - INFO -    Message: 🚨 Sales Alert: Sales for Laundry Detergent 2L dropped by >60%!
2026-02-07 17:20:44,714 - app.services.notification_service - INFO - 🔔 [System Notification] Sales Alert: Sales for AA Batteries (4pk) dropped by >60%! (Severity: high)
2026-02-07 17:20:44,714 - app.services.notification_service - INFO - 📱 [WhatsApp SIMULATION] From: whatsapp:+14155238886 -> To: +123456789
2026-02-07 17:20:44,714 - app.services.notification_service - INFO -    Message: 🚨 Sales Alert: Sales for AA Batteries (4pk) dropped by >60%!
2026-02-07 17:20:44,715 - app.services.notification_service - INFO - 🔔 [System Notification] Sales Alert: Sales for Shampoo 400ml dropped by >60%! (Severity: high)
2026-02-07 17:20:44,716 - app.services.notification_service - INFO - 📱 [WhatsApp SIMULATION] From: whatsapp:+14155238886 -> To: +123456789
2026-02-07 17:20:44,716 - app.services.notification_service - INFO -    Message: 🚨 Sales Alert: Sales for Shampoo 400ml dropped by >60%!
2026-02-07 17:20:44,717 - app.services.notification_service - INFO - 🔔 [System Notification] Sales Alert: Sales for Hand Sanitizer dropped by >60%! (Severity: high)
2026-02-07 17:20:44,717 - app.services.notification_service - INFO - 📱 [WhatsApp SIMULATION] From: whatsapp:+14155238886 -> To: +123456789
2026-02-07 17:20:44,717 - app.services.notification_service - INFO -    Message: 🚨 Sales Alert: Sales for Hand Sanitizer dropped by >60%!
2026-02-07 17:20:44,718 - app.services.notification_service - INFO - 🔔 [System Notification] Sales Alert: Sales for Potato Chips (Salt) dropped by >60%! (Severity: high)
2026-02-07 17:20:44,718 - app.services.notification_service - INFO - 📱 [WhatsApp SIMULATION] From: whatsapp:+14155238886 -> To: +123456789
2026-02-07 17:20:44,718 - app.services.notification_service - INFO -    Message: 🚨 Sales Alert: Sales for Potato Chips (Salt) dropped by >60%!
2026-02-07 17:21:11,634 - app.services.notification_service - INFO - 🔔 [System Notification] Sales Alert: Sales for Mineral Water dropped by >60%! (Severity: high)
2026-02-07 17:21:11,635 - app.services.notification_service - INFO - 📱 [WhatsApp SIMULATION] From: whatsapp:+14155238886 -> To: +123456789
2026-02-07 17:21:11,635 - app.services.notification_service - INFO -    Message: 🚨 Sales Alert: Sales for Mineral Water dropped by >60%!
2026-02-07 17:21:11,644 - app.services.notification_service - INFO - 🔔 [System Notification] Sales Alert: Sales for Whole Wheat Bread dropped by >60%! (Severity: high)
2026-02-07 17:21:11,645 - app.services.notification_service - INFO - 📱 [WhatsApp SIMULATION] From: whatsapp:+14155238886 -> To: +123456789
2026-02-07 17:21:11,645 - app.services.notification_service - INFO -    Message: 🚨 Sales Alert: Sales for Whole Wheat Bread dropped by >60%!
2026-02-07 17:21:11,649 - app.services.notification_service - INFO - 🔔 [System Notification] Sales Alert: Sales for Chocolate Muffin dropped by >60%! (Severity: high)
2026-02-07 17:21:11,650 - app.services.notification_service - INFO - 📱 [WhatsApp SIMULATION] From: whatsapp:+14155238886 -> To: +123456789
2026-02-07 17:21:11,650 - app.services.notification_service - INFO -    Message: 🚨 Sales Alert: Sales for Chocolate Muffin dropped by >60%!
2026-02-07 17:21:11,652 - app.services.notification_service - INFO - 🔔 [System Notification] Sales Alert: Sales for Mineral Water 600ml dropped by >60%! (Severity: high)
2026-02-07 17:21:11,652 - app.services.notification_service - INFO - 📱 [WhatsApp SIMULATION] From: whatsapp:+14155238886 -> To: +123456789
2026-02-07 17:21:11,653 - app.services.notification_service - INFO -    Message: 🚨 Sales Alert: Sales for Mineral Water 600ml dropped by >60%!
2026-02-07 17:21:11,661 - app.services.notification_service - INFO - 🔔 [System Notification] Sales Alert: Sales for Baby Spinach Mix dropped by >60%! (Severity: high)
2026-02-07 17:21:11,662 - app.services.notification_service - INFO - 📱 [WhatsApp SIMULATION] From: whatsapp:+14155238886 -> To: +123456789
2026-02-07 17:21:11,662 - app.services.notification_service - INFO -    Message: 🚨 Sales Alert: Sales for Baby Spinach Mix dropped by >60%!
2026-02-07 17:21:11,663 - app.services.notification_service - INFO - 🔔 [System Notification] Sales Alert: Sales for Tomatoes (500g) dropped by >60%! (Severity: high)
2026-02-07 17:21:11,663 - app.services.notification_service - INFO - 📱 [WhatsApp SIMULATION] From: whatsapp:+14155238886 -> To: +123456789
2026-02-07 17:21:11,663 - app.services.notification_service - INFO -    Message: 🚨 Sales Alert: Sales for Tomatoes (500g) dropped by >60%!
2026-02-07 17:21:11,669 - app.services.notification_service - INFO - 🔔 [System Notification] Sales Alert: Sales for Toilet Paper (12pk) dropped by >60%! (Severity: high)
2026-02-07 17:21:11,669 - app.services.notification_service - INFO - 📱 [WhatsApp SIMULATION] From: whatsapp:+14155238886 -> To: +123456789
2026-02-07 17:21:11,669 - app.services.notification_service - INFO -    Message: 🚨 Sales Alert: Sales for Toilet Paper (12pk) dropped by >60%!
2026-02-07 17:21:11,671 - app.services.notification_service - INFO - 🔔 [System Notification] Sales Alert: Sales for Laundry Detergent 2L dropped by >60%! (Severity: high)
2026-02-07 17:21:11,671 - app.services.notification_service - INFO - 📱 [WhatsApp SIMULATION] From: whatsapp:+14155238886 -> To: +123456789
2026-02-07 17:21:11,671 - app.services.notification_service - INFO -    Message: 🚨 Sales Alert: Sales for Laundry Detergent 2L dropped by >60%!
2026-02-07 17:21:11,673 - app.services.notification_service - INFO - 🔔 [System Notification] Sales Alert: Sales for AA Batteries (4pk) dropped by >60%! (Severity: high)
2026-02-07 17:21:11,673 - app.services.notification_service - INFO - 📱 [WhatsApp SIMULATION] From: whatsapp:+14155238886 -> To: +123456789
2026-02-07 17:21:11,673 - app.services.notification_service - INFO -    Message: 🚨 Sales Alert: Sales for AA Batteries (4pk) dropped by >60%!
2026-02-07 17:21:11,677 - app.services.notification_service - INFO - 🔔 [System Notification] Sales Alert: Sales for Shampoo 400ml dropped by >60%! (Severity: high)
2026-02-07 17:21:11,677 - app.services.notification_service - INFO - 📱 [WhatsApp SIMULATION] From: whatsapp:+14155238886 -> To: +123456789
2026-02-07 17:21:11,678 - app.services.notification_service - INFO -    Message: 🚨 Sales Alert: Sales for Shampoo 400ml dropped by >60%!
2026-02-07 17:21:11,682 - app.services.notification_service - INFO - 🔔 [System Notification] Sales Alert: Sales for Hand Sanitizer dropped by >60%! (Severity: high)
2026-02-07 17:21:11,682 - app.services.notification_service - INFO - 📱 [WhatsApp SIMULATION] From: whatsapp:+14155238886 -> To: +123456789
2026-02-07 17:21:11,683 - app.services.notification_service - INFO -    Message: 🚨 Sales Alert: Sales for Hand Sanitizer dropped by >60%!
2026-02-07 17:21:11,685 - app.services.notification_service - INFO - 🔔 [System Notification] Sales Alert: Sales for Potato Chips (Salt) dropped by >60%! (Severity: high)
2026-02-07 17:21:11,685 - app.services.notification_service - INFO - 📱 [WhatsApp SIMULATION] From: whatsapp:+14155238886 -> To: +123456789
2026-02-07 17:21:11,686 - app.services.notification_service - INFO -    Message: 🚨 Sales Alert: Sales for Potato Chips (Salt) dropped by >60%!
2026-02-11 09:09:51,290 - app.services.notification_service - INFO - 🔔 [System Notification] Sales Alert: Sales for Banana dropped by >60%! (Severity: high)
2026-02-11 09:09:51,291 - app.services.notification_service - INFO - 📱 [WhatsApp SIMULATION] From: whatsapp:+14155238886 -> To: +123456789
2026-02-11 09:09:51,291 - app.services.notification_service - INFO -    Message: 🚨 Sales Alert: Sales for Banana dropped by >60%!
2026-02-11 09:09:51,292 - app.services.notification_service - INFO - 🔔 [System Notification] Sales Alert: Sales for Blueberries dropped by >60%! (Severity: high)
2026-02-11 09:09:51,292 - app.services.notification_service - INFO - 📱 [WhatsApp SIMULATION] From: whatsapp:+14155238886 -> To: +123456789
2026-02-11 09:09:51,292 - app.services.notification_service - INFO -    Message: 🚨 Sales Alert: Sales for Blueberries dropped by >60%!
2026-02-11 09:09:51,294 - app.services.notification_service - INFO - 🔔 [System Notification] Sales Alert: Sales for Toothpaste dropped by >60%! (Severity: high)
2026-02-11 09:09:51,294 - app.services.notification_service - INFO - 📱 [WhatsApp SIMULATION] From: whatsapp:+14155238886 -> To: +123456789
2026-02-11 09:09:51,294 - app.services.notification_service - INFO -    Message: 🚨 Sales Alert: Sales for Toothpaste dropped by >60%!
2026-02-11 09:09:51,295 - app.services.notification_service - INFO - 🔔 [System Notification] Sales Alert: Sales for Mineral Water dropped by >60%! (Severity: high)
2026-02-11 09:09:51,295 - app.services.notification_service - INFO - 📱 [WhatsApp SIMULATION] From: whatsapp:+14155238886 -> To: +123456789
2026-02-11 09:09:51,296 - app.services.notification_service - INFO -    Message: 🚨 Sales Alert: Sales for Mineral Water dropped by >60%!
2026-02-11 09:09:51,298 - app.services.notification_service - INFO - 🔔 [System Notification] Sales Alert: Sales for Fries dropped by >60%! (Severity: high)
2026-02-11 09:09:51,298 - app.services.notification_service - INFO - 📱 [WhatsApp SIMULATION] From: whatsapp:+14155238886 -> To: +123456789
2026-02-11 09:09:51,298 - app.services.notification_service - INFO -    Message: 🚨 Sales Alert: Sales for Fries dropped by >60%!
2026-02-11 09:09:51,299 - app.services.notification_service - INFO - 🔔 [System Notification] Sales Alert: Sales for Fresh Milk 1L dropped by >60%! (Severity: high)
2026-02-11 09:09:51,299 - app.services.notification_service - INFO - 📱 [WhatsApp SIMULATION] From: whatsapp:+14155238886 -> To: +123456789
2026-02-11 09:09:51,299 - app.services.notification_service - INFO -    Message: 🚨 Sales Alert: Sales for Fresh Milk 1L dropped by >60%!
2026-02-11 09:09:51,300 - app.services.notification_service - INFO - 🔔 [System Notification] Sales Alert: Sales for Cheddar CheeseBlock dropped by >60%! (Severity: high)
2026-02-11 09:09:51,300 - app.services.notification_service - INFO - 📱 [WhatsApp SIMULATION] From: whatsapp:+14155238886 -> To: +123456789
2026-02-11 09:09:51,300 - app.services.notification_service - INFO -    Message: 🚨 Sales Alert: Sales for Cheddar CheeseBlock dropped by >60%!
2026-02-11 09:09:51,301 - app.services.notification_service - INFO - 🔔 [System Notification] Sales Alert: Sales for Greek Yogurt 500g dropped by >60%! (Severity: high)
2026-02-11 09:09:51,301 - app.services.notification_service - INFO - 📱 [WhatsApp SIMULATION] From: whatsapp:+14155238886 -> To: +123456789
2026-02-11 09:09:51,301 - app.services.notification_service - INFO -    Message: 🚨 Sales Alert: Sales for Greek Yogurt 500g dropped by >60%!
2026-02-11 09:09:51,302 - app.services.notification_service - INFO - 🔔 [System Notification] Sales Alert: Sales for Salted Butter dropped by >60%! (Severity: high)
2026-02-11 09:09:51,302 - app.services.notification_service - INFO - 📱 [WhatsApp SIMULATION] From: whatsapp:+14155238886 -> To: +123456789
2026-02-11 09:09:51,302 - app.services.notification_service - INFO -    Message: 🚨 Sales Alert: Sales for Salted Butter dropped by >60%!
2026-02-11 09:09:51,303 - app.services.notification_service - INFO - 🔔 [System Notification] Sales Alert: Sales for Whole Wheat Bread dropped by >60%! (Severity: high)
2026-02-11 09:09:51,303 - app.services.notification_service - INFO - 📱 [WhatsApp SIMULATION] From: whatsapp:+14155238886 -> To: +123456789
2026-02-11 09:09:51,304 - app.services.notification_service - INFO -    Message: 🚨 Sales Alert: Sales for Whole Wheat Bread dropped by >60%!
2026-02-11 09:09:51,306 - app.services.notification_service - INFO - 🔔 [System Notification] Sales Alert: Sales for Croissant (Pack of 4) dropped by >60%! (Severity: high)
2026-02-11 09:09:51,306 - app.services.notification_service - INFO - 📱 [WhatsApp SIMULATION] From: whatsapp:+14155238886 -> To: +123456789
2026-02-11 09:09:51,306 - app.services.notification_service - INFO -    Message: 🚨 Sales Alert: Sales for Croissant (Pack of 4) dropped by >60%!
2026-02-11 09:09:51,307 - app.services.notification_service - INFO - 🔔 [System Notification] Sales Alert: Sales for Bagels (Pack of 6) dropped by >60%! (Severity: high)
2026-02-11 09:09:51,307 - app.services.notification_service - INFO - 📱 [WhatsApp SIMULATION] From: whatsapp:+14155238886 -> To: +123456789
2026-02-11 09:09:51,307 - app.services.notification_service - INFO -    Message: 🚨 Sales Alert: Sales for Bagels (Pack of 6) dropped by >60%!
2026-02-11 09:09:51,308 - app.services.notification_service - INFO - 🔔 [System Notification] Sales Alert: Sales for Chocolate Muffin dropped by >60%! (Severity: high)
2026-02-11 09:09:51,308 - app.services.notification_service - INFO - 📱 [WhatsApp SIMULATION] From: whatsapp:+14155238886 -> To: +123456789
2026-02-11 09:09:51,308 - app.services.notification_service - INFO -    Message: 🚨 Sales Alert: Sales for Chocolate Muffin dropped by >60%!
2026-02-11 09:09:51,309 - app.services.notification_service - INFO - 🔔 [System Notification] Sales Alert: Sales for Mineral Water 600ml dropped by >60%! (Severity: high)
2026-02-11 09:09:51,309 - app.services.notification_service - INFO - 📱 [WhatsApp SIMULATION] From: whatsapp:+14155238886 -> To: +123456789
2026-02-11 09:09:51,310 - app.services.notification_service - INFO -    Message: 🚨 Sales Alert: Sales for Mineral Water 600ml dropped by >60%!
2026-02-11 09:09:51,311 - app.services.notification_service - INFO - 🔔 [System Notification] Sales Alert: Sales for Orange Juice 1L dropped by >60%! (Severity: high)
2026-02-11 09:09:51,311 - app.services.notification_service - INFO - 📱 [WhatsApp SIMULATION] From: whatsapp:+14155238886 -> To: +123456789
2026-02-11 09:09:51,311 - app.services.notification_service - INFO -    Message: 🚨 Sales Alert: Sales for Orange Juice 1L dropped by >60%!
2026-02-11 09:09:51,312 - app.services.notification_service - INFO - 🔔 [System Notification] Sales Alert: Sales for Cola Can 330ml dropped by >60%! (Severity: high)
2026-02-11 09:09:51,313 - app.services.notification_service - INFO - 📱 [WhatsApp SIMULATION] From: whatsapp:+14155238886 -> To: +123456789
2026-02-11 09:09:51,313 - app.services.notification_service - INFO -    Message: 🚨 Sales Alert: Sales for Cola Can 330ml dropped by >60%!
2026-02-11 09:09:51,314 - app.services.notification_service - INFO - 🔔 [System Notification] Sales Alert: Sales for Craft Beer IPA dropped by >60%! (Severity: high)
2026-02-11 09:09:51,314 - app.services.notification_service - INFO - 📱 [WhatsApp SIMULATION] From: whatsapp:+14155238886 -> To: +123456789
2026-02-11 09:09:51,314 - app.services.notification_service - INFO -    Message: 🚨 Sales Alert: Sales for Craft Beer IPA dropped by >60%!
2026-02-11 09:09:51,315 - app.services.notification_service - INFO - 🔔 [System Notification] Sales Alert: Sales for Red Wine (Cab Sauv) dropped by >60%! (Severity: high)
2026-02-11 09:09:51,315 - app.services.notification_service - INFO - 📱 [WhatsApp SIMULATION] From: whatsapp:+14155238886 -> To: +123456789
2026-02-11 09:09:51,315 - app.services.notification_service - INFO -    Message: 🚨 Sales Alert: Sales for Red Wine (Cab Sauv) dropped by >60%!
2026-02-11 09:09:51,316 - app.services.notification_service - INFO - 🔔 [System Notification] Sales Alert: Sales for Energy Drink dropped by >60%! (Severity: high)
2026-02-11 09:09:51,316 - app.services.notification_service - INFO - 📱 [WhatsApp SIMULATION] From: whatsapp:+14155238886 -> To: +123456789
2026-02-11 09:09:51,316 - app.services.notification_service - INFO -    Message: 🚨 Sales Alert: Sales for Energy Drink dropped by >60%!
2026-02-11 09:09:51,317 - app.services.notification_service - INFO - 🔔 [System Notification] Sales Alert: Sales for Banana (Bunch) dropped by >60%! (Severity: high)
2026-02-11 09:09:51,318 - app.services.notification_service - INFO - 📱 [WhatsApp SIMULATION] From: whatsapp:+14155238886 -> To: +123456789
2026-02-11 09:09:51,318 - app.services.notification_service - INFO -    Message: 🚨 Sales Alert: Sales for Banana (Bunch) dropped by >60%!
2026-02-11 09:09:51,319 - app.services.notification_service - INFO - 🔔 [System Notification] Sales Alert: Sales for Gala Apples (1kg) dropped by >60%! (Severity: high)
2026-02-11 09:09:51,319 - app.services.notification_service - INFO - 📱 [WhatsApp SIMULATION] From: whatsapp:+14155238886 -> To: +123456789
2026-02-11 09:09:51,320 - app.services.notification_service - INFO -    Message: 🚨 Sales Alert: Sales for Gala Apples (1kg) dropped by >60%!
2026-02-11 09:09:51,321 - app.services.notification_service - INFO - 🔔 [System Notification] Sales Alert: Sales for Avocado dropped by >60%! (Severity: high)
2026-02-11 09:09:51,321 - app.services.notification_service - INFO - 📱 [WhatsApp SIMULATION] From: whatsapp:+14155238886 -> To: +123456789
2026-02-11 09:09:51,322 - app.services.notification_service - INFO -    Message: 🚨 Sales Alert: Sales for Avocado dropped by >60%!
2026-02-11 09:09:51,322 - app.services.notification_service - INFO - 🔔 [System Notification] Sales Alert: Sales for Baby Spinach Mix dropped by >60%! (Severity: high)
2026-02-11 09:09:51,322 - app.services.notification_service - INFO - 📱 [WhatsApp SIMULATION] From: whatsapp:+14155238886 -> To: +123456789
2026-02-11 09:09:51,323 - app.services.notification_service - INFO -    Message: 🚨 Sales Alert: Sales for Baby Spinach Mix dropped by >60%!
2026-02-11 09:09:51,323 - app.services.notification_service - INFO - 🔔 [System Notification] Sales Alert: Sales for Tomatoes (500g) dropped by >60%! (Severity: high)
2026-02-11 09:09:51,323 - app.services.notification_service - INFO - 📱 [WhatsApp SIMULATION] From: whatsapp:+14155238886 -> To: +123456789
2026-02-11 09:09:51,324 - app.services.notification_service - INFO -    Message: 🚨 Sales Alert: Sales for Tomatoes (500g) dropped by >60%!
2026-02-11 09:09:51,324 - app.services.notification_service - INFO - 🔔 [System Notification] Sales Alert: Sales for Carrots (1kg) dropped by >60%! (Severity: high)
2026-02-11 09:09:51,325 - app.services.notification_service - INFO - 📱 [WhatsApp SIMULATION] From: whatsapp:+14155238886 -> To: +123456789
2026-02-11 09:09:51,325 - app.services.notification_service - INFO -    Message: 🚨 Sales Alert: Sales for Carrots (1kg) dropped by >60%!
2026-02-11 09:09:51,327 - app.services.notification_service - INFO - 🔔 [System Notification] Sales Alert: Sales for Pasta Spaghetti 500g dropped by >60%! (Severity: high)
2026-02-11 09:09:51,328 - app.services.notification_service - INFO - 📱 [WhatsApp SIMULATION] From: whatsapp:+14155238886 -> To: +123456789
2026-02-11 09:09:51,328 - app.services.notification_service - INFO -    Message: 🚨 Sales Alert: Sales for Pasta Spaghetti 500g dropped by >60%!
2026-02-11 09:09:51,329 - app.services.notification_service - INFO - 🔔 [System Notification] Sales Alert: Sales for Pasta Sauce (Tomato) dropped by >60%! (Severity: high)
2026-02-11 09:09:51,329 - app.services.notification_service - INFO - 📱 [WhatsApp SIMULATION] From: whatsapp:+14155238886 -> To: +123456789
2026-02-11 09:09:51,329 - app.services.notification_service - INFO -    Message: 🚨 Sales Alert: Sales for Pasta Sauce (Tomato) dropped by >60%!
2026-02-11 09:09:51,333 - app.services.notification_service - INFO - 🔔 [System Notification] Sales Alert: Sales for Olive Oil 500ml dropped by >60%! (Severity: high)
2026-02-11 09:09:51,333 - app.services.notification_service - INFO - 📱 [WhatsApp SIMULATION] From: whatsapp:+14155238886 -> To: +123456789
2026-02-11 09:09:51,333 - app.services.notification_service - INFO -    Message: 🚨 Sales Alert: Sales for Olive Oil 500ml dropped by >60%!
2026-02-11 09:09:51,334 - app.services.notification_service - INFO - 🔔 [System Notification] Sales Alert: Sales for Jasmine Rice 5kg dropped by >60%! (Severity: high)
2026-02-11 09:09:51,334 - app.services.notification_service - INFO - 📱 [WhatsApp SIMULATION] From: whatsapp:+14155238886 -> To: +123456789
2026-02-11 09:09:51,334 - app.services.notification_service - INFO -    Message: 🚨 Sales Alert: Sales for Jasmine Rice 5kg dropped by >60%!
2026-02-11 09:09:51,335 - app.services.notification_service - INFO - 🔔 [System Notification] Sales Alert: Sales for Breakfast Cereal dropped by >60%! (Severity: high)
2026-02-11 09:09:51,335 - app.services.notification_service - INFO - 📱 [WhatsApp SIMULATION] From: whatsapp:+14155238886 -> To: +123456789
2026-02-11 09:09:51,335 - app.services.notification_service - INFO -    Message: 🚨 Sales Alert: Sales for Breakfast Cereal dropped by >60%!
2026-02-11 09:09:51,336 - app.services.notification_service - INFO - 🔔 [System Notification] Sales Alert: Sales for Instant Noodles (5pk) dropped by >60%! (Severity: high)
2026-02-11 09:09:51,336 - app.services.notification_service - INFO - 📱 [WhatsApp SIMULATION] From: whatsapp:+14155238886 -> To: +123456789
2026-02-11 09:09:51,337 - app.services.notification_service - INFO -    Message: 🚨 Sales Alert: Sales for Instant Noodles (5pk) dropped by >60%!
2026-02-11 09:09:51,338 - app.services.notification_service - INFO - 🔔 [System Notification] Sales Alert: Sales for Tomato Ketchup dropped by >60%! (Severity: high)
2026-02-11 09:09:51,340 - app.services.notification_service - INFO - 📱 [WhatsApp SIMULATION] From: whatsapp:+14155238886 -> To: +123456789
2026-02-11 09:09:51,340 - app.services.notification_service - INFO -    Message: 🚨 Sales Alert: Sales for Tomato Ketchup dropped by >60%!
2026-02-11 09:09:51,341 - app.services.notification_service - INFO - 🔔 [System Notification] Sales Alert: Sales for Toilet Paper (12pk) dropped by >60%! (Severity: high)
2026-02-11 09:09:51,341 - app.services.notification_service - INFO - 📱 [WhatsApp SIMULATION] From: whatsapp:+14155238886 -> To: +123456789
2026-02-11 09:09:51,341 - app.services.notification_service - INFO -    Message: 🚨 Sales Alert: Sales for Toilet Paper (12pk) dropped by >60%!
2026-02-11 09:09:51,342 - app.services.notification_service - INFO - 🔔 [System Notification] Sales Alert: Sales for Laundry Detergent 2L dropped by >60%! (Severity: high)
2026-02-11 09:09:51,342 - app.services.notification_service - INFO - 📱 [WhatsApp SIMULATION] From: whatsapp:+14155238886 -> To: +123456789
2026-02-11 09:09:51,342 - app.services.notification_service - INFO -    Message: 🚨 Sales Alert: Sales for Laundry Detergent 2L dropped by >60%!
2026-02-11 09:09:51,343 - app.services.notification_service - INFO - 🔔 [System Notification] Sales Alert: Sales for Dish Soap 500ml dropped by >60%! (Severity: high)
2026-02-11 09:09:51,343 - app.services.notification_service - INFO - 📱 [WhatsApp SIMULATION] From: whatsapp:+14155238886 -> To: +123456789
2026-02-11 09:09:51,344 - app.services.notification_service - INFO -    Message: 🚨 Sales Alert: Sales for Dish Soap 500ml dropped by >60%!
2026-02-11 09:09:51,345 - app.services.notification_service - INFO - 🔔 [System Notification] Sales Alert: Sales for AA Batteries (4pk) dropped by >60%! (Severity: high)
2026-02-11 09:09:51,345 - app.services.notification_service - INFO - 📱 [WhatsApp SIMULATION] From: whatsapp:+14155238886 -> To: +123456789
2026-02-11 09:09:51,345 - app.services.notification_service - INFO -    Message: 🚨 Sales Alert: Sales for AA Batteries (4pk) dropped by >60%!
2026-02-11 09:09:51,346 - app.services.notification_service - INFO - 🔔 [System Notification] Sales Alert: Sales for Toothpaste Mint dropped by >60%! (Severity: high)
2026-02-11 09:09:51,346 - app.services.notification_service - INFO - 📱 [WhatsApp SIMULATION] From: whatsapp:+14155238886 -> To: +123456789
2026-02-11 09:09:51,346 - app.services.notification_service - INFO -    Message: 🚨 Sales Alert: Sales for Toothpaste Mint dropped by >60%!
2026-02-11 09:09:51,347 - app.services.notification_service - INFO - 🔔 [System Notification] Sales Alert: Sales for Shampoo 400ml dropped by >60%! (Severity: high)
2026-02-11 09:09:51,347 - app.services.notification_service - INFO - 📱 [WhatsApp SIMULATION] From: whatsapp:+14155238886 -> To: +123456789
2026-02-11 09:09:51,347 - app.services.notification_service - INFO -    Message: 🚨 Sales Alert: Sales for Shampoo 400ml dropped by >60%!
2026-02-11 09:09:51,348 - app.services.notification_service - INFO - 🔔 [System Notification] Sales Alert: Sales for Body Wash dropped by >60%! (Severity: high)
2026-02-11 09:09:51,348 - app.services.notification_service - INFO - 📱 [WhatsApp SIMULATION] From: whatsapp:+14155238886 -> To: +123456789
2026-02-11 09:09:51,349 - app.services.notification_service - INFO -    Message: 🚨 Sales Alert: Sales for Body Wash dropped by >60%!
2026-02-11 09:09:51,350 - app.services.notification_service - INFO - 🔔 [System Notification] Sales Alert: Sales for Hand Sanitizer dropped by >60%! (Severity: high)
2026-02-11 09:09:51,351 - app.services.notification_service - INFO - 📱 [WhatsApp SIMULATION] From: whatsapp:+14155238886 -> To: +123456789
2026-02-11 09:09:51,352 - app.services.notification_service - INFO -    Message: 🚨 Sales Alert: Sales for Hand Sanitizer dropped by >60%!
2026-02-11 09:09:51,353 - app.services.notification_service - INFO - 🔔 [System Notification] Sales Alert: Sales for Potato Chips (Salt) dropped by >60%! (Severity: high)
2026-02-11 09:09:51,353 - app.services.notification_service - INFO - 📱 [WhatsApp SIMULATION] From: whatsapp:+14155238886 -> To: +123456789
2026-02-11 09:09:51,353 - app.services.notification_service - INFO -    Message: 🚨 Sales Alert: Sales for Potato Chips (Salt) dropped by >60%!
2026-02-11 09:09:51,354 - app.services.notification_service - INFO - 🔔 [System Notification] Sales Alert: Sales for Chocolate Bar dropped by >60%! (Severity: high)
2026-02-11 09:09:51,354 - app.services.notification_service - INFO - 📱 [WhatsApp SIMULATION] From: whatsapp:+14155238886 -> To: +123456789
2026-02-11 09:09:51,355 - app.services.notification_service - INFO -    Message: 🚨 Sales Alert: Sales for Chocolate Bar dropped by >60%!
2026-02-11 09:09:51,356 - app.services.notification_service - INFO - 🔔 [System Notification] Sales Alert: Sales for Cookies (Choc Chip) dropped by >60%! (Severity: high)
2026-02-11 09:09:51,356 - app.services.notification_service - INFO - 📱 [WhatsApp SIMULATION] From: whatsapp:+14155238886 -> To: +123456789
2026-02-11 09:09:51,356 - app.services.notification_service - INFO -    Message: 🚨 Sales Alert: Sales for Cookies (Choc Chip) dropped by >60%!
2026-02-11 09:09:51,357 - app.services.notification_service - INFO - 🔔 [System Notification] Sales Alert: Sales for Roasted Nuts dropped by >60%! (Severity: high)
2026-02-11 09:09:51,357 - app.services.notification_service - INFO - 📱 [WhatsApp SIMULATION] From: whatsapp:+14155238886 -> To: +123456789
2026-02-11 09:09:51,358 - app.services.notification_service - INFO -    Message: 🚨 Sales Alert: Sales for Roasted Nuts dropped by >60%!
2026-02-11 09:10:21,301 - app.services.notification_service - INFO - 🔔 [System Notification] Sales Alert: Sales for Banana dropped by >60%! (Severity: high)
2026-02-11 09:10:21,303 - app.services.notification_service - INFO - 📱 [WhatsApp SIMULATION] From: whatsapp:+14155238886 -> To: +123456789
2026-02-11 09:10:21,304 - app.services.notification_service - INFO -    Message: 🚨 Sales Alert: Sales for Banana dropped by >60%!
2026-02-11 09:10:21,306 - app.services.notification_service - INFO - 🔔 [System Notification] Sales Alert: Sales for Blueberries dropped by >60%! (Severity: high)
2026-02-11 09:10:21,308 - app.services.notification_service - INFO - 📱 [WhatsApp SIMULATION] From: whatsapp:+14155238886 -> To: +123456789
2026-02-11 09:10:21,310 - app.services.notification_service - INFO -    Message: 🚨 Sales Alert: Sales for Blueberries dropped by >60%!
2026-02-11 09:10:21,313 - app.services.notification_service - INFO - 🔔 [System Notification] Sales Alert: Sales for Toothpaste dropped by >60%! (Severity: high)
2026-02-11 09:10:21,314 - app.services.notification_service - INFO - 📱 [WhatsApp SIMULATION] From: whatsapp:+14155238886 -> To: +123456789
2026-02-11 09:10:21,315 - app.services.notification_service - INFO -    Message: 🚨 Sales Alert: Sales for Toothpaste dropped by >60%!
2026-02-11 09:10:21,318 - app.services.notification_service - INFO - 🔔 [System Notification] Sales Alert: Sales for Mineral Water dropped by >60%! (Severity: high)
2026-02-11 09:10:21,319 - app.services.notification_service - INFO - 📱 [WhatsApp SIMULATION] From: whatsapp:+14155238886 -> To: +123456789
2026-02-11 09:10:21,320 - app.services.notification_service - INFO -    Message: 🚨 Sales Alert: Sales for Mineral Water dropped by >60%!
2026-02-11 09:10:21,323 - app.services.notification_service - INFO - 🔔 [System Notification] Sales Alert: Sales for Fries dropped by >60%! (Severity: high)
2026-02-11 09:10:21,325 - app.services.notification_service - INFO - 📱 [WhatsApp SIMULATION] From: whatsapp:+14155238886 -> To: +123456789
2026-02-11 09:10:21,325 - app.services.notification_service - INFO -    Message: 🚨 Sales Alert: Sales for Fries dropped by >60%!
2026-02-11 09:10:21,326 - app.services.notification_service - INFO - 🔔 [System Notification] Sales Alert: Sales for Fresh Milk 1L dropped by >60%! (Severity: high)
2026-02-11 09:10:21,326 - app.services.notification_service - INFO - 📱 [WhatsApp SIMULATION] From: whatsapp:+14155238886 -> To: +123456789
2026-02-11 09:10:21,327 - app.services.notification_service - INFO -    Message: 🚨 Sales Alert: Sales for Fresh Milk 1L dropped by >60%!
2026-02-11 09:10:21,328 - app.services.notification_service - INFO - 🔔 [System Notification] Sales Alert: Sales for Cheddar CheeseBlock dropped by >60%! (Severity: high)
2026-02-11 09:10:21,328 - app.services.notification_service - INFO - 📱 [WhatsApp SIMULATION] From: whatsapp:+14155238886 -> To: +123456789
2026-02-11 09:10:21,329 - app.services.notification_service - INFO -    Message: 🚨 Sales Alert: Sales for Cheddar CheeseBlock dropped by >60%!
2026-02-11 09:10:21,330 - app.services.notification_service - INFO - 🔔 [System Notification] Sales Alert: Sales for Greek Yogurt 500g dropped by >60%! (Severity: high)
2026-02-11 09:10:21,332 - app.services.notification_service - INFO - 📱 [WhatsApp SIMULATION] From: whatsapp:+14155238886 -> To: +123456789
2026-02-11 09:10:21,333 - app.services.notification_service - INFO -    Message: 🚨 Sales Alert: Sales for Greek Yogurt 500g dropped by >60%!
2026-02-11 09:10:21,334 - app.services.notification_service - INFO - 🔔 [System Notification] Sales Alert: Sales for Salted Butter dropped by >60%! (Severity: high)
2026-02-11 09:10:21,334 - app.services.notification_service - INFO - 📱 [WhatsApp SIMULATION] From: whatsapp:+14155238886 -> To: +123456789
2026-02-11 09:10:21,334 - app.services.notification_service - INFO -    Message: 🚨 Sales Alert: Sales for Salted Butter dropped by >60%!
2026-02-11 09:10:21,336 - app.services.notification_service - INFO - 🔔 [System Notification] Sales Alert: Sales for Whole Wheat Bread dropped by >60%! (Severity: high)
2026-02-11 09:10:21,336 - app.services.notification_service - INFO - 📱 [WhatsApp SIMULATION] From: whatsapp:+14155238886 -> To: +123456789
2026-02-11 09:10:21,337 - app.services.notification_service - INFO -    Message: 🚨 Sales Alert: Sales for Whole Wheat Bread dropped by >60%!
2026-02-11 09:10:21,339 - app.services.notification_service - INFO - 🔔 [System Notification] Sales Alert: Sales for Croissant (Pack of 4) dropped by >60%! (Severity: high)
2026-02-11 09:10:21,340 - app.services.notification_service - INFO - 📱 [WhatsApp SIMULATION] From: whatsapp:+14155238886 -> To: +123456789
2026-02-11 09:10:21,341 - app.services.notification_service - INFO -    Message: 🚨 Sales Alert: Sales for Croissant (Pack of 4) dropped by >60%!
2026-02-11 09:10:21,341 - app.services.notification_service - INFO - 🔔 [System Notification] Sales Alert: Sales for Bagels (Pack of 6) dropped by >60%! (Severity: high)
2026-02-11 09:10:21,341 - app.services.notification_service - INFO - 📱 [WhatsApp SIMULATION] From: whatsapp:+14155238886 -> To: +123456789
2026-02-11 09:10:21,341 - app.services.notification_service - INFO -    Message: 🚨 Sales Alert: Sales for Bagels (Pack of 6) dropped by >60%!
2026-02-11 09:10:21,342 - app.services.notification_service - INFO - 🔔 [System Notification] Sales Alert: Sales for Chocolate Muffin dropped by >60%! (Severity: high)
2026-02-11 09:10:21,342 - app.services.notification_service - INFO - 📱 [WhatsApp SIMULATION] From: whatsapp:+14155238886 -> To: +123456789
2026-02-11 09:10:21,342 - app.services.notification_service - INFO -    Message: 🚨 Sales Alert: Sales for Chocolate Muffin dropped by >60%!
2026-02-11 09:10:21,343 - app.services.notification_service - INFO - 🔔 [System Notification] Sales Alert: Sales for Mineral Water 600ml dropped by >60%! (Severity: high)
2026-02-11 09:10:21,344 - app.services.notification_service - INFO - 📱 [WhatsApp SIMULATION] From: whatsapp:+14155238886 -> To: +123456789
2026-02-11 09:10:21,344 - app.services.notification_service - INFO -    Message: 🚨 Sales Alert: Sales for Mineral Water 600ml dropped by >60%!
2026-02-11 09:10:21,344 - app.services.notification_service - INFO - 🔔 [System Notification] Sales Alert: Sales for Orange Juice 1L dropped by >60%! (Severity: high)
2026-02-11 09:10:21,345 - app.services.notification_service - INFO - 📱 [WhatsApp SIMULATION] From: whatsapp:+14155238886 -> To: +123456789
2026-02-11 09:10:21,345 - app.services.notification_service - INFO -    Message: 🚨 Sales Alert: Sales for Orange Juice 1L dropped by >60%!
2026-02-11 09:10:21,347 - app.services.notification_service - INFO - 🔔 [System Notification] Sales Alert: Sales for Cola Can 330ml dropped by >60%! (Severity: high)
2026-02-11 09:10:21,347 - app.services.notification_service - INFO - 📱 [WhatsApp SIMULATION] From: whatsapp:+14155238886 -> To: +123456789
2026-02-11 09:10:21,348 - app.services.notification_service - INFO -    Message: 🚨 Sales Alert: Sales for Cola Can 330ml dropped by >60%!
2026-02-11 09:10:21,349 - app.services.notification_service - INFO - 🔔 [System Notification] Sales Alert: Sales for Craft Beer IPA dropped by >60%! (Severity: high)
2026-02-11 09:10:21,349 - app.services.notification_service - INFO - 📱 [WhatsApp SIMULATION] From: whatsapp:+14155238886 -> To: +123456789
2026-02-11 09:10:21,349 - app.services.notification_service - INFO -    Message: 🚨 Sales Alert: Sales for Craft Beer IPA dropped by >60%!
2026-02-11 09:10:21,350 - app.services.notification_service - INFO - 🔔 [System Notification] Sales Alert: Sales for Red Wine (Cab Sauv) dropped by >60%! (Severity: high)
2026-02-11 09:10:21,350 - app.services.notification_service - INFO - 📱 [WhatsApp SIMULATION] From: whatsapp:+14155238886 -> To: +123456789
2026-02-11 09:10:21,351 - app.services.notification_service - INFO -    Message: 🚨 Sales Alert: Sales for Red Wine (Cab Sauv) dropped by >60%!
2026-02-11 09:10:21,352 - app.services.notification_service - INFO - 🔔 [System Notification] Sales Alert: Sales for Energy Drink dropped by >60%! (Severity: high)
2026-02-11 09:10:21,353 - app.services.notification_service - INFO - 📱 [WhatsApp SIMULATION] From: whatsapp:+14155238886 -> To: +123456789
2026-02-11 09:10:21,353 - app.services.notification_service - INFO -    Message: 🚨 Sales Alert: Sales for Energy Drink dropped by >60%!
2026-02-11 09:10:21,354 - app.services.notification_service - INFO - 🔔 [System Notification] Sales Alert: Sales for Banana (Bunch) dropped by >60%! (Severity: high)
2026-02-11 09:10:21,355 - app.services.notification_service - INFO - 📱 [WhatsApp SIMULATION] From: whatsapp:+14155238886 -> To: +123456789
2026-02-11 09:10:21,355 - app.services.notification_service - INFO -    Message: 🚨 Sales Alert: Sales for Banana (Bunch) dropped by >60%!
2026-02-11 09:10:21,356 - app.services.notification_service - INFO - 🔔 [System Notification] Sales Alert: Sales for Gala Apples (1kg) dropped by >60%! (Severity: high)
2026-02-11 09:10:21,360 - app.services.notification_service - INFO - 📱 [WhatsApp SIMULATION] From: whatsapp:+14155238886 -> To: +123456789
2026-02-11 09:10:21,361 - app.services.notification_service - INFO -    Message: 🚨 Sales Alert: Sales for Gala Apples (1kg) dropped by >60%!
2026-02-11 09:10:21,363 - app.services.notification_service - INFO - 🔔 [System Notification] Sales Alert: Sales for Avocado dropped by >60%! (Severity: high)
2026-02-11 09:10:21,363 - app.services.notification_service - INFO - 📱 [WhatsApp SIMULATION] From: whatsapp:+14155238886 -> To: +123456789
2026-02-11 09:10:21,364 - app.services.notification_service - INFO -    Message: 🚨 Sales Alert: Sales for Avocado dropped by >60%!
2026-02-11 09:10:21,367 - app.services.notification_service - INFO - 🔔 [System Notification] Sales Alert: Sales for Baby Spinach Mix dropped by >60%! (Severity: high)
2026-02-11 09:10:21,368 - app.services.notification_service - INFO - 📱 [WhatsApp SIMULATION] From: whatsapp:+14155238886 -> To: +123456789
2026-02-11 09:10:21,368 - app.services.notification_service - INFO -    Message: 🚨 Sales Alert: Sales for Baby Spinach Mix dropped by >60%!
2026-02-11 09:10:21,370 - app.services.notification_service - INFO - 🔔 [System Notification] Sales Alert: Sales for Tomatoes (500g) dropped by >60%! (Severity: high)
2026-02-11 09:10:21,371 - app.services.notification_service - INFO - 📱 [WhatsApp SIMULATION] From: whatsapp:+14155238886 -> To: +123456789
2026-02-11 09:10:21,375 - app.services.notification_service - INFO -    Message: 🚨 Sales Alert: Sales for Tomatoes (500g) dropped by >60%!
2026-02-11 09:10:21,377 - app.services.notification_service - INFO - 🔔 [System Notification] Sales Alert: Sales for Carrots (1kg) dropped by >60%! (Severity: high)
2026-02-11 09:10:21,378 - app.services.notification_service - INFO - 📱 [WhatsApp SIMULATION] From: whatsapp:+14155238886 -> To: +123456789
2026-02-11 09:10:21,378 - app.services.notification_service - INFO -    Message: 🚨 Sales Alert: Sales for Carrots (1kg) dropped by >60%!
2026-02-11 09:10:21,380 - app.services.notification_service - INFO - 🔔 [System Notification] Sales Alert: Sales for Pasta Spaghetti 500g dropped by >60%! (Severity: high)
2026-02-11 09:10:21,384 - app.services.notification_service - INFO - 📱 [WhatsApp SIMULATION] From: whatsapp:+14155238886 -> To: +123456789
2026-02-11 09:10:21,385 - app.services.notification_service - INFO -    Message: 🚨 Sales Alert: Sales for Pasta Spaghetti 500g dropped by >60%!
2026-02-11 09:10:21,387 - app.services.notification_service - INFO - 🔔 [System Notification] Sales Alert: Sales for Pasta Sauce (Tomato) dropped by >60%! (Severity: high)
2026-02-11 09:10:21,388 - app.services.notification_service - INFO - 📱 [WhatsApp SIMULATION] From: whatsapp:+14155238886 -> To: +123456789
2026-02-11 09:10:21,389 - app.services.notification_service - INFO -    Message: 🚨 Sales Alert: Sales for Pasta Sauce (Tomato) dropped by >60%!
2026-02-11 09:10:21,392 - app.services.notification_service - INFO - 🔔 [System Notification] Sales Alert: Sales for Olive Oil 500ml dropped by >60%! (Severity: high)
2026-02-11 09:10:21,393 - app.services.notification_service - INFO - 📱 [WhatsApp SIMULATION] From: whatsapp:+14155238886 -> To: +123456789
2026-02-11 09:10:21,394 - app.services.notification_service - INFO -    Message: 🚨 Sales Alert: Sales for Olive Oil 500ml dropped by >60%!
2026-02-11 09:10:21,395 - app.services.notification_service - INFO - 🔔 [System Notification] Sales Alert: Sales for Jasmine Rice 5kg dropped by >60%! (Severity: high)
2026-02-11 09:10:21,395 - app.services.notification_service - INFO - 📱 [WhatsApp SIMULATION] From: whatsapp:+14155238886 -> To: +123456789
2026-02-11 09:10:21,396 - app.services.notification_service - INFO -    Message: 🚨 Sales Alert: Sales for Jasmine Rice 5kg dropped by >60%!
2026-02-11 09:10:21,398 - app.services.notification_service - INFO - 🔔 [System Notification] Sales Alert: Sales for Breakfast Cereal dropped by >60%! (Severity: high)
2026-02-11 09:10:21,399 - app.services.notification_service - INFO - 📱 [WhatsApp SIMULATION] From: whatsapp:+14155238886 -> To: +123456789
2026-02-11 09:10:21,399 - app.services.notification_service - INFO -    Message: 🚨 Sales Alert: Sales for Breakfast Cereal dropped by >60%!
2026-02-11 09:10:21,401 - app.services.notification_service - INFO - 🔔 [System Notification] Sales Alert: Sales for Instant Noodles (5pk) dropped by >60%! (Severity: high)
2026-02-11 09:10:21,401 - app.services.notification_service - INFO - 📱 [WhatsApp SIMULATION] From: whatsapp:+14155238886 -> To: +123456789
2026-02-11 09:10:21,401 - app.services.notification_service - INFO -    Message: 🚨 Sales Alert: Sales for Instant Noodles (5pk) dropped by >60%!
2026-02-11 09:10:21,402 - app.services.notification_service - INFO - 🔔 [System Notification] Sales Alert: Sales for Tomato Ketchup dropped by >60%! (Severity: high)
2026-02-11 09:10:21,403 - app.services.notification_service - INFO - 📱 [WhatsApp SIMULATION] From: whatsapp:+14155238886 -> To: +123456789
2026-02-11 09:10:21,404 - app.services.notification_service - INFO -    Message: 🚨 Sales Alert: Sales for Tomato Ketchup dropped by >60%!
2026-02-11 09:10:21,406 - app.services.notification_service - INFO - 🔔 [System Notification] Sales Alert: Sales for Toilet Paper (12pk) dropped by >60%! (Severity: high)
2026-02-11 09:10:21,406 - app.services.notification_service - INFO - 📱 [WhatsApp SIMULATION] From: whatsapp:+14155238886 -> To: +123456789
2026-02-11 09:10:21,406 - app.services.notification_service - INFO -    Message: 🚨 Sales Alert: Sales for Toilet Paper (12pk) dropped by >60%!
2026-02-11 09:10:21,408 - app.services.notification_service - INFO - 🔔 [System Notification] Sales Alert: Sales for Laundry Detergent 2L dropped by >60%! (Severity: high)
2026-02-11 09:10:21,408 - app.services.notification_service - INFO - 📱 [WhatsApp SIMULATION] From: whatsapp:+14155238886 -> To: +123456789
2026-02-11 09:10:21,408 - app.services.notification_service - INFO -    Message: 🚨 Sales Alert: Sales for Laundry Detergent 2L dropped by >60%!
2026-02-11 09:10:21,409 - app.services.notification_service - INFO - 🔔 [System Notification] Sales Alert: Sales for Dish Soap 500ml dropped by >60%! (Severity: high)
2026-02-11 09:10:21,410 - app.services.notification_service - INFO - 📱 [WhatsApp SIMULATION] From: whatsapp:+14155238886 -> To: +123456789
2026-02-11 09:10:21,413 - app.services.notification_service - INFO -    Message: 🚨 Sales Alert: Sales for Dish Soap 500ml dropped by >60%!
2026-02-11 09:10:21,413 - app.services.notification_service - INFO - 🔔 [System Notification] Sales Alert: Sales for AA Batteries (4pk) dropped by >60%! (Severity: high)
2026-02-11 09:10:21,414 - app.services.notification_service - INFO - 📱 [WhatsApp SIMULATION] From: whatsapp:+14155238886 -> To: +123456789
2026-02-11 09:10:21,414 - app.services.notification_service - INFO -    Message: 🚨 Sales Alert: Sales for AA Batteries (4pk) dropped by >60%!
2026-02-11 09:10:21,415 - app.services.notification_service - INFO - 🔔 [System Notification] Sales Alert: Sales for Toothpaste Mint dropped by >60%! (Severity: high)
2026-02-11 09:10:21,415 - app.services.notification_service - INFO - 📱 [WhatsApp SIMULATION] From: whatsapp:+14155238886 -> To: +123456789
2026-02-11 09:10:21,416 - app.services.notification_service - INFO -    Message: 🚨 Sales Alert: Sales for Toothpaste Mint dropped by >60%!
2026-02-11 09:10:21,417 - app.services.notification_service - INFO - 🔔 [System Notification] Sales Alert: Sales for Shampoo 400ml dropped by >60%! (Severity: high)
2026-02-11 09:10:21,417 - app.services.notification_service - INFO - 📱 [WhatsApp SIMULATION] From: whatsapp:+14155238886 -> To: +123456789
2026-02-11 09:10:21,417 - app.services.notification_service - INFO -    Message: 🚨 Sales Alert: Sales for Shampoo 400ml dropped by >60%!
2026-02-11 09:10:21,418 - app.services.notification_service - INFO - 🔔 [System Notification] Sales Alert: Sales for Body Wash dropped by >60%! (Severity: high)
2026-02-11 09:10:21,419 - app.services.notification_service - INFO - 📱 [WhatsApp SIMULATION] From: whatsapp:+14155238886 -> To: +123456789
2026-02-11 09:10:21,419 - app.services.notification_service - INFO -    Message: 🚨 Sales Alert: Sales for Body Wash dropped by >60%!
2026-02-11 09:10:21,421 - app.services.notification_service - INFO - 🔔 [System Notification] Sales Alert: Sales for Hand Sanitizer dropped by >60%! (Severity: high)
2026-02-11 09:10:21,422 - app.services.notification_service - INFO - 📱 [WhatsApp SIMULATION] From: whatsapp:+14155238886 -> To: +123456789
2026-02-11 09:10:21,422 - app.services.notification_service - INFO -    Message: 🚨 Sales Alert: Sales for Hand Sanitizer dropped by >60%!
2026-02-11 09:10:21,423 - app.services.notification_service - INFO - 🔔 [System Notification] Sales Alert: Sales for Potato Chips (Salt) dropped by >60%! (Severity: high)
2026-02-11 09:10:21,424 - app.services.notification_service - INFO - 📱 [WhatsApp SIMULATION] From: whatsapp:+14155238886 -> To: +123456789
2026-02-11 09:10:21,426 - app.services.notification_service - INFO -    Message: 🚨 Sales Alert: Sales for Potato Chips (Salt) dropped by >60%!
2026-02-11 09:10:21,427 - app.services.notification_service - INFO - 🔔 [System Notification] Sales Alert: Sales for Chocolate Bar dropped by >60%! (Severity: high)
2026-02-11 09:10:21,427 - app.services.notification_service - INFO - 📱 [WhatsApp SIMULATION] From: whatsapp:+14155238886 -> To: +123456789
2026-02-11 09:10:21,428 - app.services.notification_service - INFO -    Message: 🚨 Sales Alert: Sales for Chocolate Bar dropped by >60%!
2026-02-11 09:10:21,429 - app.services.notification_service - INFO - 🔔 [System Notification] Sales Alert: Sales for Cookies (Choc Chip) dropped by >60%! (Severity: high)
2026-02-11 09:10:21,429 - app.services.notification_service - INFO - 📱 [WhatsApp SIMULATION] From: whatsapp:+14155238886 -> To: +123456789
2026-02-11 09:10:21,430 - app.services.notification_service - INFO -    Message: 🚨 Sales Alert: Sales for Cookies (Choc Chip) dropped by >60%!
2026-02-11 09:10:21,431 - app.services.notification_service - INFO - 🔔 [System Notification] Sales Alert: Sales for Roasted Nuts dropped by >60%! (Severity: high)
2026-02-11 09:10:21,431 - app.services.notification_service - INFO - 📱 [WhatsApp SIMULATION] From: whatsapp:+14155238886 -> To: +123456789
2026-02-11 09:10:21,431 - app.services.notification_service - INFO -    Message: 🚨 Sales Alert: Sales for Roasted Nuts dropped by >60%!
2026-02-11 09:47:44,786 - app.services.notification_service - INFO - 🔔 [System Notification] Sales Alert: Sales for Banana dropped by >60%! (Severity: high)
2026-02-11 09:47:44,787 - app.services.notification_service - INFO - 📱 [WhatsApp SIMULATION] From: whatsapp:+14155238886 -> To: +123456789
2026-02-11 09:47:44,788 - app.services.notification_service - INFO -    Message: 🚨 Sales Alert: Sales for Banana dropped by >60%!
2026-02-11 09:47:44,789 - app.services.notification_service - INFO - 🔔 [System Notification] Sales Alert: Sales for Blueberries dropped by >60%! (Severity: high)
2026-02-11 09:47:44,789 - app.services.notification_service - INFO - 📱 [WhatsApp SIMULATION] From: whatsapp:+14155238886 -> To: +123456789
2026-02-11 09:47:44,789 - app.services.notification_service - INFO -    Message: 🚨 Sales Alert: Sales for Blueberries dropped by >60%!
2026-02-11 09:47:44,791 - app.services.notification_service - INFO - 🔔 [System Notification] Sales Alert: Sales for Toothpaste dropped by >60%! (Severity: high)
2026-02-11 09:47:44,792 - app.services.notification_service - INFO - 📱 [WhatsApp SIMULATION] From: whatsapp:+14155238886 -> To: +123456789
2026-02-11 09:47:44,792 - app.services.notification_service - INFO -    Message: 🚨 Sales Alert: Sales for Toothpaste dropped by >60%!
2026-02-11 09:47:44,793 - app.services.notification_service - INFO - 🔔 [System Notification] Sales Alert: Sales for Mineral Water dropped by >60%! (Severity: high)
2026-02-11 09:47:44,794 - app.services.notification_service - INFO - 📱 [WhatsApp SIMULATION] From: whatsapp:+14155238886 -> To: +123456789
2026-02-11 09:47:44,795 - app.services.notification_service - INFO -    Message: 🚨 Sales Alert: Sales for Mineral Water dropped by >60%!
2026-02-11 09:47:44,798 - app.services.notification_service - INFO - 🔔 [System Notification] Sales Alert: Sales for Fries dropped by >60%! (Severity: high)
2026-02-11 09:47:44,799 - app.services.notification_service - INFO - 📱 [WhatsApp SIMULATION] From: whatsapp:+14155238886 -> To: +123456789
2026-02-11 09:47:44,799 - app.services.notification_service - INFO -    Message: 🚨 Sales Alert: Sales for Fries dropped by >60%!
2026-02-11 09:47:44,800 - app.services.notification_service - INFO - 🔔 [System Notification] Sales Alert: Sales for Fresh Milk 1L dropped by >60%! (Severity: high)
2026-02-11 09:47:44,801 - app.services.notification_service - INFO - 📱 [WhatsApp SIMULATION] From: whatsapp:+14155238886 -> To: +123456789
2026-02-11 09:47:44,802 - app.services.notification_service - INFO -    Message: 🚨 Sales Alert: Sales for Fresh Milk 1L dropped by >60%!
2026-02-11 09:47:44,804 - app.services.notification_service - INFO - 🔔 [System Notification] Sales Alert: Sales for Cheddar CheeseBlock dropped by >60%! (Severity: high)
2026-02-11 09:47:44,805 - app.services.notification_service - INFO - 📱 [WhatsApp SIMULATION] From: whatsapp:+14155238886 -> To: +123456789
2026-02-11 09:47:44,805 - app.services.notification_service - INFO -    Message: 🚨 Sales Alert: Sales for Cheddar CheeseBlock dropped by >60%!
2026-02-11 09:47:44,806 - app.services.notification_service - INFO - 🔔 [System Notification] Sales Alert: Sales for Greek Yogurt 500g dropped by >60%! (Severity: high)
2026-02-11 09:47:44,807 - app.services.notification_service - INFO - 📱 [WhatsApp SIMULATION] From: whatsapp:+14155238886 -> To: +123456789
2026-02-11 09:47:44,807 - app.services.notification_service - INFO -    Message: 🚨 Sales Alert: Sales for Greek Yogurt 500g dropped by >60%!
2026-02-11 09:47:44,809 - app.services.notification_service - INFO - 🔔 [System Notification] Sales Alert: Sales for Salted Butter dropped by >60%! (Severity: high)
2026-02-11 09:47:44,810 - app.services.notification_service - INFO - 📱 [WhatsApp SIMULATION] From: whatsapp:+14155238886 -> To: +123456789
2026-02-11 09:47:44,810 - app.services.notification_service - INFO -    Message: 🚨 Sales Alert: Sales for Salted Butter dropped by >60%!
2026-02-11 09:47:44,812 - app.services.notification_service - INFO - 🔔 [System Notification] Sales Alert: Sales for Whole Wheat Bread dropped by >60%! (Severity: high)
2026-02-11 09:47:44,812 - app.services.notification_service - INFO - 📱 [WhatsApp SIMULATION] From: whatsapp:+14155238886 -> To: +123456789
2026-02-11 09:47:44,812 - app.services.notification_service - INFO -    Message: 🚨 Sales Alert: Sales for Whole Wheat Bread dropped by >60%!
2026-02-11 09:47:44,813 - app.services.notification_service - INFO - 🔔 [System Notification] Sales Alert: Sales for Croissant (Pack of 4) dropped by >60%! (Severity: high)
2026-02-11 09:47:44,814 - app.services.notification_service - INFO - 📱 [WhatsApp SIMULATION] From: whatsapp:+14155238886 -> To: +123456789
2026-02-11 09:47:44,814 - app.services.notification_service - INFO -    Message: 🚨 Sales Alert: Sales for Croissant (Pack of 4) dropped by >60%!
2026-02-11 09:47:44,815 - app.services.notification_service - INFO - 🔔 [System Notification] Sales Alert: Sales for Bagels (Pack of 6) dropped by >60%! (Severity: high)
2026-02-11 09:47:44,816 - app.services.notification_service - INFO - 📱 [WhatsApp SIMULATION] From: whatsapp:+14155238886 -> To: +123456789
2026-02-11 09:47:44,816 - app.services.notification_service - INFO -    Message: 🚨 Sales Alert: Sales for Bagels (Pack of 6) dropped by >60%!
2026-02-11 09:47:44,819 - app.services.notification_service - INFO - 🔔 [System Notification] Sales Alert: Sales for Chocolate Muffin dropped by >60%! (Severity: high)
2026-02-11 09:47:44,820 - app.services.notification_service - INFO - 📱 [WhatsApp SIMULATION] From: whatsapp:+14155238886 -> To: +123456789
2026-02-11 09:47:44,820 - app.services.notification_service - INFO -    Message: 🚨 Sales Alert: Sales for Chocolate Muffin dropped by >60%!
2026-02-11 09:47:44,822 - app.services.notification_service - INFO - 🔔 [System Notification] Sales Alert: Sales for Mineral Water 600ml dropped by >60%! (Severity: high)
2026-02-11 09:47:44,823 - app.services.notification_service - INFO - 📱 [WhatsApp SIMULATION] From: whatsapp:+14155238886 -> To: +123456789
2026-02-11 09:47:44,823 - app.services.notification_service - INFO -    Message: 🚨 Sales Alert: Sales for Mineral Water 600ml dropped by >60%!
2026-02-11 09:47:44,825 - app.services.notification_service - INFO - 🔔 [System Notification] Sales Alert: Sales for Orange Juice 1L dropped by >60%! (Severity: high)
2026-02-11 09:47:44,825 - app.services.notification_service - INFO - 📱 [WhatsApp SIMULATION] From: whatsapp:+14155238886 -> To: +123456789
2026-02-11 09:47:44,826 - app.services.notification_service - INFO -    Message: 🚨 Sales Alert: Sales for Orange Juice 1L dropped by >60%!
2026-02-11 09:47:44,827 - app.services.notification_service - INFO - 🔔 [System Notification] Sales Alert: Sales for Cola Can 330ml dropped by >60%! (Severity: high)
2026-02-11 09:47:44,827 - app.services.notification_service - INFO - 📱 [WhatsApp SIMULATION] From: whatsapp:+14155238886 -> To: +123456789
2026-02-11 09:47:44,827 - app.services.notification_service - INFO -    Message: 🚨 Sales Alert: Sales for Cola Can 330ml dropped by >60%!
2026-02-11 09:47:44,828 - app.services.notification_service - INFO - 🔔 [System Notification] Sales Alert: Sales for Craft Beer IPA dropped by >60%! (Severity: high)
2026-02-11 09:47:44,828 - app.services.notification_service - INFO - 📱 [WhatsApp SIMULATION] From: whatsapp:+14155238886 -> To: +123456789
2026-02-11 09:47:44,828 - app.services.notification_service - INFO -    Message: 🚨 Sales Alert: Sales for Craft Beer IPA dropped by >60%!
2026-02-11 09:47:44,830 - app.services.notification_service - INFO - 🔔 [System Notification] Sales Alert: Sales for Red Wine (Cab Sauv) dropped by >60%! (Severity: high)
2026-02-11 09:47:44,830 - app.services.notification_service - INFO - 📱 [WhatsApp SIMULATION] From: whatsapp:+14155238886 -> To: +123456789
2026-02-11 09:47:44,831 - app.services.notification_service - INFO -    Message: 🚨 Sales Alert: Sales for Red Wine (Cab Sauv) dropped by >60%!
2026-02-11 09:47:44,832 - app.services.notification_service - INFO - 🔔 [System Notification] Sales Alert: Sales for Energy Drink dropped by >60%! (Severity: high)
2026-02-11 09:47:44,833 - app.services.notification_service - INFO - 📱 [WhatsApp SIMULATION] From: whatsapp:+14155238886 -> To: +123456789
2026-02-11 09:47:44,834 - app.services.notification_service - INFO -    Message: 🚨 Sales Alert: Sales for Energy Drink dropped by >60%!
2026-02-11 09:47:44,836 - app.services.notification_service - INFO - 🔔 [System Notification] Sales Alert: Sales for Banana (Bunch) dropped by >60%! (Severity: high)
2026-02-11 09:47:44,837 - app.services.notification_service - INFO - 📱 [WhatsApp SIMULATION] From: whatsapp:+14155238886 -> To: +123456789
2026-02-11 09:47:44,837 - app.services.notification_service - INFO -    Message: 🚨 Sales Alert: Sales for Banana (Bunch) dropped by >60%!
2026-02-11 09:47:44,839 - app.services.notification_service - INFO - 🔔 [System Notification] Sales Alert: Sales for Gala Apples (1kg) dropped by >60%! (Severity: high)
2026-02-11 09:47:44,840 - app.services.notification_service - INFO - 📱 [WhatsApp SIMULATION] From: whatsapp:+14155238886 -> To: +123456789
2026-02-11 09:47:44,840 - app.services.notification_service - INFO -    Message: 🚨 Sales Alert: Sales for Gala Apples (1kg) dropped by >60%!
2026-02-11 09:47:44,842 - app.services.notification_service - INFO - 🔔 [System Notification] Sales Alert: Sales for Avocado dropped by >60%! (Severity: high)
2026-02-11 09:47:44,843 - app.services.notification_service - INFO - 📱 [WhatsApp SIMULATION] From: whatsapp:+14155238886 -> To: +123456789
2026-02-11 09:47:44,843 - app.services.notification_service - INFO -    Message: 🚨 Sales Alert: Sales for Avocado dropped by >60%!
2026-02-11 09:47:44,845 - app.services.notification_service - INFO - 🔔 [System Notification] Sales Alert: Sales for Baby Spinach Mix dropped by >60%! (Severity: high)
2026-02-11 09:47:44,846 - app.services.notification_service - INFO - 📱 [WhatsApp SIMULATION] From: whatsapp:+14155238886 -> To: +123456789
2026-02-11 09:47:44,846 - app.services.notification_service - INFO -    Message: 🚨 Sales Alert: Sales for Baby Spinach Mix dropped by >60%!
2026-02-11 09:47:44,847 - app.services.notification_service - INFO - 🔔 [System Notification] Sales Alert: Sales for Tomatoes (500g) dropped by >60%! (Severity: high)
2026-02-11 09:47:44,847 - app.services.notification_service - INFO - 📱 [WhatsApp SIMULATION] From: whatsapp:+14155238886 -> To: +123456789
2026-02-11 09:47:44,848 - app.services.notification_service - INFO -    Message: 🚨 Sales Alert: Sales for Tomatoes (500g) dropped by >60%!
2026-02-11 09:47:44,850 - app.services.notification_service - INFO - 🔔 [System Notification] Sales Alert: Sales for Carrots (1kg) dropped by >60%! (Severity: high)
2026-02-11 09:47:44,850 - app.services.notification_service - INFO - 📱 [WhatsApp SIMULATION] From: whatsapp:+14155238886 -> To: +123456789
2026-02-11 09:47:44,850 - app.services.notification_service - INFO -    Message: 🚨 Sales Alert: Sales for Carrots (1kg) dropped by >60%!
2026-02-11 09:47:44,852 - app.services.notification_service - INFO - 🔔 [System Notification] Sales Alert: Sales for Pasta Spaghetti 500g dropped by >60%! (Severity: high)
2026-02-11 09:47:44,852 - app.services.notification_service - INFO - 📱 [WhatsApp SIMULATION] From: whatsapp:+14155238886 -> To: +123456789
2026-02-11 09:47:44,852 - app.services.notification_service - INFO -    Message: 🚨 Sales Alert: Sales for Pasta Spaghetti 500g dropped by >60%!
2026-02-11 09:47:44,853 - app.services.notification_service - INFO - 🔔 [System Notification] Sales Alert: Sales for Pasta Sauce (Tomato) dropped by >60%! (Severity: high)
2026-02-11 09:47:44,854 - app.services.notification_service - INFO - 📱 [WhatsApp SIMULATION] From: whatsapp:+14155238886 -> To: +123456789
2026-02-11 09:47:44,854 - app.services.notification_service - INFO -    Message: 🚨 Sales Alert: Sales for Pasta Sauce (Tomato) dropped by >60%!
2026-02-11 09:47:44,855 - app.services.notification_service - INFO - 🔔 [System Notification] Sales Alert: Sales for Olive Oil 500ml dropped by >60%! (Severity: high)
2026-02-11 09:47:44,855 - app.services.notification_service - INFO - 📱 [WhatsApp SIMULATION] From: whatsapp:+14155238886 -> To: +123456789
2026-02-11 09:47:44,855 - app.services.notification_service - INFO -    Message: 🚨 Sales Alert: Sales for Olive Oil 500ml dropped by >60%!
2026-02-11 09:47:44,856 - app.services.notification_service - INFO - 🔔 [System Notification] Sales Alert: Sales for Jasmine Rice 5kg dropped by >60%! (Severity: high)
2026-02-11 09:47:44,856 - app.services.notification_service - INFO - 📱 [WhatsApp SIMULATION] From: whatsapp:+14155238886 -> To: +123456789
2026-02-11 09:47:44,857 - app.services.notification_service - INFO -    Message: 🚨 Sales Alert: Sales for Jasmine Rice 5kg dropped by >60%!
2026-02-11 09:47:44,858 - app.services.notification_service - INFO - 🔔 [System Notification] Sales Alert: Sales for Breakfast Cereal dropped by >60%! (Severity: high)
2026-02-11 09:47:44,859 - app.services.notification_service - INFO - 📱 [WhatsApp SIMULATION] From: whatsapp:+14155238886 -> To: +123456789
2026-02-11 09:47:44,859 - app.services.notification_service - INFO -    Message: 🚨 Sales Alert: Sales for Breakfast Cereal dropped by >60%!
2026-02-11 09:47:44,860 - app.services.notification_service - INFO - 🔔 [System Notification] Sales Alert: Sales for Instant Noodles (5pk) dropped by >60%! (Severity: high)
2026-02-11 09:47:44,860 - app.services.notification_service - INFO - 📱 [WhatsApp SIMULATION] From: whatsapp:+14155238886 -> To: +123456789
2026-02-11 09:47:44,860 - app.services.notification_service - INFO -    Message: 🚨 Sales Alert: Sales for Instant Noodles (5pk) dropped by >60%!
2026-02-11 09:47:44,861 - app.services.notification_service - INFO - 🔔 [System Notification] Sales Alert: Sales for Tomato Ketchup dropped by >60%! (Severity: high)
2026-02-11 09:47:44,861 - app.services.notification_service - INFO - 📱 [WhatsApp SIMULATION] From: whatsapp:+14155238886 -> To: +123456789
2026-02-11 09:47:44,862 - app.services.notification_service - INFO -    Message: 🚨 Sales Alert: Sales for Tomato Ketchup dropped by >60%!
2026-02-11 09:47:44,864 - app.services.notification_service - INFO - 🔔 [System Notification] Sales Alert: Sales for Toilet Paper (12pk) dropped by >60%! (Severity: high)
2026-02-11 09:47:44,864 - app.services.notification_service - INFO - 📱 [WhatsApp SIMULATION] From: whatsapp:+14155238886 -> To: +123456789
2026-02-11 09:47:44,865 - app.services.notification_service - INFO -    Message: 🚨 Sales Alert: Sales for Toilet Paper (12pk) dropped by >60%!
2026-02-11 09:47:44,866 - app.services.notification_service - INFO - 🔔 [System Notification] Sales Alert: Sales for Laundry Detergent 2L dropped by >60%! (Severity: high)
2026-02-11 09:47:44,866 - app.services.notification_service - INFO - 📱 [WhatsApp SIMULATION] From: whatsapp:+14155238886 -> To: +123456789
2026-02-11 09:47:44,866 - app.services.notification_service - INFO -    Message: 🚨 Sales Alert: Sales for Laundry Detergent 2L dropped by >60%!
2026-02-11 09:47:44,868 - app.services.notification_service - INFO - 🔔 [System Notification] Sales Alert: Sales for Dish Soap 500ml dropped by >60%! (Severity: high)
2026-02-11 09:47:44,868 - app.services.notification_service - INFO - 📱 [WhatsApp SIMULATION] From: whatsapp:+14155238886 -> To: +123456789
2026-02-11 09:47:44,869 - app.services.notification_service - INFO -    Message: 🚨 Sales Alert: Sales for Dish Soap 500ml dropped by >60%!
2026-02-11 09:47:44,869 - app.services.notification_service - INFO - 🔔 [System Notification] Sales Alert: Sales for AA Batteries (4pk) dropped by >60%! (Severity: high)
2026-02-11 09:47:44,870 - app.services.notification_service - INFO - 📱 [WhatsApp SIMULATION] From: whatsapp:+14155238886 -> To: +123456789
2026-02-11 09:47:44,870 - app.services.notification_service - INFO -    Message: 🚨 Sales Alert: Sales for AA Batteries (4pk) dropped by >60%!
2026-02-11 09:47:44,871 - app.services.notification_service - INFO - 🔔 [System Notification] Sales Alert: Sales for Toothpaste Mint dropped by >60%! (Severity: high)
2026-02-11 09:47:44,872 - app.services.notification_service - INFO - 📱 [WhatsApp SIMULATION] From: whatsapp:+14155238886 -> To: +123456789
2026-02-11 09:47:44,872 - app.services.notification_service - INFO -    Message: 🚨 Sales Alert: Sales for Toothpaste Mint dropped by >60%!
2026-02-11 09:47:44,873 - app.services.notification_service - INFO - 🔔 [System Notification] Sales Alert: Sales for Shampoo 400ml dropped by >60%! (Severity: high)
2026-02-11 09:47:44,873 - app.services.notification_service - INFO - 📱 [WhatsApp SIMULATION] From: whatsapp:+14155238886 -> To: +123456789
2026-02-11 09:47:44,873 - app.services.notification_service - INFO -    Message: 🚨 Sales Alert: Sales for Shampoo 400ml dropped by >60%!
2026-02-11 09:47:44,874 - app.services.notification_service - INFO - 🔔 [System Notification] Sales Alert: Sales for Body Wash dropped by >60%! (Severity: high)
2026-02-11 09:47:44,875 - app.services.notification_service - INFO - 📱 [WhatsApp SIMULATION] From: whatsapp:+14155238886 -> To: +123456789
2026-02-11 09:47:44,875 - app.services.notification_service - INFO -    Message: 🚨 Sales Alert: Sales for Body Wash dropped by >60%!
2026-02-11 09:47:44,876 - app.services.notification_service - INFO - 🔔 [System Notification] Sales Alert: Sales for Hand Sanitizer dropped by >60%! (Severity: high)
2026-02-11 09:47:44,876 - app.services.notification_service - INFO - 📱 [WhatsApp SIMULATION] From: whatsapp:+14155238886 -> To: +123456789
2026-02-11 09:47:44,876 - app.services.notification_service - INFO -    Message: 🚨 Sales Alert: Sales for Hand Sanitizer dropped by >60%!
2026-02-11 09:47:44,877 - app.services.notification_service - INFO - 🔔 [System Notification] Sales Alert: Sales for Potato Chips (Salt) dropped by >60%! (Severity: high)
2026-02-11 09:47:44,878 - app.services.notification_service - INFO - 📱 [WhatsApp SIMULATION] From: whatsapp:+14155238886 -> To: +123456789
2026-02-11 09:47:44,879 - app.services.notification_service - INFO -    Message: 🚨 Sales Alert: Sales for Potato Chips (Salt) dropped by >60%!
2026-02-11 09:47:44,881 - app.services.notification_service - INFO - 🔔 [System Notification] Sales Alert: Sales for Chocolate Bar dropped by >60%! (Severity: high)
2026-02-11 09:47:44,881 - app.services.notification_service - INFO - 📱 [WhatsApp SIMULATION] From: whatsapp:+14155238886 -> To: +123456789
2026-02-11 09:47:44,881 - app.services.notification_service - INFO -    Message: 🚨 Sales Alert: Sales for Chocolate Bar dropped by >60%!
2026-02-11 09:47:44,882 - app.services.notification_service - INFO - 🔔 [System Notification] Sales Alert: Sales for Cookies (Choc Chip) dropped by >60%! (Severity: high)
2026-02-11 09:47:44,882 - app.services.notification_service - INFO - 📱 [WhatsApp SIMULATION] From: whatsapp:+14155238886 -> To: +123456789
2026-02-11 09:47:44,882 - app.services.notification_service - INFO -    Message: 🚨 Sales Alert: Sales for Cookies (Choc Chip) dropped by >60%!
2026-02-11 09:47:44,883 - app.services.notification_service - INFO - 🔔 [System Notification] Sales Alert: Sales for Roasted Nuts dropped by >60%! (Severity: high)
2026-02-11 09:47:44,883 - app.services.notification_service - INFO - 📱 [WhatsApp SIMULATION] From: whatsapp:+14155238886 -> To: +123456789
2026-02-11 09:47:44,884 - app.services.notification_service - INFO -    Message: 🚨 Sales Alert: Sales for Roasted Nuts dropped by >60%!
2026-02-11 09:52:11,702 - app.services.notification_service - INFO - 🔔 [System Notification] Sales Alert: Sales for Banana dropped by >60%! (Severity: high)
2026-02-11 09:52:11,703 - app.services.notification_service - INFO - 📱 [WhatsApp SIMULATION] From: whatsapp:+14155238886 -> To: +123456789
2026-02-11 09:52:11,703 - app.services.notification_service - INFO -    Message: 🚨 Sales Alert: Sales for Banana dropped by >60%!
2026-02-11 09:52:11,704 - app.services.notification_service - INFO - 🔔 [System Notification] Sales Alert: Sales for Blueberries dropped by >60%! (Severity: high)
2026-02-11 09:52:11,705 - app.services.notification_service - INFO - 📱 [WhatsApp SIMULATION] From: whatsapp:+14155238886 -> To: +123456789
2026-02-11 09:52:11,706 - app.services.notification_service - INFO -    Message: 🚨 Sales Alert: Sales for Blueberries dropped by >60%!
2026-02-11 09:52:11,708 - app.services.notification_service - INFO - 🔔 [System Notification] Sales Alert: Sales for Toothpaste dropped by >60%! (Severity: high)
2026-02-11 09:52:11,709 - app.services.notification_service - INFO - 📱 [WhatsApp SIMULATION] From: whatsapp:+14155238886 -> To: +123456789
2026-02-11 09:52:11,709 - app.services.notification_service - INFO -    Message: 🚨 Sales Alert: Sales for Toothpaste dropped by >60%!
2026-02-11 09:52:11,711 - app.services.notification_service - INFO - 🔔 [System Notification] Sales Alert: Sales for Mineral Water dropped by >60%! (Severity: high)
2026-02-11 09:52:11,712 - app.services.notification_service - INFO - 📱 [WhatsApp SIMULATION] From: whatsapp:+14155238886 -> To: +123456789
2026-02-11 09:52:11,712 - app.services.notification_service - INFO -    Message: 🚨 Sales Alert: Sales for Mineral Water dropped by >60%!
2026-02-11 09:52:11,715 - app.services.notification_service - INFO - 🔔 [System Notification] Sales Alert: Sales for Fries dropped by >60%! (Severity: high)
2026-02-11 09:52:11,715 - app.services.notification_service - INFO - 📱 [WhatsApp SIMULATION] From: whatsapp:+14155238886 -> To: +123456789
2026-02-11 09:52:11,716 - app.services.notification_service - INFO -    Message: 🚨 Sales Alert: Sales for Fries dropped by >60%!
2026-02-11 09:52:11,718 - app.services.notification_service - INFO - 🔔 [System Notification] Sales Alert: Sales for Fresh Milk 1L dropped by >60%! (Severity: high)
2026-02-11 09:52:11,719 - app.services.notification_service - INFO - 📱 [WhatsApp SIMULATION] From: whatsapp:+14155238886 -> To: +123456789
2026-02-11 09:52:11,719 - app.services.notification_service - INFO -    Message: 🚨 Sales Alert: Sales for Fresh Milk 1L dropped by >60%!
2026-02-11 09:52:11,721 - app.services.notification_service - INFO - 🔔 [System Notification] Sales Alert: Sales for Cheddar CheeseBlock dropped by >60%! (Severity: high)
2026-02-11 09:52:11,721 - app.services.notification_service - INFO - 📱 [WhatsApp SIMULATION] From: whatsapp:+14155238886 -> To: +123456789
2026-02-11 09:52:11,722 - app.services.notification_service - INFO -    Message: 🚨 Sales Alert: Sales for Cheddar CheeseBlock dropped by >60%!
2026-02-11 09:52:11,723 - app.services.notification_service - INFO - 🔔 [System Notification] Sales Alert: Sales for Greek Yogurt 500g dropped by >60%! (Severity: high)
2026-02-11 09:52:11,723 - app.services.notification_service - INFO - 📱 [WhatsApp SIMULATION] From: whatsapp:+14155238886 -> To: +123456789
2026-02-11 09:52:11,724 - app.services.notification_service - INFO -    Message: 🚨 Sales Alert: Sales for Greek Yogurt 500g dropped by >60%!
2026-02-11 09:52:11,726 - app.services.notification_service - INFO - 🔔 [System Notification] Sales Alert: Sales for Salted Butter dropped by >60%! (Severity: high)
2026-02-11 09:52:11,726 - app.services.notification_service - INFO - 📱 [WhatsApp SIMULATION] From: whatsapp:+14155238886 -> To: +123456789
2026-02-11 09:52:11,726 - app.services.notification_service - INFO -    Message: 🚨 Sales Alert: Sales for Salted Butter dropped by >60%!
2026-02-11 09:52:11,728 - app.services.notification_service - INFO - 🔔 [System Notification] Sales Alert: Sales for Whole Wheat Bread dropped by >60%! (Severity: high)
2026-02-11 09:52:11,729 - app.services.notification_service - INFO - 📱 [WhatsApp SIMULATION] From: whatsapp:+14155238886 -> To: +123456789
2026-02-11 09:52:11,729 - app.services.notification_service - INFO -    Message: 🚨 Sales Alert: Sales for Whole Wheat Bread dropped by >60%!
2026-02-11 09:52:11,730 - app.services.notification_service - INFO - 🔔 [System Notification] Sales Alert: Sales for Croissant (Pack of 4) dropped by >60%! (Severity: high)
2026-02-11 09:52:11,731 - app.services.notification_service - INFO - 📱 [WhatsApp SIMULATION] From: whatsapp:+14155238886 -> To: +123456789
2026-02-11 09:52:11,731 - app.services.notification_service - INFO -    Message: 🚨 Sales Alert: Sales for Croissant (Pack of 4) dropped by >60%!
2026-02-11 09:52:11,733 - app.services.notification_service - INFO - 🔔 [System Notification] Sales Alert: Sales for Bagels (Pack of 6) dropped by >60%! (Severity: high)
2026-02-11 09:52:11,734 - app.services.notification_service - INFO - 📱 [WhatsApp SIMULATION] From: whatsapp:+14155238886 -> To: +123456789
2026-02-11 09:52:11,734 - app.services.notification_service - INFO -    Message: 🚨 Sales Alert: Sales for Bagels (Pack of 6) dropped by >60%!
2026-02-11 09:52:11,736 - app.services.notification_service - INFO - 🔔 [System Notification] Sales Alert: Sales for Chocolate Muffin dropped by >60%! (Severity: high)
2026-02-11 09:52:11,736 - app.services.notification_service - INFO - 📱 [WhatsApp SIMULATION] From: whatsapp:+14155238886 -> To: +123456789
2026-02-11 09:52:11,736 - app.services.notification_service - INFO -    Message: 🚨 Sales Alert: Sales for Chocolate Muffin dropped by >60%!
2026-02-11 09:52:11,737 - app.services.notification_service - INFO - 🔔 [System Notification] Sales Alert: Sales for Mineral Water 600ml dropped by >60%! (Severity: high)
2026-02-11 09:52:11,738 - app.services.notification_service - INFO - 📱 [WhatsApp SIMULATION] From: whatsapp:+14155238886 -> To: +123456789
2026-02-11 09:52:11,738 - app.services.notification_service - INFO -    Message: 🚨 Sales Alert: Sales for Mineral Water 600ml dropped by >60%!
2026-02-11 09:52:11,739 - app.services.notification_service - INFO - 🔔 [System Notification] Sales Alert: Sales for Orange Juice 1L dropped by >60%! (Severity: high)
2026-02-11 09:52:11,739 - app.services.notification_service - INFO - 📱 [WhatsApp SIMULATION] From: whatsapp:+14155238886 -> To: +123456789
2026-02-11 09:52:11,739 - app.services.notification_service - INFO -    Message: 🚨 Sales Alert: Sales for Orange Juice 1L dropped by >60%!
2026-02-11 09:52:11,741 - app.services.notification_service - INFO - 🔔 [System Notification] Sales Alert: Sales for Cola Can 330ml dropped by >60%! (Severity: high)
2026-02-11 09:52:11,741 - app.services.notification_service - INFO - 📱 [WhatsApp SIMULATION] From: whatsapp:+14155238886 -> To: +123456789
2026-02-11 09:52:11,741 - app.services.notification_service - INFO -    Message: 🚨 Sales Alert: Sales for Cola Can 330ml dropped by >60%!
2026-02-11 09:52:11,742 - app.services.notification_service - INFO - 🔔 [System Notification] Sales Alert: Sales for Craft Beer IPA dropped by >60%! (Severity: high)
2026-02-11 09:52:11,743 - app.services.notification_service - INFO - 📱 [WhatsApp SIMULATION] From: whatsapp:+14155238886 -> To: +123456789
2026-02-11 09:52:11,743 - app.services.notification_service - INFO -    Message: 🚨 Sales Alert: Sales for Craft Beer IPA dropped by >60%!
2026-02-11 09:52:11,744 - app.services.notification_service - INFO - 🔔 [System Notification] Sales Alert: Sales for Red Wine (Cab Sauv) dropped by >60%! (Severity: high)
2026-02-11 09:52:11,744 - app.services.notification_service - INFO - 📱 [WhatsApp SIMULATION] From: whatsapp:+14155238886 -> To: +123456789
2026-02-11 09:52:11,745 - app.services.notification_service - INFO -    Message: 🚨 Sales Alert: Sales for Red Wine (Cab Sauv) dropped by >60%!
2026-02-11 09:52:11,747 - app.services.notification_service - INFO - 🔔 [System Notification] Sales Alert: Sales for Energy Drink dropped by >60%! (Severity: high)
2026-02-11 09:52:11,747 - app.services.notification_service - INFO - 📱 [WhatsApp SIMULATION] From: whatsapp:+14155238886 -> To: +123456789
2026-02-11 09:52:11,747 - app.services.notification_service - INFO -    Message: 🚨 Sales Alert: Sales for Energy Drink dropped by >60%!
2026-02-11 09:52:11,748 - app.services.notification_service - INFO - 🔔 [System Notification] Sales Alert: Sales for Banana (Bunch) dropped by >60%! (Severity: high)
2026-02-11 09:52:11,748 - app.services.notification_service - INFO - 📱 [WhatsApp SIMULATION] From: whatsapp:+14155238886 -> To: +123456789
2026-02-11 09:52:11,748 - app.services.notification_service - INFO -    Message: 🚨 Sales Alert: Sales for Banana (Bunch) dropped by >60%!
2026-02-11 09:52:11,749 - app.services.notification_service - INFO - 🔔 [System Notification] Sales Alert: Sales for Gala Apples (1kg) dropped by >60%! (Severity: high)
2026-02-11 09:52:11,749 - app.services.notification_service - INFO - 📱 [WhatsApp SIMULATION] From: whatsapp:+14155238886 -> To: +123456789
2026-02-11 09:52:11,750 - app.services.notification_service - INFO -    Message: 🚨 Sales Alert: Sales for Gala Apples (1kg) dropped by >60%!
2026-02-11 09:52:11,751 - app.services.notification_service - INFO - 🔔 [System Notification] Sales Alert: Sales for Avocado dropped by >60%! (Severity: high)
2026-02-11 09:52:11,751 - app.services.notification_service - INFO - 📱 [WhatsApp SIMULATION] From: whatsapp:+14155238886 -> To: +123456789
2026-02-11 09:52:11,752 - app.services.notification_service - INFO -    Message: 🚨 Sales Alert: Sales for Avocado dropped by >60%!
2026-02-11 09:52:11,753 - app.services.notification_service - INFO - 🔔 [System Notification] Sales Alert: Sales for Baby Spinach Mix dropped by >60%! (Severity: high)
2026-02-11 09:52:11,753 - app.services.notification_service - INFO - 📱 [WhatsApp SIMULATION] From: whatsapp:+14155238886 -> To: +123456789
2026-02-11 09:52:11,753 - app.services.notification_service - INFO -    Message: 🚨 Sales Alert: Sales for Baby Spinach Mix dropped by >60%!
2026-02-11 09:52:11,754 - app.services.notification_service - INFO - 🔔 [System Notification] Sales Alert: Sales for Tomatoes (500g) dropped by >60%! (Severity: high)
2026-02-11 09:52:11,754 - app.services.notification_service - INFO - 📱 [WhatsApp SIMULATION] From: whatsapp:+14155238886 -> To: +123456789
2026-02-11 09:52:11,754 - app.services.notification_service - INFO -    Message: 🚨 Sales Alert: Sales for Tomatoes (500g) dropped by >60%!
2026-02-11 09:52:11,756 - app.services.notification_service - INFO - 🔔 [System Notification] Sales Alert: Sales for Carrots (1kg) dropped by >60%! (Severity: high)
2026-02-11 09:52:11,756 - app.services.notification_service - INFO - 📱 [WhatsApp SIMULATION] From: whatsapp:+14155238886 -> To: +123456789
2026-02-11 09:52:11,756 - app.services.notification_service - INFO -    Message: 🚨 Sales Alert: Sales for Carrots (1kg) dropped by >60%!
2026-02-11 09:52:11,757 - app.services.notification_service - INFO - 🔔 [System Notification] Sales Alert: Sales for Pasta Spaghetti 500g dropped by >60%! (Severity: high)
2026-02-11 09:52:11,757 - app.services.notification_service - INFO - 📱 [WhatsApp SIMULATION] From: whatsapp:+14155238886 -> To: +123456789
2026-02-11 09:52:11,757 - app.services.notification_service - INFO -    Message: 🚨 Sales Alert: Sales for Pasta Spaghetti 500g dropped by >60%!
2026-02-11 09:52:11,758 - app.services.notification_service - INFO - 🔔 [System Notification] Sales Alert: Sales for Pasta Sauce (Tomato) dropped by >60%! (Severity: high)
2026-02-11 09:52:11,758 - app.services.notification_service - INFO - 📱 [WhatsApp SIMULATION] From: whatsapp:+14155238886 -> To: +123456789
2026-02-11 09:52:11,759 - app.services.notification_service - INFO -    Message: 🚨 Sales Alert: Sales for Pasta Sauce (Tomato) dropped by >60%!
2026-02-11 09:52:11,760 - app.services.notification_service - INFO - 🔔 [System Notification] Sales Alert: Sales for Olive Oil 500ml dropped by >60%! (Severity: high)
2026-02-11 09:52:11,760 - app.services.notification_service - INFO - 📱 [WhatsApp SIMULATION] From: whatsapp:+14155238886 -> To: +123456789
2026-02-11 09:52:11,760 - app.services.notification_service - INFO -    Message: 🚨 Sales Alert: Sales for Olive Oil 500ml dropped by >60%!
2026-02-11 09:52:11,761 - app.services.notification_service - INFO - 🔔 [System Notification] Sales Alert: Sales for Jasmine Rice 5kg dropped by >60%! (Severity: high)
2026-02-11 09:52:11,761 - app.services.notification_service - INFO - 📱 [WhatsApp SIMULATION] From: whatsapp:+14155238886 -> To: +123456789
2026-02-11 09:52:11,761 - app.services.notification_service - INFO -    Message: 🚨 Sales Alert: Sales for Jasmine Rice 5kg dropped by >60%!
2026-02-11 09:52:11,762 - app.services.notification_service - INFO - 🔔 [System Notification] Sales Alert: Sales for Breakfast Cereal dropped by >60%! (Severity: high)
2026-02-11 09:52:11,763 - app.services.notification_service - INFO - 📱 [WhatsApp SIMULATION] From: whatsapp:+14155238886 -> To: +123456789
2026-02-11 09:52:11,763 - app.services.notification_service - INFO -    Message: 🚨 Sales Alert: Sales for Breakfast Cereal dropped by >60%!
2026-02-11 09:52:11,763 - app.services.notification_service - INFO - 🔔 [System Notification] Sales Alert: Sales for Instant Noodles (5pk) dropped by >60%! (Severity: high)
2026-02-11 09:52:11,764 - app.services.notification_service - INFO - 📱 [WhatsApp SIMULATION] From: whatsapp:+14155238886 -> To: +123456789
2026-02-11 09:52:11,764 - app.services.notification_service - INFO -    Message: 🚨 Sales Alert: Sales for Instant Noodles (5pk) dropped by >60%!
2026-02-11 09:52:11,764 - app.services.notification_service - INFO - 🔔 [System Notification] Sales Alert: Sales for Tomato Ketchup dropped by >60%! (Severity: high)
2026-02-11 09:52:11,765 - app.services.notification_service - INFO - 📱 [WhatsApp SIMULATION] From: whatsapp:+14155238886 -> To: +123456789
2026-02-11 09:52:11,765 - app.services.notification_service - INFO -    Message: 🚨 Sales Alert: Sales for Tomato Ketchup dropped by >60%!
2026-02-11 09:52:11,766 - app.services.notification_service - INFO - 🔔 [System Notification] Sales Alert: Sales for Toilet Paper (12pk) dropped by >60%! (Severity: high)
2026-02-11 09:52:11,766 - app.services.notification_service - INFO - 📱 [WhatsApp SIMULATION] From: whatsapp:+14155238886 -> To: +123456789
2026-02-11 09:52:11,766 - app.services.notification_service - INFO -    Message: 🚨 Sales Alert: Sales for Toilet Paper (12pk) dropped by >60%!
2026-02-11 09:52:11,768 - app.services.notification_service - INFO - 🔔 [System Notification] Sales Alert: Sales for Laundry Detergent 2L dropped by >60%! (Severity: high)
2026-02-11 09:52:11,769 - app.services.notification_service - INFO - 📱 [WhatsApp SIMULATION] From: whatsapp:+14155238886 -> To: +123456789
2026-02-11 09:52:11,769 - app.services.notification_service - INFO -    Message: 🚨 Sales Alert: Sales for Laundry Detergent 2L dropped by >60%!
2026-02-11 09:52:11,769 - app.services.notification_service - INFO - 🔔 [System Notification] Sales Alert: Sales for Dish Soap 500ml dropped by >60%! (Severity: high)
2026-02-11 09:52:11,770 - app.services.notification_service - INFO - 📱 [WhatsApp SIMULATION] From: whatsapp:+14155238886 -> To: +123456789
2026-02-11 09:52:11,770 - app.services.notification_service - INFO -    Message: 🚨 Sales Alert: Sales for Dish Soap 500ml dropped by >60%!
2026-02-11 09:52:11,771 - app.services.notification_service - INFO - 🔔 [System Notification] Sales Alert: Sales for AA Batteries (4pk) dropped by >60%! (Severity: high)
2026-02-11 09:52:11,771 - app.services.notification_service - INFO - 📱 [WhatsApp SIMULATION] From: whatsapp:+14155238886 -> To: +123456789
2026-02-11 09:52:11,771 - app.services.notification_service - INFO -    Message: 🚨 Sales Alert: Sales for AA Batteries (4pk) dropped by >60%!
2026-02-11 09:52:11,772 - app.services.notification_service - INFO - 🔔 [System Notification] Sales Alert: Sales for Toothpaste Mint dropped by >60%! (Severity: high)
2026-02-11 09:52:11,772 - app.services.notification_service - INFO - 📱 [WhatsApp SIMULATION] From: whatsapp:+14155238886 -> To: +123456789
2026-02-11 09:52:11,773 - app.services.notification_service - INFO -    Message: 🚨 Sales Alert: Sales for Toothpaste Mint dropped by >60%!
2026-02-11 09:52:11,773 - app.services.notification_service - INFO - 🔔 [System Notification] Sales Alert: Sales for Shampoo 400ml dropped by >60%! (Severity: high)
2026-02-11 09:52:11,773 - app.services.notification_service - INFO - 📱 [WhatsApp SIMULATION] From: whatsapp:+14155238886 -> To: +123456789
2026-02-11 09:52:11,774 - app.services.notification_service - INFO -    Message: 🚨 Sales Alert: Sales for Shampoo 400ml dropped by >60%!
2026-02-11 09:52:11,774 - app.services.notification_service - INFO - 🔔 [System Notification] Sales Alert: Sales for Body Wash dropped by >60%! (Severity: high)
2026-02-11 09:52:11,774 - app.services.notification_service - INFO - 📱 [WhatsApp SIMULATION] From: whatsapp:+14155238886 -> To: +123456789
2026-02-11 09:52:11,775 - app.services.notification_service - INFO -    Message: 🚨 Sales Alert: Sales for Body Wash dropped by >60%!
2026-02-11 09:52:11,775 - app.services.notification_service - INFO - 🔔 [System Notification] Sales Alert: Sales for Hand Sanitizer dropped by >60%! (Severity: high)
2026-02-11 09:52:11,775 - app.services.notification_service - INFO - 📱 [WhatsApp SIMULATION] From: whatsapp:+14155238886 -> To: +123456789
2026-02-11 09:52:11,776 - app.services.notification_service - INFO -    Message: 🚨 Sales Alert: Sales for Hand Sanitizer dropped by >60%!
2026-02-11 09:52:11,777 - app.services.notification_service - INFO - 🔔 [System Notification] Sales Alert: Sales for Potato Chips (Salt) dropped by >60%! (Severity: high)
2026-02-11 09:52:11,777 - app.services.notification_service - INFO - 📱 [WhatsApp SIMULATION] From: whatsapp:+14155238886 -> To: +123456789
2026-02-11 09:52:11,777 - app.services.notification_service - INFO -    Message: 🚨 Sales Alert: Sales for Potato Chips (Salt) dropped by >60%!
2026-02-11 09:52:11,778 - app.services.notification_service - INFO - 🔔 [System Notification] Sales Alert: Sales for Chocolate Bar dropped by >60%! (Severity: high)
2026-02-11 09:52:11,778 - app.services.notification_service - INFO - 📱 [WhatsApp SIMULATION] From: whatsapp:+14155238886 -> To: +123456789
2026-02-11 09:52:11,778 - app.services.notification_service - INFO -    Message: 🚨 Sales Alert: Sales for Chocolate Bar dropped by >60%!
2026-02-11 09:52:11,779 - app.services.notification_service - INFO - 🔔 [System Notification] Sales Alert: Sales for Cookies (Choc Chip) dropped by >60%! (Severity: high)
2026-02-11 09:52:11,779 - app.services.notification_service - INFO - 📱 [WhatsApp SIMULATION] From: whatsapp:+14155238886 -> To: +123456789
2026-02-11 09:52:11,780 - app.services.notification_service - INFO -    Message: 🚨 Sales Alert: Sales for Cookies (Choc Chip) dropped by >60%!
2026-02-11 09:52:11,780 - app.services.notification_service - INFO - 🔔 [System Notification] Sales Alert: Sales for Roasted Nuts dropped by >60%! (Severity: high)
2026-02-11 09:52:11,781 - app.services.notification_service - INFO - 📱 [WhatsApp SIMULATION] From: whatsapp:+14155238886 -> To: +123456789
2026-02-11 09:52:11,781 - app.services.notification_service - INFO -    Message: 🚨 Sales Alert: Sales for Roasted Nuts dropped by >60%!
2026-03-01 19:40:34,252 - app.services.analytics_service - ERROR - Error in prediction: 'price'
2026-03-01 19:42:12,542 - app.services.analytics_service - ERROR - Error in prediction: 'price'
2026-03-01 19:49:22,434 - app.services.analytics_service - ERROR - Error in prediction: 'price'
2026-03-01 19:51:58,062 - app.services.analytics_service - ERROR - Error in prediction: 'price'
2026-03-01 19:54:41,518 - app.services.analytics_service - ERROR - Error in prediction: 'price'
2026-03-10 19:14:19,288 - app.services.notification_service - INFO - 🔔 [System Notification] Sales Alert: Sales for Banana dropped by >60%! (Severity: high)
2026-03-10 19:14:19,289 - app.services.notification_service - INFO - 📱 [WhatsApp SIMULATION] From: whatsapp:+14155238886 -> To: +123456789
2026-03-10 19:14:19,290 - app.services.notification_service - INFO -    Message: 🚨 Sales Alert: Sales for Banana dropped by >60%!
2026-03-10 19:14:19,290 - app.services.notification_service - INFO - 🔔 [System Notification] Sales Alert: Sales for Blueberries dropped by >60%! (Severity: high)
2026-03-10 19:14:19,291 - app.services.notification_service - INFO - 📱 [WhatsApp SIMULATION] From: whatsapp:+14155238886 -> To: +123456789
2026-03-10 19:14:19,291 - app.services.notification_service - INFO -    Message: 🚨 Sales Alert: Sales for Blueberries dropped by >60%!
2026-03-10 19:14:19,291 - app.services.notification_service - INFO - 🔔 [System Notification] Sales Alert: Sales for Toothbrush dropped by >60%! (Severity: high)
2026-03-10 19:14:19,292 - app.services.notification_service - INFO - 📱 [WhatsApp SIMULATION] From: whatsapp:+14155238886 -> To: +123456789
2026-03-10 19:14:19,292 - app.services.notification_service - INFO -    Message: 🚨 Sales Alert: Sales for Toothbrush dropped by >60%!
2026-03-10 19:14:19,292 - app.services.notification_service - INFO - 🔔 [System Notification] Sales Alert: Sales for Toothpaste dropped by >60%! (Severity: high)
2026-03-10 19:14:19,293 - app.services.notification_service - INFO - 📱 [WhatsApp SIMULATION] From: whatsapp:+14155238886 -> To: +123456789
2026-03-10 19:14:19,293 - app.services.notification_service - INFO -    Message: 🚨 Sales Alert: Sales for Toothpaste dropped by >60%!
2026-03-10 19:14:19,293 - app.services.notification_service - INFO - 🔔 [System Notification] Sales Alert: Sales for Mineral Water dropped by >60%! (Severity: high)
2026-03-10 19:14:19,293 - app.services.notification_service - INFO - 📱 [WhatsApp SIMULATION] From: whatsapp:+14155238886 -> To: +123456789
2026-03-10 19:14:19,293 - app.services.notification_service - INFO -    Message: 🚨 Sales Alert: Sales for Mineral Water dropped by >60%!
2026-03-10 19:14:19,294 - app.services.notification_service - INFO - 🔔 [System Notification] Sales Alert: Sales for Burger dropped by >60%! (Severity: high)
2026-03-10 19:14:19,294 - app.services.notification_service - INFO - 📱 [WhatsApp SIMULATION] From: whatsapp:+14155238886 -> To: +123456789
2026-03-10 19:14:19,294 - app.services.notification_service - INFO -    Message: 🚨 Sales Alert: Sales for Burger dropped by >60%!
2026-03-10 19:14:19,295 - app.services.notification_service - INFO - 🔔 [System Notification] Sales Alert: Sales for Fries dropped by >60%! (Severity: high)
2026-03-10 19:14:19,295 - app.services.notification_service - INFO - 📱 [WhatsApp SIMULATION] From: whatsapp:+14155238886 -> To: +123456789
2026-03-10 19:14:19,295 - app.services.notification_service - INFO -    Message: 🚨 Sales Alert: Sales for Fries dropped by >60%!
2026-03-10 19:14:19,296 - app.services.notification_service - INFO - 🔔 [System Notification] Sales Alert: Sales for Fresh Milk 1L dropped by >60%! (Severity: high)
2026-03-10 19:14:19,296 - app.services.notification_service - INFO - 📱 [WhatsApp SIMULATION] From: whatsapp:+14155238886 -> To: +123456789
2026-03-10 19:14:19,296 - app.services.notification_service - INFO -    Message: 🚨 Sales Alert: Sales for Fresh Milk 1L dropped by >60%!
2026-03-10 19:14:19,297 - app.services.notification_service - INFO - 🔔 [System Notification] Sales Alert: Sales for Cheddar CheeseBlock dropped by >60%! (Severity: high)
2026-03-10 19:14:19,297 - app.services.notification_service - INFO - 📱 [WhatsApp SIMULATION] From: whatsapp:+14155238886 -> To: +123456789
2026-03-10 19:14:19,298 - app.services.notification_service - INFO -    Message: 🚨 Sales Alert: Sales for Cheddar CheeseBlock dropped by >60%!
2026-03-10 19:14:19,298 - app.services.notification_service - INFO - 🔔 [System Notification] Sales Alert: Sales for Greek Yogurt 500g dropped by >60%! (Severity: high)
2026-03-10 19:14:19,298 - app.services.notification_service - INFO - 📱 [WhatsApp SIMULATION] From: whatsapp:+14155238886 -> To: +123456789
2026-03-10 19:14:19,299 - app.services.notification_service - INFO -    Message: 🚨 Sales Alert: Sales for Greek Yogurt 500g dropped by >60%!
2026-03-10 19:14:19,299 - app.services.notification_service - INFO - 🔔 [System Notification] Sales Alert: Sales for Salted Butter dropped by >60%! (Severity: high)
2026-03-10 19:14:19,299 - app.services.notification_service - INFO - 📱 [WhatsApp SIMULATION] From: whatsapp:+14155238886 -> To: +123456789
2026-03-10 19:14:19,300 - app.services.notification_service - INFO -    Message: 🚨 Sales Alert: Sales for Salted Butter dropped by >60%!
2026-03-10 19:14:19,300 - app.services.notification_service - INFO - 🔔 [System Notification] Sales Alert: Sales for Whole Wheat Bread dropped by >60%! (Severity: high)
2026-03-10 19:14:19,300 - app.services.notification_service - INFO - 📱 [WhatsApp SIMULATION] From: whatsapp:+14155238886 -> To: +123456789
2026-03-10 19:14:19,300 - app.services.notification_service - INFO -    Message: 🚨 Sales Alert: Sales for Whole Wheat Bread dropped by >60%!
2026-03-10 19:14:19,301 - app.services.notification_service - INFO - 🔔 [System Notification] Sales Alert: Sales for Croissant (Pack of 4) dropped by >60%! (Severity: high)
2026-03-10 19:14:19,301 - app.services.notification_service - INFO - 📱 [WhatsApp SIMULATION] From: whatsapp:+14155238886 -> To: +123456789
2026-03-10 19:14:19,301 - app.services.notification_service - INFO -    Message: 🚨 Sales Alert: Sales for Croissant (Pack of 4) dropped by >60%!
2026-03-10 19:14:19,302 - app.services.notification_service - INFO - 🔔 [System Notification] Sales Alert: Sales for Bagels (Pack of 6) dropped by >60%! (Severity: high)
2026-03-10 19:14:19,302 - app.services.notification_service - INFO - 📱 [WhatsApp SIMULATION] From: whatsapp:+14155238886 -> To: +123456789
2026-03-10 19:14:19,302 - app.services.notification_service - INFO -    Message: 🚨 Sales Alert: Sales for Bagels (Pack of 6) dropped by >60%!
2026-03-10 19:14:19,303 - app.services.notification_service - INFO - 🔔 [System Notification] Sales Alert: Sales for Chocolate Muffin dropped by >60%! (Severity: high)
2026-03-10 19:14:19,303 - app.services.notification_service - INFO - 📱 [WhatsApp SIMULATION] From: whatsapp:+14155238886 -> To: +123456789
2026-03-10 19:14:19,303 - app.services.notification_service - INFO -    Message: 🚨 Sales Alert: Sales for Chocolate Muffin dropped by >60%!
2026-03-10 19:14:19,304 - app.services.notification_service - INFO - 🔔 [System Notification] Sales Alert: Sales for Mineral Water 600ml dropped by >60%! (Severity: high)
2026-03-10 19:14:19,304 - app.services.notification_service - INFO - 📱 [WhatsApp SIMULATION] From: whatsapp:+14155238886 -> To: +123456789
2026-03-10 19:14:19,304 - app.services.notification_service - INFO -    Message: 🚨 Sales Alert: Sales for Mineral Water 600ml dropped by >60%!
2026-03-10 19:14:19,304 - app.services.notification_service - INFO - 🔔 [System Notification] Sales Alert: Sales for Orange Juice 1L dropped by >60%! (Severity: high)
2026-03-10 19:14:19,305 - app.services.notification_service - INFO - 📱 [WhatsApp SIMULATION] From: whatsapp:+14155238886 -> To: +123456789
2026-03-10 19:14:19,305 - app.services.notification_service - INFO -    Message: 🚨 Sales Alert: Sales for Orange Juice 1L dropped by >60%!
2026-03-10 19:14:19,306 - app.services.notification_service - INFO - 🔔 [System Notification] Sales Alert: Sales for Cola Can 330ml dropped by >60%! (Severity: high)
2026-03-10 19:14:19,306 - app.services.notification_service - INFO - 📱 [WhatsApp SIMULATION] From: whatsapp:+14155238886 -> To: +123456789
2026-03-10 19:14:19,306 - app.services.notification_service - INFO -    Message: 🚨 Sales Alert: Sales for Cola Can 330ml dropped by >60%!
2026-03-10 19:14:19,306 - app.services.notification_service - INFO - 🔔 [System Notification] Sales Alert: Sales for Craft Beer IPA dropped by >60%! (Severity: high)
2026-03-10 19:14:19,306 - app.services.notification_service - INFO - 📱 [WhatsApp SIMULATION] From: whatsapp:+14155238886 -> To: +123456789
2026-03-10 19:14:19,307 - app.services.notification_service - INFO -    Message: 🚨 Sales Alert: Sales for Craft Beer IPA dropped by >60%!
2026-03-10 19:14:19,307 - app.services.notification_service - INFO - 🔔 [System Notification] Sales Alert: Sales for Red Wine (Cab Sauv) dropped by >60%! (Severity: high)
2026-03-10 19:14:19,307 - app.services.notification_service - INFO - 📱 [WhatsApp SIMULATION] From: whatsapp:+14155238886 -> To: +123456789
2026-03-10 19:14:19,307 - app.services.notification_service - INFO -    Message: 🚨 Sales Alert: Sales for Red Wine (Cab Sauv) dropped by >60%!
2026-03-10 19:14:19,308 - app.services.notification_service - INFO - 🔔 [System Notification] Sales Alert: Sales for Energy Drink dropped by >60%! (Severity: high)
2026-03-10 19:14:19,308 - app.services.notification_service - INFO - 📱 [WhatsApp SIMULATION] From: whatsapp:+14155238886 -> To: +123456789
2026-03-10 19:14:19,308 - app.services.notification_service - INFO -    Message: 🚨 Sales Alert: Sales for Energy Drink dropped by >60%!
2026-03-10 19:14:19,308 - app.services.notification_service - INFO - 🔔 [System Notification] Sales Alert: Sales for Banana (Bunch) dropped by >60%! (Severity: high)
2026-03-10 19:14:19,309 - app.services.notification_service - INFO - 📱 [WhatsApp SIMULATION] From: whatsapp:+14155238886 -> To: +123456789
2026-03-10 19:14:19,309 - app.services.notification_service - INFO -    Message: 🚨 Sales Alert: Sales for Banana (Bunch) dropped by >60%!
2026-03-10 19:14:19,309 - app.services.notification_service - INFO - 🔔 [System Notification] Sales Alert: Sales for Gala Apples (1kg) dropped by >60%! (Severity: high)
2026-03-10 19:14:19,309 - app.services.notification_service - INFO - 📱 [WhatsApp SIMULATION] From: whatsapp:+14155238886 -> To: +123456789
2026-03-10 19:14:19,310 - app.services.notification_service - INFO -    Message: 🚨 Sales Alert: Sales for Gala Apples (1kg) dropped by >60%!
2026-03-10 19:14:19,311 - app.services.notification_service - INFO - 🔔 [System Notification] Sales Alert: Sales for Avocado dropped by >60%! (Severity: high)
2026-03-10 19:14:19,312 - app.services.notification_service - INFO - 📱 [WhatsApp SIMULATION] From: whatsapp:+14155238886 -> To: +123456789
2026-03-10 19:14:19,312 - app.services.notification_service - INFO -    Message: 🚨 Sales Alert: Sales for Avocado dropped by >60%!
2026-03-10 19:14:19,313 - app.services.notification_service - INFO - 🔔 [System Notification] Sales Alert: Sales for Baby Spinach Mix dropped by >60%! (Severity: high)
2026-03-10 19:14:19,313 - app.services.notification_service - INFO - 📱 [WhatsApp SIMULATION] From: whatsapp:+14155238886 -> To: +123456789
2026-03-10 19:14:19,313 - app.services.notification_service - INFO -    Message: 🚨 Sales Alert: Sales for Baby Spinach Mix dropped by >60%!
2026-03-10 19:14:19,313 - app.services.notification_service - INFO - 🔔 [System Notification] Sales Alert: Sales for Tomatoes (500g) dropped by >60%! (Severity: high)
2026-03-10 19:14:19,314 - app.services.notification_service - INFO - 📱 [WhatsApp SIMULATION] From: whatsapp:+14155238886 -> To: +123456789
2026-03-10 19:14:19,314 - app.services.notification_service - INFO -    Message: 🚨 Sales Alert: Sales for Tomatoes (500g) dropped by >60%!
2026-03-10 19:14:19,314 - app.services.notification_service - INFO - 🔔 [System Notification] Sales Alert: Sales for Carrots (1kg) dropped by >60%! (Severity: high)
2026-03-10 19:14:19,314 - app.services.notification_service - INFO - 📱 [WhatsApp SIMULATION] From: whatsapp:+14155238886 -> To: +123456789
2026-03-10 19:14:19,314 - app.services.notification_service - INFO -    Message: 🚨 Sales Alert: Sales for Carrots (1kg) dropped by >60%!
2026-03-10 19:14:19,315 - app.services.notification_service - INFO - 🔔 [System Notification] Sales Alert: Sales for Pasta Spaghetti 500g dropped by >60%! (Severity: high)
2026-03-10 19:14:19,315 - app.services.notification_service - INFO - 📱 [WhatsApp SIMULATION] From: whatsapp:+14155238886 -> To: +123456789
2026-03-10 19:14:19,315 - app.services.notification_service - INFO -    Message: 🚨 Sales Alert: Sales for Pasta Spaghetti 500g dropped by >60%!
2026-03-10 19:14:19,315 - app.services.notification_service - INFO - 🔔 [System Notification] Sales Alert: Sales for Pasta Sauce (Tomato) dropped by >60%! (Severity: high)
2026-03-10 19:14:19,316 - app.services.notification_service - INFO - 📱 [WhatsApp SIMULATION] From: whatsapp:+14155238886 -> To: +123456789
2026-03-10 19:14:19,316 - app.services.notification_service - INFO -    Message: 🚨 Sales Alert: Sales for Pasta Sauce (Tomato) dropped by >60%!
2026-03-10 19:14:19,316 - app.services.notification_service - INFO - 🔔 [System Notification] Sales Alert: Sales for Olive Oil 500ml dropped by >60%! (Severity: high)
2026-03-10 19:14:19,316 - app.services.notification_service - INFO - 📱 [WhatsApp SIMULATION] From: whatsapp:+14155238886 -> To: +123456789
2026-03-10 19:14:19,316 - app.services.notification_service - INFO -    Message: 🚨 Sales Alert: Sales for Olive Oil 500ml dropped by >60%!
2026-03-10 19:14:19,317 - app.services.notification_service - INFO - 🔔 [System Notification] Sales Alert: Sales for Jasmine Rice 5kg dropped by >60%! (Severity: high)
2026-03-10 19:14:19,317 - app.services.notification_service - INFO - 📱 [WhatsApp SIMULATION] From: whatsapp:+14155238886 -> To: +123456789
2026-03-10 19:14:19,317 - app.services.notification_service - INFO -    Message: 🚨 Sales Alert: Sales for Jasmine Rice 5kg dropped by >60%!
2026-03-10 19:14:19,317 - app.services.notification_service - INFO - 🔔 [System Notification] Sales Alert: Sales for Breakfast Cereal dropped by >60%! (Severity: high)
2026-03-10 19:14:19,317 - app.services.notification_service - INFO - 📱 [WhatsApp SIMULATION] From: whatsapp:+14155238886 -> To: +123456789
2026-03-10 19:14:19,318 - app.services.notification_service - INFO -    Message: 🚨 Sales Alert: Sales for Breakfast Cereal dropped by >60%!
2026-03-10 19:14:19,318 - app.services.notification_service - INFO - 🔔 [System Notification] Sales Alert: Sales for Instant Noodles (5pk) dropped by >60%! (Severity: high)
2026-03-10 19:14:19,318 - app.services.notification_service - INFO - 📱 [WhatsApp SIMULATION] From: whatsapp:+14155238886 -> To: +123456789
2026-03-10 19:14:19,318 - app.services.notification_service - INFO -    Message: 🚨 Sales Alert: Sales for Instant Noodles (5pk) dropped by >60%!
2026-03-10 19:14:19,319 - app.services.notification_service - INFO - 🔔 [System Notification] Sales Alert: Sales for Tomato Ketchup dropped by >60%! (Severity: high)
2026-03-10 19:14:19,319 - app.services.notification_service - INFO - 📱 [WhatsApp SIMULATION] From: whatsapp:+14155238886 -> To: +123456789
2026-03-10 19:14:19,319 - app.services.notification_service - INFO -    Message: 🚨 Sales Alert: Sales for Tomato Ketchup dropped by >60%!
2026-03-10 19:14:19,319 - app.services.notification_service - INFO - 🔔 [System Notification] Sales Alert: Sales for Toilet Paper (12pk) dropped by >60%! (Severity: high)
2026-03-10 19:14:19,319 - app.services.notification_service - INFO - 📱 [WhatsApp SIMULATION] From: whatsapp:+14155238886 -> To: +123456789
2026-03-10 19:14:19,319 - app.services.notification_service - INFO -    Message: 🚨 Sales Alert: Sales for Toilet Paper (12pk) dropped by >60%!
2026-03-10 19:14:19,320 - app.services.notification_service - INFO - 🔔 [System Notification] Sales Alert: Sales for Laundry Detergent 2L dropped by >60%! (Severity: high)
2026-03-10 19:14:19,320 - app.services.notification_service - INFO - 📱 [WhatsApp SIMULATION] From: whatsapp:+14155238886 -> To: +123456789
2026-03-10 19:14:19,320 - app.services.notification_service - INFO -    Message: 🚨 Sales Alert: Sales for Laundry Detergent 2L dropped by >60%!
2026-03-10 19:14:19,321 - app.services.notification_service - INFO - 🔔 [System Notification] Sales Alert: Sales for Dish Soap 500ml dropped by >60%! (Severity: high)
2026-03-10 19:14:19,321 - app.services.notification_service - INFO - 📱 [WhatsApp SIMULATION] From: whatsapp:+14155238886 -> To: +123456789
2026-03-10 19:14:19,321 - app.services.notification_service - INFO -    Message: 🚨 Sales Alert: Sales for Dish Soap 500ml dropped by >60%!
2026-03-10 19:14:19,321 - app.services.notification_service - INFO - 🔔 [System Notification] Sales Alert: Sales for AA Batteries (4pk) dropped by >60%! (Severity: high)
2026-03-10 19:14:19,322 - app.services.notification_service - INFO - 📱 [WhatsApp SIMULATION] From: whatsapp:+14155238886 -> To: +123456789
2026-03-10 19:14:19,322 - app.services.notification_service - INFO -    Message: 🚨 Sales Alert: Sales for AA Batteries (4pk) dropped by >60%!
2026-03-10 19:14:19,322 - app.services.notification_service - INFO - 🔔 [System Notification] Sales Alert: Sales for Toothpaste Mint dropped by >60%! (Severity: high)
2026-03-10 19:14:19,322 - app.services.notification_service - INFO - 📱 [WhatsApp SIMULATION] From: whatsapp:+14155238886 -> To: +123456789
2026-03-10 19:14:19,323 - app.services.notification_service - INFO -    Message: 🚨 Sales Alert: Sales for Toothpaste Mint dropped by >60%!
2026-03-10 19:14:19,323 - app.services.notification_service - INFO - 🔔 [System Notification] Sales Alert: Sales for Shampoo 400ml dropped by >60%! (Severity: high)
2026-03-10 19:14:19,323 - app.services.notification_service - INFO - 📱 [WhatsApp SIMULATION] From: whatsapp:+14155238886 -> To: +123456789
2026-03-10 19:14:19,323 - app.services.notification_service - INFO -    Message: 🚨 Sales Alert: Sales for Shampoo 400ml dropped by >60%!
2026-03-10 19:14:19,324 - app.services.notification_service - INFO - 🔔 [System Notification] Sales Alert: Sales for Body Wash dropped by >60%! (Severity: high)
2026-03-10 19:14:19,324 - app.services.notification_service - INFO - 📱 [WhatsApp SIMULATION] From: whatsapp:+14155238886 -> To: +123456789
2026-03-10 19:14:19,324 - app.services.notification_service - INFO -    Message: 🚨 Sales Alert: Sales for Body Wash dropped by >60%!
2026-03-10 19:14:19,324 - app.services.notification_service - INFO - 🔔 [System Notification] Sales Alert: Sales for Hand Sanitizer dropped by >60%! (Severity: high)
2026-03-10 19:14:19,324 - app.services.notification_service - INFO - 📱 [WhatsApp SIMULATION] From: whatsapp:+14155238886 -> To: +123456789
2026-03-10 19:14:19,325 - app.services.notification_service - INFO -    Message: 🚨 Sales Alert: Sales for Hand Sanitizer dropped by >60%!
2026-03-10 19:14:19,325 - app.services.notification_service - INFO - 🔔 [System Notification] Sales Alert: Sales for Potato Chips (Salt) dropped by >60%! (Severity: high)
2026-03-10 19:14:19,325 - app.services.notification_service - INFO - 📱 [WhatsApp SIMULATION] From: whatsapp:+14155238886 -> To: +123456789
2026-03-10 19:14:19,325 - app.services.notification_service - INFO -    Message: 🚨 Sales Alert: Sales for Potato Chips (Salt) dropped by >60%!
2026-03-10 19:14:19,326 - app.services.notification_service - INFO - 🔔 [System Notification] Sales Alert: Sales for Chocolate Bar dropped by >60%! (Severity: high)
2026-03-10 19:14:19,326 - app.services.notification_service - INFO - 📱 [WhatsApp SIMULATION] From: whatsapp:+14155238886 -> To: +123456789
2026-03-10 19:14:19,326 - app.services.notification_service - INFO -    Message: 🚨 Sales Alert: Sales for Chocolate Bar dropped by >60%!
2026-03-10 19:14:19,327 - app.services.notification_service - INFO - 🔔 [System Notification] Sales Alert: Sales for Cookies (Choc Chip) dropped by >60%! (Severity: high)
2026-03-10 19:14:19,327 - app.services.notification_service - INFO - 📱 [WhatsApp SIMULATION] From: whatsapp:+14155238886 -> To: +123456789
2026-03-10 19:14:19,327 - app.services.notification_service - INFO -    Message: 🚨 Sales Alert: Sales for Cookies (Choc Chip) dropped by >60%!
2026-03-10 19:14:19,327 - app.services.notification_service - INFO - 🔔 [System Notification] Sales Alert: Sales for Roasted Nuts dropped by >60%! (Severity: high)
2026-03-10 19:14:19,327 - app.services.notification_service - INFO - 📱 [WhatsApp SIMULATION] From: whatsapp:+14155238886 -> To: +123456789
2026-03-10 19:14:19,328 - app.services.notification_service - INFO -    Message: 🚨 Sales Alert: Sales for Roasted Nuts dropped by >60%!
2026-03-10 19:22:37,399 - app.services.notification_service - INFO - 🔔 [System Notification] Sales Alert: Sales for Banana dropped by >60%! (Severity: high)
2026-03-10 19:22:37,400 - app.services.notification_service - INFO - 📱 [WhatsApp SIMULATION] From: whatsapp:+14155238886 -> To: +123456789
2026-03-10 19:22:37,400 - app.services.notification_service - INFO -    Message: 🚨 Sales Alert: Sales for Banana dropped by >60%!
2026-03-10 19:22:37,401 - app.services.notification_service - INFO - 🔔 [System Notification] Sales Alert: Sales for Blueberries dropped by >60%! (Severity: high)
2026-03-10 19:22:37,401 - app.services.notification_service - INFO - 📱 [WhatsApp SIMULATION] From: whatsapp:+14155238886 -> To: +123456789
2026-03-10 19:22:37,401 - app.services.notification_service - INFO -    Message: 🚨 Sales Alert: Sales for Blueberries dropped by >60%!
2026-03-10 19:22:37,402 - app.services.notification_service - INFO - 🔔 [System Notification] Sales Alert: Sales for Toothbrush dropped by >60%! (Severity: high)
2026-03-10 19:22:37,402 - app.services.notification_service - INFO - 📱 [WhatsApp SIMULATION] From: whatsapp:+14155238886 -> To: +123456789
2026-03-10 19:22:37,402 - app.services.notification_service - INFO -    Message: 🚨 Sales Alert: Sales for Toothbrush dropped by >60%!
2026-03-10 19:22:37,403 - app.services.notification_service - INFO - 🔔 [System Notification] Sales Alert: Sales for Toothpaste dropped by >60%! (Severity: high)
2026-03-10 19:22:37,403 - app.services.notification_service - INFO - 📱 [WhatsApp SIMULATION] From: whatsapp:+14155238886 -> To: +123456789
2026-03-10 19:22:37,403 - app.services.notification_service - INFO -    Message: 🚨 Sales Alert: Sales for Toothpaste dropped by >60%!
2026-03-10 19:22:37,404 - app.services.notification_service - INFO - 🔔 [System Notification] Sales Alert: Sales for Mineral Water dropped by >60%! (Severity: high)
2026-03-10 19:22:37,404 - app.services.notification_service - INFO - 📱 [WhatsApp SIMULATION] From: whatsapp:+14155238886 -> To: +123456789
2026-03-10 19:22:37,404 - app.services.notification_service - INFO -    Message: 🚨 Sales Alert: Sales for Mineral Water dropped by >60%!
2026-03-10 19:22:37,405 - app.services.notification_service - INFO - 🔔 [System Notification] Sales Alert: Sales for Burger dropped by >60%! (Severity: high)
2026-03-10 19:22:37,405 - app.services.notification_service - INFO - 📱 [WhatsApp SIMULATION] From: whatsapp:+14155238886 -> To: +123456789
2026-03-10 19:22:37,405 - app.services.notification_service - INFO -    Message: 🚨 Sales Alert: Sales for Burger dropped by >60%!
2026-03-10 19:22:37,406 - app.services.notification_service - INFO - 🔔 [System Notification] Sales Alert: Sales for Fries dropped by >60%! (Severity: high)
2026-03-10 19:22:37,407 - app.services.notification_service - INFO - 📱 [WhatsApp SIMULATION] From: whatsapp:+14155238886 -> To: +123456789
2026-03-10 19:22:37,407 - app.services.notification_service - INFO -    Message: 🚨 Sales Alert: Sales for Fries dropped by >60%!
2026-03-10 19:22:37,409 - app.services.notification_service - INFO - 🔔 [System Notification] Sales Alert: Sales for Fresh Milk 1L dropped by >60%! (Severity: high)
2026-03-10 19:22:37,409 - app.services.notification_service - INFO - 📱 [WhatsApp SIMULATION] From: whatsapp:+14155238886 -> To: +123456789
2026-03-10 19:22:37,409 - app.services.notification_service - INFO -    Message: 🚨 Sales Alert: Sales for Fresh Milk 1L dropped by >60%!
2026-03-10 19:22:37,410 - app.services.notification_service - INFO - 🔔 [System Notification] Sales Alert: Sales for Cheddar CheeseBlock dropped by >60%! (Severity: high)
2026-03-10 19:22:37,410 - app.services.notification_service - INFO - 📱 [WhatsApp SIMULATION] From: whatsapp:+14155238886 -> To: +123456789
2026-03-10 19:22:37,410 - app.services.notification_service - INFO -    Message: 🚨 Sales Alert: Sales for Cheddar CheeseBlock dropped by >60%!
2026-03-10 19:22:37,411 - app.services.notification_service - INFO - 🔔 [System Notification] Sales Alert: Sales for Greek Yogurt 500g dropped by >60%! (Severity: high)
2026-03-10 19:22:37,411 - app.services.notification_service - INFO - 📱 [WhatsApp SIMULATION] From: whatsapp:+14155238886 -> To: +123456789
2026-03-10 19:22:37,411 - app.services.notification_service - INFO -    Message: 🚨 Sales Alert: Sales for Greek Yogurt 500g dropped by >60%!
2026-03-10 19:22:37,412 - app.services.notification_service - INFO - 🔔 [System Notification] Sales Alert: Sales for Salted Butter dropped by >60%! (Severity: high)
2026-03-10 19:22:37,412 - app.services.notification_service - INFO - 📱 [WhatsApp SIMULATION] From: whatsapp:+14155238886 -> To: +123456789
2026-03-10 19:22:37,413 - app.services.notification_service - INFO -    Message: 🚨 Sales Alert: Sales for Salted Butter dropped by >60%!
2026-03-10 19:22:37,414 - app.services.notification_service - INFO - 🔔 [System Notification] Sales Alert: Sales for Whole Wheat Bread dropped by >60%! (Severity: high)
2026-03-10 19:22:37,415 - app.services.notification_service - INFO - 📱 [WhatsApp SIMULATION] From: whatsapp:+14155238886 -> To: +123456789
2026-03-10 19:22:37,415 - app.services.notification_service - INFO -    Message: 🚨 Sales Alert: Sales for Whole Wheat Bread dropped by >60%!
2026-03-10 19:22:37,416 - app.services.notification_service - INFO - 🔔 [System Notification] Sales Alert: Sales for Croissant (Pack of 4) dropped by >60%! (Severity: high)
2026-03-10 19:22:37,416 - app.services.notification_service - INFO - 📱 [WhatsApp SIMULATION] From: whatsapp:+14155238886 -> To: +123456789
2026-03-10 19:22:37,416 - app.services.notification_service - INFO -    Message: 🚨 Sales Alert: Sales for Croissant (Pack of 4) dropped by >60%!
2026-03-10 19:22:37,417 - app.services.notification_service - INFO - 🔔 [System Notification] Sales Alert: Sales for Bagels (Pack of 6) dropped by >60%! (Severity: high)
2026-03-10 19:22:37,417 - app.services.notification_service - INFO - 📱 [WhatsApp SIMULATION] From: whatsapp:+14155238886 -> To: +123456789
2026-03-10 19:22:37,417 - app.services.notification_service - INFO -    Message: 🚨 Sales Alert: Sales for Bagels (Pack of 6) dropped by >60%!
2026-03-10 19:22:37,418 - app.services.notification_service - INFO - 🔔 [System Notification] Sales Alert: Sales for Chocolate Muffin dropped by >60%! (Severity: high)
2026-03-10 19:22:37,418 - app.services.notification_service - INFO - 📱 [WhatsApp SIMULATION] From: whatsapp:+14155238886 -> To: +123456789
2026-03-10 19:22:37,418 - app.services.notification_service - INFO -    Message: 🚨 Sales Alert: Sales for Chocolate Muffin dropped by >60%!
2026-03-10 19:22:37,418 - app.services.notification_service - INFO - 🔔 [System Notification] Sales Alert: Sales for Mineral Water 600ml dropped by >60%! (Severity: high)
2026-03-10 19:22:37,418 - app.services.notification_service - INFO - 📱 [WhatsApp SIMULATION] From: whatsapp:+14155238886 -> To: +123456789
2026-03-10 19:22:37,418 - app.services.notification_service - INFO -    Message: 🚨 Sales Alert: Sales for Mineral Water 600ml dropped by >60%!
2026-03-10 19:22:37,419 - app.services.notification_service - INFO - 🔔 [System Notification] Sales Alert: Sales for Orange Juice 1L dropped by >60%! (Severity: high)
2026-03-10 19:22:37,419 - app.services.notification_service - INFO - 📱 [WhatsApp SIMULATION] From: whatsapp:+14155238886 -> To: +123456789
2026-03-10 19:22:37,419 - app.services.notification_service - INFO -    Message: 🚨 Sales Alert: Sales for Orange Juice 1L dropped by >60%!
2026-03-10 19:22:37,419 - app.services.notification_service - INFO - 🔔 [System Notification] Sales Alert: Sales for Cola Can 330ml dropped by >60%! (Severity: high)
2026-03-10 19:22:37,421 - app.services.notification_service - INFO - 📱 [WhatsApp SIMULATION] From: whatsapp:+14155238886 -> To: +123456789
2026-03-10 19:22:37,422 - app.services.notification_service - INFO -    Message: 🚨 Sales Alert: Sales for Cola Can 330ml dropped by >60%!
2026-03-10 19:22:37,423 - app.services.notification_service - INFO - 🔔 [System Notification] Sales Alert: Sales for Craft Beer IPA dropped by >60%! (Severity: high)
2026-03-10 19:22:37,423 - app.services.notification_service - INFO - 📱 [WhatsApp SIMULATION] From: whatsapp:+14155238886 -> To: +123456789
2026-03-10 19:22:37,423 - app.services.notification_service - INFO -    Message: 🚨 Sales Alert: Sales for Craft Beer IPA dropped by >60%!
2026-03-10 19:22:37,424 - app.services.notification_service - INFO - 🔔 [System Notification] Sales Alert: Sales for Red Wine (Cab Sauv) dropped by >60%! (Severity: high)
2026-03-10 19:22:37,424 - app.services.notification_service - INFO - 📱 [WhatsApp SIMULATION] From: whatsapp:+14155238886 -> To: +123456789
2026-03-10 19:22:37,424 - app.services.notification_service - INFO -    Message: 🚨 Sales Alert: Sales for Red Wine (Cab Sauv) dropped by >60%!
2026-03-10 19:22:37,424 - app.services.notification_service - INFO - 🔔 [System Notification] Sales Alert: Sales for Energy Drink dropped by >60%! (Severity: high)
2026-03-10 19:22:37,424 - app.services.notification_service - INFO - 📱 [WhatsApp SIMULATION] From: whatsapp:+14155238886 -> To: +123456789
2026-03-10 19:22:37,424 - app.services.notification_service - INFO -    Message: 🚨 Sales Alert: Sales for Energy Drink dropped by >60%!
2026-03-10 19:22:37,425 - app.services.notification_service - INFO - 🔔 [System Notification] Sales Alert: Sales for Banana (Bunch) dropped by >60%! (Severity: high)
2026-03-10 19:22:37,425 - app.services.notification_service - INFO - 📱 [WhatsApp SIMULATION] From: whatsapp:+14155238886 -> To: +123456789
2026-03-10 19:22:37,425 - app.services.notification_service - INFO -    Message: 🚨 Sales Alert: Sales for Banana (Bunch) dropped by >60%!
2026-03-10 19:22:37,426 - app.services.notification_service - INFO - 🔔 [System Notification] Sales Alert: Sales for Gala Apples (1kg) dropped by >60%! (Severity: high)
2026-03-10 19:22:37,426 - app.services.notification_service - INFO - 📱 [WhatsApp SIMULATION] From: whatsapp:+14155238886 -> To: +123456789
2026-03-10 19:22:37,426 - app.services.notification_service - INFO -    Message: 🚨 Sales Alert: Sales for Gala Apples (1kg) dropped by >60%!
2026-03-10 19:22:37,426 - app.services.notification_service - INFO - 🔔 [System Notification] Sales Alert: Sales for Avocado dropped by >60%! (Severity: high)
2026-03-10 19:22:37,426 - app.services.notification_service - INFO - 📱 [WhatsApp SIMULATION] From: whatsapp:+14155238886 -> To: +123456789
2026-03-10 19:22:37,426 - app.services.notification_service - INFO -    Message: 🚨 Sales Alert: Sales for Avocado dropped by >60%!
2026-03-10 19:22:37,427 - app.services.notification_service - INFO - 🔔 [System Notification] Sales Alert: Sales for Baby Spinach Mix dropped by >60%! (Severity: high)
2026-03-10 19:22:37,427 - app.services.notification_service - INFO - 📱 [WhatsApp SIMULATION] From: whatsapp:+14155238886 -> To: +123456789
2026-03-10 19:22:37,428 - app.services.notification_service - INFO -    Message: 🚨 Sales Alert: Sales for Baby Spinach Mix dropped by >60%!
2026-03-10 19:22:37,429 - app.services.notification_service - INFO - 🔔 [System Notification] Sales Alert: Sales for Tomatoes (500g) dropped by >60%! (Severity: high)
2026-03-10 19:22:37,429 - app.services.notification_service - INFO - 📱 [WhatsApp SIMULATION] From: whatsapp:+14155238886 -> To: +123456789
2026-03-10 19:22:37,429 - app.services.notification_service - INFO -    Message: 🚨 Sales Alert: Sales for Tomatoes (500g) dropped by >60%!
2026-03-10 19:22:37,430 - app.services.notification_service - INFO - 🔔 [System Notification] Sales Alert: Sales for Carrots (1kg) dropped by >60%! (Severity: high)
2026-03-10 19:22:37,430 - app.services.notification_service - INFO - 📱 [WhatsApp SIMULATION] From: whatsapp:+14155238886 -> To: +123456789
2026-03-10 19:22:37,430 - app.services.notification_service - INFO -    Message: 🚨 Sales Alert: Sales for Carrots (1kg) dropped by >60%!
2026-03-10 19:22:37,431 - app.services.notification_service - INFO - 🔔 [System Notification] Sales Alert: Sales for Pasta Spaghetti 500g dropped by >60%! (Severity: high)
2026-03-10 19:22:37,431 - app.services.notification_service - INFO - 📱 [WhatsApp SIMULATION] From: whatsapp:+14155238886 -> To: +123456789
2026-03-10 19:22:37,431 - app.services.notification_service - INFO -    Message: 🚨 Sales Alert: Sales for Pasta Spaghetti 500g dropped by >60%!
2026-03-10 19:22:37,432 - app.services.notification_service - INFO - 🔔 [System Notification] Sales Alert: Sales for Pasta Sauce (Tomato) dropped by >60%! (Severity: high)
2026-03-10 19:22:37,432 - app.services.notification_service - INFO - 📱 [WhatsApp SIMULATION] From: whatsapp:+14155238886 -> To: +123456789
2026-03-10 19:22:37,432 - app.services.notification_service - INFO -    Message: 🚨 Sales Alert: Sales for Pasta Sauce (Tomato) dropped by >60%!
2026-03-10 19:22:37,432 - app.services.notification_service - INFO - 🔔 [System Notification] Sales Alert: Sales for Olive Oil 500ml dropped by >60%! (Severity: high)
2026-03-10 19:22:37,433 - app.services.notification_service - INFO - 📱 [WhatsApp SIMULATION] From: whatsapp:+14155238886 -> To: +123456789
2026-03-10 19:22:37,433 - app.services.notification_service - INFO -    Message: 🚨 Sales Alert: Sales for Olive Oil 500ml dropped by >60%!
2026-03-10 19:22:37,433 - app.services.notification_service - INFO - 🔔 [System Notification] Sales Alert: Sales for Jasmine Rice 5kg dropped by >60%! (Severity: high)
2026-03-10 19:22:37,433 - app.services.notification_service - INFO - 📱 [WhatsApp SIMULATION] From: whatsapp:+14155238886 -> To: +123456789
2026-03-10 19:22:37,434 - app.services.notification_service - INFO -    Message: 🚨 Sales Alert: Sales for Jasmine Rice 5kg dropped by >60%!
2026-03-10 19:22:37,435 - app.services.notification_service - INFO - 🔔 [System Notification] Sales Alert: Sales for Breakfast Cereal dropped by >60%! (Severity: high)
2026-03-10 19:22:37,435 - app.services.notification_service - INFO - 📱 [WhatsApp SIMULATION] From: whatsapp:+14155238886 -> To: +123456789
2026-03-10 19:22:37,435 - app.services.notification_service - INFO -    Message: 🚨 Sales Alert: Sales for Breakfast Cereal dropped by >60%!
2026-03-10 19:22:37,436 - app.services.notification_service - INFO - 🔔 [System Notification] Sales Alert: Sales for Instant Noodles (5pk) dropped by >60%! (Severity: high)
2026-03-10 19:22:37,436 - app.services.notification_service - INFO - 📱 [WhatsApp SIMULATION] From: whatsapp:+14155238886 -> To: +123456789
2026-03-10 19:22:37,436 - app.services.notification_service - INFO -    Message: 🚨 Sales Alert: Sales for Instant Noodles (5pk) dropped by >60%!
2026-03-10 19:22:37,437 - app.services.notification_service - INFO - 🔔 [System Notification] Sales Alert: Sales for Tomato Ketchup dropped by >60%! (Severity: high)
2026-03-10 19:22:37,438 - app.services.notification_service - INFO - 📱 [WhatsApp SIMULATION] From: whatsapp:+14155238886 -> To: +123456789
2026-03-10 19:22:37,438 - app.services.notification_service - INFO -    Message: 🚨 Sales Alert: Sales for Tomato Ketchup dropped by >60%!
2026-03-10 19:22:37,438 - app.services.notification_service - INFO - 🔔 [System Notification] Sales Alert: Sales for Toilet Paper (12pk) dropped by >60%! (Severity: high)
2026-03-10 19:22:37,438 - app.services.notification_service - INFO - 📱 [WhatsApp SIMULATION] From: whatsapp:+14155238886 -> To: +123456789
2026-03-10 19:22:37,439 - app.services.notification_service - INFO -    Message: 🚨 Sales Alert: Sales for Toilet Paper (12pk) dropped by >60%!
2026-03-10 19:22:37,439 - app.services.notification_service - INFO - 🔔 [System Notification] Sales Alert: Sales for Laundry Detergent 2L dropped by >60%! (Severity: high)
2026-03-10 19:22:37,439 - app.services.notification_service - INFO - 📱 [WhatsApp SIMULATION] From: whatsapp:+14155238886 -> To: +123456789
2026-03-10 19:22:37,440 - app.services.notification_service - INFO -    Message: 🚨 Sales Alert: Sales for Laundry Detergent 2L dropped by >60%!
2026-03-10 19:22:37,440 - app.services.notification_service - INFO - 🔔 [System Notification] Sales Alert: Sales for Dish Soap 500ml dropped by >60%! (Severity: high)
2026-03-10 19:22:37,440 - app.services.notification_service - INFO - 📱 [WhatsApp SIMULATION] From: whatsapp:+14155238886 -> To: +123456789
2026-03-10 19:22:37,441 - app.services.notification_service - INFO -    Message: 🚨 Sales Alert: Sales for Dish Soap 500ml dropped by >60%!
2026-03-10 19:22:37,442 - app.services.notification_service - INFO - 🔔 [System Notification] Sales Alert: Sales for AA Batteries (4pk) dropped by >60%! (Severity: high)
2026-03-10 19:22:37,442 - app.services.notification_service - INFO - 📱 [WhatsApp SIMULATION] From: whatsapp:+14155238886 -> To: +123456789
2026-03-10 19:22:37,442 - app.services.notification_service - INFO -    Message: 🚨 Sales Alert: Sales for AA Batteries (4pk) dropped by >60%!
2026-03-10 19:22:37,443 - app.services.notification_service - INFO - 🔔 [System Notification] Sales Alert: Sales for Toothpaste Mint dropped by >60%! (Severity: high)
2026-03-10 19:22:37,443 - app.services.notification_service - INFO - 📱 [WhatsApp SIMULATION] From: whatsapp:+14155238886 -> To: +123456789
2026-03-10 19:22:37,443 - app.services.notification_service - INFO -    Message: 🚨 Sales Alert: Sales for Toothpaste Mint dropped by >60%!
2026-03-10 19:22:37,444 - app.services.notification_service - INFO - 🔔 [System Notification] Sales Alert: Sales for Shampoo 400ml dropped by >60%! (Severity: high)
2026-03-10 19:22:37,444 - app.services.notification_service - INFO - 📱 [WhatsApp SIMULATION] From: whatsapp:+14155238886 -> To: +123456789
2026-03-10 19:22:37,444 - app.services.notification_service - INFO -    Message: 🚨 Sales Alert: Sales for Shampoo 400ml dropped by >60%!
2026-03-10 19:22:37,445 - app.services.notification_service - INFO - 🔔 [System Notification] Sales Alert: Sales for Body Wash dropped by >60%! (Severity: high)
2026-03-10 19:22:37,445 - app.services.notification_service - INFO - 📱 [WhatsApp SIMULATION] From: whatsapp:+14155238886 -> To: +123456789
2026-03-10 19:22:37,445 - app.services.notification_service - INFO -    Message: 🚨 Sales Alert: Sales for Body Wash dropped by >60%!
2026-03-10 19:22:37,445 - app.services.notification_service - INFO - 🔔 [System Notification] Sales Alert: Sales for Hand Sanitizer dropped by >60%! (Severity: high)
2026-03-10 19:22:37,446 - app.services.notification_service - INFO - 📱 [WhatsApp SIMULATION] From: whatsapp:+14155238886 -> To: +123456789
2026-03-10 19:22:37,446 - app.services.notification_service - INFO -    Message: 🚨 Sales Alert: Sales for Hand Sanitizer dropped by >60%!
2026-03-10 19:22:37,446 - app.services.notification_service - INFO - 🔔 [System Notification] Sales Alert: Sales for Potato Chips (Salt) dropped by >60%! (Severity: high)
2026-03-10 19:22:37,446 - app.services.notification_service - INFO - 📱 [WhatsApp SIMULATION] From: whatsapp:+14155238886 -> To: +123456789
2026-03-10 19:22:37,446 - app.services.notification_service - INFO -    Message: 🚨 Sales Alert: Sales for Potato Chips (Salt) dropped by >60%!
2026-03-10 19:22:37,447 - app.services.notification_service - INFO - 🔔 [System Notification] Sales Alert: Sales for Chocolate Bar dropped by >60%! (Severity: high)
2026-03-10 19:22:37,447 - app.services.notification_service - INFO - 📱 [WhatsApp SIMULATION] From: whatsapp:+14155238886 -> To: +123456789
2026-03-10 19:22:37,447 - app.services.notification_service - INFO -    Message: 🚨 Sales Alert: Sales for Chocolate Bar dropped by >60%!
2026-03-10 19:22:37,448 - app.services.notification_service - INFO - 🔔 [System Notification] Sales Alert: Sales for Cookies (Choc Chip) dropped by >60%! (Severity: high)
2026-03-10 19:22:37,448 - app.services.notification_service - INFO - 📱 [WhatsApp SIMULATION] From: whatsapp:+14155238886 -> To: +123456789
2026-03-10 19:22:37,448 - app.services.notification_service - INFO -    Message: 🚨 Sales Alert: Sales for Cookies (Choc Chip) dropped by >60%!
2026-03-10 19:22:37,449 - app.services.notification_service - INFO - 🔔 [System Notification] Sales Alert: Sales for Roasted Nuts dropped by >60%! (Severity: high)
2026-03-10 19:22:37,449 - app.services.notification_service - INFO - 📱 [WhatsApp SIMULATION] From: whatsapp:+14155238886 -> To: +123456789
2026-03-10 19:22:37,449 - app.services.notification_service - INFO -    Message: 🚨 Sales Alert: Sales for Roasted Nuts dropped by >60%!
2026-03-10 19:28:27,436 - app.services.notification_service - INFO - 🔔 [System Notification] Sales Alert: Sales for Banana dropped by >60%! (Severity: high)
2026-03-10 19:28:27,437 - app.services.notification_service - INFO - 📱 [WhatsApp SIMULATION] From: whatsapp:+14155238886 -> To: +123456789
2026-03-10 19:28:27,437 - app.services.notification_service - INFO -    Message: 🚨 Sales Alert: Sales for Banana dropped by >60%!
2026-03-10 19:28:27,437 - app.services.notification_service - INFO - 🔔 [System Notification] Sales Alert: Sales for Blueberries dropped by >60%! (Severity: high)
2026-03-10 19:28:27,438 - app.services.notification_service - INFO - 📱 [WhatsApp SIMULATION] From: whatsapp:+14155238886 -> To: +123456789
2026-03-10 19:28:27,438 - app.services.notification_service - INFO -    Message: 🚨 Sales Alert: Sales for Blueberries dropped by >60%!
2026-03-10 19:28:27,438 - app.services.notification_service - INFO - 🔔 [System Notification] Sales Alert: Sales for Toothbrush dropped by >60%! (Severity: high)
2026-03-10 19:28:27,438 - app.services.notification_service - INFO - 📱 [WhatsApp SIMULATION] From: whatsapp:+14155238886 -> To: +123456789
2026-03-10 19:28:27,438 - app.services.notification_service - INFO -    Message: 🚨 Sales Alert: Sales for Toothbrush dropped by >60%!
2026-03-10 19:28:27,439 - app.services.notification_service - INFO - 🔔 [System Notification] Sales Alert: Sales for Toothpaste dropped by >60%! (Severity: high)
2026-03-10 19:28:27,439 - app.services.notification_service - INFO - 📱 [WhatsApp SIMULATION] From: whatsapp:+14155238886 -> To: +123456789
2026-03-10 19:28:27,439 - app.services.notification_service - INFO -    Message: 🚨 Sales Alert: Sales for Toothpaste dropped by >60%!
2026-03-10 19:28:27,439 - app.services.notification_service - INFO - 🔔 [System Notification] Sales Alert: Sales for Mineral Water dropped by >60%! (Severity: high)
2026-03-10 19:28:27,439 - app.services.notification_service - INFO - 📱 [WhatsApp SIMULATION] From: whatsapp:+14155238886 -> To: +123456789
2026-03-10 19:28:27,439 - app.services.notification_service - INFO -    Message: 🚨 Sales Alert: Sales for Mineral Water dropped by >60%!
2026-03-10 19:28:27,440 - app.services.notification_service - INFO - 🔔 [System Notification] Sales Alert: Sales for Burger dropped by >60%! (Severity: high)
2026-03-10 19:28:27,440 - app.services.notification_service - INFO - 📱 [WhatsApp SIMULATION] From: whatsapp:+14155238886 -> To: +123456789
2026-03-10 19:28:27,440 - app.services.notification_service - INFO -    Message: 🚨 Sales Alert: Sales for Burger dropped by >60%!
2026-03-10 19:28:27,441 - app.services.notification_service - INFO - 🔔 [System Notification] Sales Alert: Sales for Fries dropped by >60%! (Severity: high)
2026-03-10 19:28:27,441 - app.services.notification_service - INFO - 📱 [WhatsApp SIMULATION] From: whatsapp:+14155238886 -> To: +123456789
2026-03-10 19:28:27,441 - app.services.notification_service - INFO -    Message: 🚨 Sales Alert: Sales for Fries dropped by >60%!
2026-03-10 19:28:27,442 - app.services.notification_service - INFO - 🔔 [System Notification] Sales Alert: Sales for Fresh Milk 1L dropped by >60%! (Severity: high)
2026-03-10 19:28:27,442 - app.services.notification_service - INFO - 📱 [WhatsApp SIMULATION] From: whatsapp:+14155238886 -> To: +123456789
2026-03-10 19:28:27,442 - app.services.notification_service - INFO -    Message: 🚨 Sales Alert: Sales for Fresh Milk 1L dropped by >60%!
2026-03-10 19:28:27,444 - app.services.notification_service - INFO - 🔔 [System Notification] Sales Alert: Sales for Cheddar CheeseBlock dropped by >60%! (Severity: high)
2026-03-10 19:28:27,444 - app.services.notification_service - INFO - 📱 [WhatsApp SIMULATION] From: whatsapp:+14155238886 -> To: +123456789
2026-03-10 19:28:27,444 - app.services.notification_service - INFO -    Message: 🚨 Sales Alert: Sales for Cheddar CheeseBlock dropped by >60%!
2026-03-10 19:28:27,445 - app.services.notification_service - INFO - 🔔 [System Notification] Sales Alert: Sales for Greek Yogurt 500g dropped by >60%! (Severity: high)
2026-03-10 19:28:27,445 - app.services.notification_service - INFO - 📱 [WhatsApp SIMULATION] From: whatsapp:+14155238886 -> To: +123456789
2026-03-10 19:28:27,445 - app.services.notification_service - INFO -    Message: 🚨 Sales Alert: Sales for Greek Yogurt 500g dropped by >60%!
2026-03-10 19:28:27,446 - app.services.notification_service - INFO - 🔔 [System Notification] Sales Alert: Sales for Salted Butter dropped by >60%! (Severity: high)
2026-03-10 19:28:27,447 - app.services.notification_service - INFO - 📱 [WhatsApp SIMULATION] From: whatsapp:+14155238886 -> To: +123456789
2026-03-10 19:28:27,447 - app.services.notification_service - INFO -    Message: 🚨 Sales Alert: Sales for Salted Butter dropped by >60%!
2026-03-10 19:28:27,449 - app.services.notification_service - INFO - 🔔 [System Notification] Sales Alert: Sales for Whole Wheat Bread dropped by >60%! (Severity: high)
2026-03-10 19:28:27,450 - app.services.notification_service - INFO - 📱 [WhatsApp SIMULATION] From: whatsapp:+14155238886 -> To: +123456789
2026-03-10 19:28:27,450 - app.services.notification_service - INFO -    Message: 🚨 Sales Alert: Sales for Whole Wheat Bread dropped by >60%!
2026-03-10 19:28:27,452 - app.services.notification_service - INFO - 🔔 [System Notification] Sales Alert: Sales for Croissant (Pack of 4) dropped by >60%! (Severity: high)
2026-03-10 19:28:27,452 - app.services.notification_service - INFO - 📱 [WhatsApp SIMULATION] From: whatsapp:+14155238886 -> To: +123456789
2026-03-10 19:28:27,453 - app.services.notification_service - INFO -    Message: 🚨 Sales Alert: Sales for Croissant (Pack of 4) dropped by >60%!
2026-03-10 19:28:27,455 - app.services.notification_service - INFO - 🔔 [System Notification] Sales Alert: Sales for Bagels (Pack of 6) dropped by >60%! (Severity: high)
2026-03-10 19:28:27,455 - app.services.notification_service - INFO - 📱 [WhatsApp SIMULATION] From: whatsapp:+14155238886 -> To: +123456789
2026-03-10 19:28:27,456 - app.services.notification_service - INFO -    Message: 🚨 Sales Alert: Sales for Bagels (Pack of 6) dropped by >60%!
2026-03-10 19:28:27,457 - app.services.notification_service - INFO - 🔔 [System Notification] Sales Alert: Sales for Chocolate Muffin dropped by >60%! (Severity: high)
2026-03-10 19:28:27,458 - app.services.notification_service - INFO - 📱 [WhatsApp SIMULATION] From: whatsapp:+14155238886 -> To: +123456789
2026-03-10 19:28:27,459 - app.services.notification_service - INFO -    Message: 🚨 Sales Alert: Sales for Chocolate Muffin dropped by >60%!
2026-03-10 19:28:27,460 - app.services.notification_service - INFO - 🔔 [System Notification] Sales Alert: Sales for Mineral Water 600ml dropped by >60%! (Severity: high)
2026-03-10 19:28:27,461 - app.services.notification_service - INFO - 📱 [WhatsApp SIMULATION] From: whatsapp:+14155238886 -> To: +123456789
2026-03-10 19:28:27,462 - app.services.notification_service - INFO -    Message: 🚨 Sales Alert: Sales for Mineral Water 600ml dropped by >60%!
2026-03-10 19:28:27,464 - app.services.notification_service - INFO - 🔔 [System Notification] Sales Alert: Sales for Orange Juice 1L dropped by >60%! (Severity: high)
2026-03-10 19:28:27,464 - app.services.notification_service - INFO - 📱 [WhatsApp SIMULATION] From: whatsapp:+14155238886 -> To: +123456789
2026-03-10 19:28:27,464 - app.services.notification_service - INFO -    Message: 🚨 Sales Alert: Sales for Orange Juice 1L dropped by >60%!
2026-03-10 19:28:27,465 - app.services.notification_service - INFO - 🔔 [System Notification] Sales Alert: Sales for Cola Can 330ml dropped by >60%! (Severity: high)
2026-03-10 19:28:27,465 - app.services.notification_service - INFO - 📱 [WhatsApp SIMULATION] From: whatsapp:+14155238886 -> To: +123456789
2026-03-10 19:28:27,466 - app.services.notification_service - INFO -    Message: 🚨 Sales Alert: Sales for Cola Can 330ml dropped by >60%!
2026-03-10 19:28:27,466 - app.services.notification_service - INFO - 🔔 [System Notification] Sales Alert: Sales for Craft Beer IPA dropped by >60%! (Severity: high)
2026-03-10 19:28:27,466 - app.services.notification_service - INFO - 📱 [WhatsApp SIMULATION] From: whatsapp:+14155238886 -> To: +123456789
2026-03-10 19:28:27,466 - app.services.notification_service - INFO -    Message: 🚨 Sales Alert: Sales for Craft Beer IPA dropped by >60%!
2026-03-10 19:28:27,467 - app.services.notification_service - INFO - 🔔 [System Notification] Sales Alert: Sales for Red Wine (Cab Sauv) dropped by >60%! (Severity: high)
2026-03-10 19:28:27,467 - app.services.notification_service - INFO - 📱 [WhatsApp SIMULATION] From: whatsapp:+14155238886 -> To: +123456789
2026-03-10 19:28:27,467 - app.services.notification_service - INFO -    Message: 🚨 Sales Alert: Sales for Red Wine (Cab Sauv) dropped by >60%!
2026-03-10 19:28:27,467 - app.services.notification_service - INFO - 🔔 [System Notification] Sales Alert: Sales for Energy Drink dropped by >60%! (Severity: high)
2026-03-10 19:28:27,468 - app.services.notification_service - INFO - 📱 [WhatsApp SIMULATION] From: whatsapp:+14155238886 -> To: +123456789
2026-03-10 19:28:27,468 - app.services.notification_service - INFO -    Message: 🚨 Sales Alert: Sales for Energy Drink dropped by >60%!
2026-03-10 19:28:27,469 - app.services.notification_service - INFO - 🔔 [System Notification] Sales Alert: Sales for Banana (Bunch) dropped by >60%! (Severity: high)
2026-03-10 19:28:27,469 - app.services.notification_service - INFO - 📱 [WhatsApp SIMULATION] From: whatsapp:+14155238886 -> To: +123456789
2026-03-10 19:28:27,470 - app.services.notification_service - INFO -    Message: 🚨 Sales Alert: Sales for Banana (Bunch) dropped by >60%!
2026-03-10 19:28:27,471 - app.services.notification_service - INFO - 🔔 [System Notification] Sales Alert: Sales for Gala Apples (1kg) dropped by >60%! (Severity: high)
2026-03-10 19:28:27,471 - app.services.notification_service - INFO - 📱 [WhatsApp SIMULATION] From: whatsapp:+14155238886 -> To: +123456789
2026-03-10 19:28:27,471 - app.services.notification_service - INFO -    Message: 🚨 Sales Alert: Sales for Gala Apples (1kg) dropped by >60%!
2026-03-10 19:28:27,472 - app.services.notification_service - INFO - 🔔 [System Notification] Sales Alert: Sales for Avocado dropped by >60%! (Severity: high)
2026-03-10 19:28:27,472 - app.services.notification_service - INFO - 📱 [WhatsApp SIMULATION] From: whatsapp:+14155238886 -> To: +123456789
2026-03-10 19:28:27,472 - app.services.notification_service - INFO -    Message: 🚨 Sales Alert: Sales for Avocado dropped by >60%!
2026-03-10 19:28:27,472 - app.services.notification_service - INFO - 🔔 [System Notification] Sales Alert: Sales for Baby Spinach Mix dropped by >60%! (Severity: high)
2026-03-10 19:28:27,472 - app.services.notification_service - INFO - 📱 [WhatsApp SIMULATION] From: whatsapp:+14155238886 -> To: +123456789
2026-03-10 19:28:27,472 - app.services.notification_service - INFO -    Message: 🚨 Sales Alert: Sales for Baby Spinach Mix dropped by >60%!
2026-03-10 19:28:27,473 - app.services.notification_service - INFO - 🔔 [System Notification] Sales Alert: Sales for Tomatoes (500g) dropped by >60%! (Severity: high)
2026-03-10 19:28:27,473 - app.services.notification_service - INFO - 📱 [WhatsApp SIMULATION] From: whatsapp:+14155238886 -> To: +123456789
2026-03-10 19:28:27,473 - app.services.notification_service - INFO -    Message: 🚨 Sales Alert: Sales for Tomatoes (500g) dropped by >60%!
2026-03-10 19:28:27,473 - app.services.notification_service - INFO - 🔔 [System Notification] Sales Alert: Sales for Carrots (1kg) dropped by >60%! (Severity: high)
2026-03-10 19:28:27,474 - app.services.notification_service - INFO - 📱 [WhatsApp SIMULATION] From: whatsapp:+14155238886 -> To: +123456789
2026-03-10 19:28:27,474 - app.services.notification_service - INFO -    Message: 🚨 Sales Alert: Sales for Carrots (1kg) dropped by >60%!
2026-03-10 19:28:27,474 - app.services.notification_service - INFO - 🔔 [System Notification] Sales Alert: Sales for Pasta Spaghetti 500g dropped by >60%! (Severity: high)
2026-03-10 19:28:27,474 - app.services.notification_service - INFO - 📱 [WhatsApp SIMULATION] From: whatsapp:+14155238886 -> To: +123456789
2026-03-10 19:28:27,474 - app.services.notification_service - INFO -    Message: 🚨 Sales Alert: Sales for Pasta Spaghetti 500g dropped by >60%!
2026-03-10 19:28:27,475 - app.services.notification_service - INFO - 🔔 [System Notification] Sales Alert: Sales for Pasta Sauce (Tomato) dropped by >60%! (Severity: high)
2026-03-10 19:28:27,476 - app.services.notification_service - INFO - 📱 [WhatsApp SIMULATION] From: whatsapp:+14155238886 -> To: +123456789
2026-03-10 19:28:27,477 - app.services.notification_service - INFO -    Message: 🚨 Sales Alert: Sales for Pasta Sauce (Tomato) dropped by >60%!
2026-03-10 19:28:27,478 - app.services.notification_service - INFO - 🔔 [System Notification] Sales Alert: Sales for Olive Oil 500ml dropped by >60%! (Severity: high)
2026-03-10 19:28:27,478 - app.services.notification_service - INFO - 📱 [WhatsApp SIMULATION] From: whatsapp:+14155238886 -> To: +123456789
2026-03-10 19:28:27,478 - app.services.notification_service - INFO -    Message: 🚨 Sales Alert: Sales for Olive Oil 500ml dropped by >60%!
2026-03-10 19:28:27,479 - app.services.notification_service - INFO - 🔔 [System Notification] Sales Alert: Sales for Jasmine Rice 5kg dropped by >60%! (Severity: high)
2026-03-10 19:28:27,479 - app.services.notification_service - INFO - 📱 [WhatsApp SIMULATION] From: whatsapp:+14155238886 -> To: +123456789
2026-03-10 19:28:27,479 - app.services.notification_service - INFO -    Message: 🚨 Sales Alert: Sales for Jasmine Rice 5kg dropped by >60%!
2026-03-10 19:28:27,480 - app.services.notification_service - INFO - 🔔 [System Notification] Sales Alert: Sales for Breakfast Cereal dropped by >60%! (Severity: high)
2026-03-10 19:28:27,480 - app.services.notification_service - INFO - 📱 [WhatsApp SIMULATION] From: whatsapp:+14155238886 -> To: +123456789
2026-03-10 19:28:27,480 - app.services.notification_service - INFO -    Message: 🚨 Sales Alert: Sales for Breakfast Cereal dropped by >60%!
2026-03-10 19:28:27,480 - app.services.notification_service - INFO - 🔔 [System Notification] Sales Alert: Sales for Instant Noodles (5pk) dropped by >60%! (Severity: high)
2026-03-10 19:28:27,480 - app.services.notification_service - INFO - 📱 [WhatsApp SIMULATION] From: whatsapp:+14155238886 -> To: +123456789
2026-03-10 19:28:27,480 - app.services.notification_service - INFO -    Message: 🚨 Sales Alert: Sales for Instant Noodles (5pk) dropped by >60%!
2026-03-10 19:28:27,481 - app.services.notification_service - INFO - 🔔 [System Notification] Sales Alert: Sales for Tomato Ketchup dropped by >60%! (Severity: high)
2026-03-10 19:28:27,481 - app.services.notification_service - INFO - 📱 [WhatsApp SIMULATION] From: whatsapp:+14155238886 -> To: +123456789
2026-03-10 19:28:27,481 - app.services.notification_service - INFO -    Message: 🚨 Sales Alert: Sales for Tomato Ketchup dropped by >60%!
2026-03-10 19:28:27,481 - app.services.notification_service - INFO - 🔔 [System Notification] Sales Alert: Sales for Toilet Paper (12pk) dropped by >60%! (Severity: high)
2026-03-10 19:28:27,482 - app.services.notification_service - INFO - 📱 [WhatsApp SIMULATION] From: whatsapp:+14155238886 -> To: +123456789
2026-03-10 19:28:27,482 - app.services.notification_service - INFO -    Message: 🚨 Sales Alert: Sales for Toilet Paper (12pk) dropped by >60%!
2026-03-10 19:28:27,482 - app.services.notification_service - INFO - 🔔 [System Notification] Sales Alert: Sales for Laundry Detergent 2L dropped by >60%! (Severity: high)
2026-03-10 19:28:27,483 - app.services.notification_service - INFO - 📱 [WhatsApp SIMULATION] From: whatsapp:+14155238886 -> To: +123456789
2026-03-10 19:28:27,483 - app.services.notification_service - INFO -    Message: 🚨 Sales Alert: Sales for Laundry Detergent 2L dropped by >60%!
2026-03-10 19:28:27,483 - app.services.notification_service - INFO - 🔔 [System Notification] Sales Alert: Sales for Dish Soap 500ml dropped by >60%! (Severity: high)
2026-03-10 19:28:27,483 - app.services.notification_service - INFO - 📱 [WhatsApp SIMULATION] From: whatsapp:+14155238886 -> To: +123456789
2026-03-10 19:28:27,483 - app.services.notification_service - INFO -    Message: 🚨 Sales Alert: Sales for Dish Soap 500ml dropped by >60%!
2026-03-10 19:28:27,484 - app.services.notification_service - INFO - 🔔 [System Notification] Sales Alert: Sales for AA Batteries (4pk) dropped by >60%! (Severity: high)
2026-03-10 19:28:27,484 - app.services.notification_service - INFO - 📱 [WhatsApp SIMULATION] From: whatsapp:+14155238886 -> To: +123456789
2026-03-10 19:28:27,484 - app.services.notification_service - INFO -    Message: 🚨 Sales Alert: Sales for AA Batteries (4pk) dropped by >60%!
2026-03-10 19:28:27,485 - app.services.notification_service - INFO - 🔔 [System Notification] Sales Alert: Sales for Toothpaste Mint dropped by >60%! (Severity: high)
2026-03-10 19:28:27,485 - app.services.notification_service - INFO - 📱 [WhatsApp SIMULATION] From: whatsapp:+14155238886 -> To: +123456789
2026-03-10 19:28:27,485 - app.services.notification_service - INFO -    Message: 🚨 Sales Alert: Sales for Toothpaste Mint dropped by >60%!
2026-03-10 19:28:27,485 - app.services.notification_service - INFO - 🔔 [System Notification] Sales Alert: Sales for Shampoo 400ml dropped by >60%! (Severity: high)
2026-03-10 19:28:27,485 - app.services.notification_service - INFO - 📱 [WhatsApp SIMULATION] From: whatsapp:+14155238886 -> To: +123456789
2026-03-10 19:28:27,485 - app.services.notification_service - INFO -    Message: 🚨 Sales Alert: Sales for Shampoo 400ml dropped by >60%!
2026-03-10 19:28:27,486 - app.services.notification_service - INFO - 🔔 [System Notification] Sales Alert: Sales for Body Wash dropped by >60%! (Severity: high)
2026-03-10 19:28:27,486 - app.services.notification_service - INFO - 📱 [WhatsApp SIMULATION] From: whatsapp:+14155238886 -> To: +123456789
2026-03-10 19:28:27,486 - app.services.notification_service - INFO -    Message: 🚨 Sales Alert: Sales for Body Wash dropped by >60%!
2026-03-10 19:28:27,487 - app.services.notification_service - INFO - 🔔 [System Notification] Sales Alert: Sales for Hand Sanitizer dropped by >60%! (Severity: high)
2026-03-10 19:28:27,487 - app.services.notification_service - INFO - 📱 [WhatsApp SIMULATION] From: whatsapp:+14155238886 -> To: +123456789
2026-03-10 19:28:27,487 - app.services.notification_service - INFO -    Message: 🚨 Sales Alert: Sales for Hand Sanitizer dropped by >60%!
2026-03-10 19:28:27,489 - app.services.notification_service - INFO - 🔔 [System Notification] Sales Alert: Sales for Potato Chips (Salt) dropped by >60%! (Severity: high)
2026-03-10 19:28:27,489 - app.services.notification_service - INFO - 📱 [WhatsApp SIMULATION] From: whatsapp:+14155238886 -> To: +123456789
2026-03-10 19:28:27,489 - app.services.notification_service - INFO -    Message: 🚨 Sales Alert: Sales for Potato Chips (Salt) dropped by >60%!
2026-03-10 19:28:27,490 - app.services.notification_service - INFO - 🔔 [System Notification] Sales Alert: Sales for Chocolate Bar dropped by >60%! (Severity: high)
2026-03-10 19:28:27,490 - app.services.notification_service - INFO - 📱 [WhatsApp SIMULATION] From: whatsapp:+14155238886 -> To: +123456789
2026-03-10 19:28:27,490 - app.services.notification_service - INFO -    Message: 🚨 Sales Alert: Sales for Chocolate Bar dropped by >60%!
2026-03-10 19:28:27,491 - app.services.notification_service - INFO - 🔔 [System Notification] Sales Alert: Sales for Cookies (Choc Chip) dropped by >60%! (Severity: high)
2026-03-10 19:28:27,491 - app.services.notification_service - INFO - 📱 [WhatsApp SIMULATION] From: whatsapp:+14155238886 -> To: +123456789
2026-03-10 19:28:27,491 - app.services.notification_service - INFO -    Message: 🚨 Sales Alert: Sales for Cookies (Choc Chip) dropped by >60%!
2026-03-10 19:28:27,492 - app.services.notification_service - INFO - 🔔 [System Notification] Sales Alert: Sales for Roasted Nuts dropped by >60%! (Severity: high)
2026-03-10 19:28:27,492 - app.services.notification_service - INFO - 📱 [WhatsApp SIMULATION] From: whatsapp:+14155238886 -> To: +123456789
2026-03-10 19:28:27,492 - app.services.notification_service - INFO -    Message: 🚨 Sales Alert: Sales for Roasted Nuts dropped by >60%!
2026-03-10 19:30:17,072 - app.services.notification_service - INFO - 🔔 [System Notification] Sales Alert: Sales for Banana dropped by >60%! (Severity: high)
2026-03-10 19:30:17,072 - app.services.notification_service - INFO - 📱 [WhatsApp SIMULATION] From: whatsapp:+14155238886 -> To: +123456789
2026-03-10 19:30:17,072 - app.services.notification_service - INFO -    Message: 🚨 Sales Alert: Sales for Banana dropped by >60%!
2026-03-10 19:30:17,073 - app.services.notification_service - INFO - 🔔 [System Notification] Sales Alert: Sales for Blueberries dropped by >60%! (Severity: high)
2026-03-10 19:30:17,073 - app.services.notification_service - INFO - 📱 [WhatsApp SIMULATION] From: whatsapp:+14155238886 -> To: +123456789
2026-03-10 19:30:17,073 - app.services.notification_service - INFO -    Message: 🚨 Sales Alert: Sales for Blueberries dropped by >60%!
2026-03-10 19:30:17,074 - app.services.notification_service - INFO - 🔔 [System Notification] Sales Alert: Sales for Toothbrush dropped by >60%! (Severity: high)
2026-03-10 19:30:17,074 - app.services.notification_service - INFO - 📱 [WhatsApp SIMULATION] From: whatsapp:+14155238886 -> To: +123456789
2026-03-10 19:30:17,074 - app.services.notification_service - INFO -    Message: 🚨 Sales Alert: Sales for Toothbrush dropped by >60%!
2026-03-10 19:30:17,074 - app.services.notification_service - INFO - 🔔 [System Notification] Sales Alert: Sales for Toothpaste dropped by >60%! (Severity: high)
2026-03-10 19:30:17,074 - app.services.notification_service - INFO - 📱 [WhatsApp SIMULATION] From: whatsapp:+14155238886 -> To: +123456789
2026-03-10 19:30:17,075 - app.services.notification_service - INFO -    Message: 🚨 Sales Alert: Sales for Toothpaste dropped by >60%!
2026-03-10 19:30:17,075 - app.services.notification_service - INFO - 🔔 [System Notification] Sales Alert: Sales for Mineral Water dropped by >60%! (Severity: high)
2026-03-10 19:30:17,075 - app.services.notification_service - INFO - 📱 [WhatsApp SIMULATION] From: whatsapp:+14155238886 -> To: +123456789
2026-03-10 19:30:17,075 - app.services.notification_service - INFO -    Message: 🚨 Sales Alert: Sales for Mineral Water dropped by >60%!
2026-03-10 19:30:17,076 - app.services.notification_service - INFO - 🔔 [System Notification] Sales Alert: Sales for Burger dropped by >60%! (Severity: high)
2026-03-10 19:30:17,076 - app.services.notification_service - INFO - 📱 [WhatsApp SIMULATION] From: whatsapp:+14155238886 -> To: +123456789
2026-03-10 19:30:17,076 - app.services.notification_service - INFO -    Message: 🚨 Sales Alert: Sales for Burger dropped by >60%!
2026-03-10 19:30:17,077 - app.services.notification_service - INFO - 🔔 [System Notification] Sales Alert: Sales for Fries dropped by >60%! (Severity: high)
2026-03-10 19:30:17,077 - app.services.notification_service - INFO - 📱 [WhatsApp SIMULATION] From: whatsapp:+14155238886 -> To: +123456789
2026-03-10 19:30:17,077 - app.services.notification_service - INFO -    Message: 🚨 Sales Alert: Sales for Fries dropped by >60%!
2026-03-10 19:30:17,078 - app.services.notification_service - INFO - 🔔 [System Notification] Sales Alert: Sales for Fresh Milk 1L dropped by >60%! (Severity: high)
2026-03-10 19:30:17,078 - app.services.notification_service - INFO - 📱 [WhatsApp SIMULATION] From: whatsapp:+14155238886 -> To: +123456789
2026-03-10 19:30:17,078 - app.services.notification_service - INFO -    Message: 🚨 Sales Alert: Sales for Fresh Milk 1L dropped by >60%!
2026-03-10 19:30:17,079 - app.services.notification_service - INFO - 🔔 [System Notification] Sales Alert: Sales for Cheddar CheeseBlock dropped by >60%! (Severity: high)
2026-03-10 19:30:17,079 - app.services.notification_service - INFO - 📱 [WhatsApp SIMULATION] From: whatsapp:+14155238886 -> To: +123456789
2026-03-10 19:30:17,080 - app.services.notification_service - INFO -    Message: 🚨 Sales Alert: Sales for Cheddar CheeseBlock dropped by >60%!
2026-03-10 19:30:17,081 - app.services.notification_service - INFO - 🔔 [System Notification] Sales Alert: Sales for Greek Yogurt 500g dropped by >60%! (Severity: high)
2026-03-10 19:30:17,081 - app.services.notification_service - INFO - 📱 [WhatsApp SIMULATION] From: whatsapp:+14155238886 -> To: +123456789
2026-03-10 19:30:17,081 - app.services.notification_service - INFO -    Message: 🚨 Sales Alert: Sales for Greek Yogurt 500g dropped by >60%!
2026-03-10 19:30:17,082 - app.services.notification_service - INFO - 🔔 [System Notification] Sales Alert: Sales for Salted Butter dropped by >60%! (Severity: high)
2026-03-10 19:30:17,082 - app.services.notification_service - INFO - 📱 [WhatsApp SIMULATION] From: whatsapp:+14155238886 -> To: +123456789
2026-03-10 19:30:17,082 - app.services.notification_service - INFO -    Message: 🚨 Sales Alert: Sales for Salted Butter dropped by >60%!
2026-03-10 19:30:17,083 - app.services.notification_service - INFO - 🔔 [System Notification] Sales Alert: Sales for Whole Wheat Bread dropped by >60%! (Severity: high)
2026-03-10 19:30:17,083 - app.services.notification_service - INFO - 📱 [WhatsApp SIMULATION] From: whatsapp:+14155238886 -> To: +123456789
2026-03-10 19:30:17,083 - app.services.notification_service - INFO -    Message: 🚨 Sales Alert: Sales for Whole Wheat Bread dropped by >60%!
2026-03-10 19:30:17,084 - app.services.notification_service - INFO - 🔔 [System Notification] Sales Alert: Sales for Croissant (Pack of 4) dropped by >60%! (Severity: high)
2026-03-10 19:30:17,084 - app.services.notification_service - INFO - 📱 [WhatsApp SIMULATION] From: whatsapp:+14155238886 -> To: +123456789
2026-03-10 19:30:17,084 - app.services.notification_service - INFO -    Message: 🚨 Sales Alert: Sales for Croissant (Pack of 4) dropped by >60%!
2026-03-10 19:30:17,085 - app.services.notification_service - INFO - 🔔 [System Notification] Sales Alert: Sales for Bagels (Pack of 6) dropped by >60%! (Severity: high)
2026-03-10 19:30:17,085 - app.services.notification_service - INFO - 📱 [WhatsApp SIMULATION] From: whatsapp:+14155238886 -> To: +123456789
2026-03-10 19:30:17,085 - app.services.notification_service - INFO -    Message: 🚨 Sales Alert: Sales for Bagels (Pack of 6) dropped by >60%!
2026-03-10 19:30:17,086 - app.services.notification_service - INFO - 🔔 [System Notification] Sales Alert: Sales for Chocolate Muffin dropped by >60%! (Severity: high)
2026-03-10 19:30:17,086 - app.services.notification_service - INFO - 📱 [WhatsApp SIMULATION] From: whatsapp:+14155238886 -> To: +123456789
2026-03-10 19:30:17,087 - app.services.notification_service - INFO -    Message: 🚨 Sales Alert: Sales for Chocolate Muffin dropped by >60%!
2026-03-10 19:30:17,087 - app.services.notification_service - INFO - 🔔 [System Notification] Sales Alert: Sales for Mineral Water 600ml dropped by >60%! (Severity: high)
2026-03-10 19:30:17,088 - app.services.notification_service - INFO - 📱 [WhatsApp SIMULATION] From: whatsapp:+14155238886 -> To: +123456789
2026-03-10 19:30:17,088 - app.services.notification_service - INFO -    Message: 🚨 Sales Alert: Sales for Mineral Water 600ml dropped by >60%!
2026-03-10 19:30:17,089 - app.services.notification_service - INFO - 🔔 [System Notification] Sales Alert: Sales for Orange Juice 1L dropped by >60%! (Severity: high)
2026-03-10 19:30:17,089 - app.services.notification_service - INFO - 📱 [WhatsApp SIMULATION] From: whatsapp:+14155238886 -> To: +123456789
2026-03-10 19:30:17,089 - app.services.notification_service - INFO -    Message: 🚨 Sales Alert: Sales for Orange Juice 1L dropped by >60%!
2026-03-10 19:30:17,089 - app.services.notification_service - INFO - 🔔 [System Notification] Sales Alert: Sales for Cola Can 330ml dropped by >60%! (Severity: high)
2026-03-10 19:30:17,089 - app.services.notification_service - INFO - 📱 [WhatsApp SIMULATION] From: whatsapp:+14155238886 -> To: +123456789
2026-03-10 19:30:17,089 - app.services.notification_service - INFO -    Message: 🚨 Sales Alert: Sales for Cola Can 330ml dropped by >60%!
2026-03-10 19:30:17,090 - app.services.notification_service - INFO - 🔔 [System Notification] Sales Alert: Sales for Craft Beer IPA dropped by >60%! (Severity: high)
2026-03-10 19:30:17,090 - app.services.notification_service - INFO - 📱 [WhatsApp SIMULATION] From: whatsapp:+14155238886 -> To: +123456789
2026-03-10 19:30:17,090 - app.services.notification_service - INFO -    Message: 🚨 Sales Alert: Sales for Craft Beer IPA dropped by >60%!
2026-03-10 19:30:17,090 - app.services.notification_service - INFO - 🔔 [System Notification] Sales Alert: Sales for Red Wine (Cab Sauv) dropped by >60%! (Severity: high)
2026-03-10 19:30:17,090 - app.services.notification_service - INFO - 📱 [WhatsApp SIMULATION] From: whatsapp:+14155238886 -> To: +123456789
2026-03-10 19:30:17,090 - app.services.notification_service - INFO -    Message: 🚨 Sales Alert: Sales for Red Wine (Cab Sauv) dropped by >60%!
2026-03-10 19:30:17,091 - app.services.notification_service - INFO - 🔔 [System Notification] Sales Alert: Sales for Energy Drink dropped by >60%! (Severity: high)
2026-03-10 19:30:17,091 - app.services.notification_service - INFO - 📱 [WhatsApp SIMULATION] From: whatsapp:+14155238886 -> To: +123456789
2026-03-10 19:30:17,091 - app.services.notification_service - INFO -    Message: 🚨 Sales Alert: Sales for Energy Drink dropped by >60%!
2026-03-10 19:30:17,091 - app.services.notification_service - INFO - 🔔 [System Notification] Sales Alert: Sales for Banana (Bunch) dropped by >60%! (Severity: high)
2026-03-10 19:30:17,091 - app.services.notification_service - INFO - 📱 [WhatsApp SIMULATION] From: whatsapp:+14155238886 -> To: +123456789
2026-03-10 19:30:17,091 - app.services.notification_service - INFO -    Message: 🚨 Sales Alert: Sales for Banana (Bunch) dropped by >60%!
2026-03-10 19:30:17,092 - app.services.notification_service - INFO - 🔔 [System Notification] Sales Alert: Sales for Gala Apples (1kg) dropped by >60%! (Severity: high)
2026-03-10 19:30:17,092 - app.services.notification_service - INFO - 📱 [WhatsApp SIMULATION] From: whatsapp:+14155238886 -> To: +123456789
2026-03-10 19:30:17,092 - app.services.notification_service - INFO -    Message: 🚨 Sales Alert: Sales for Gala Apples (1kg) dropped by >60%!
2026-03-10 19:30:17,092 - app.services.notification_service - INFO - 🔔 [System Notification] Sales Alert: Sales for Avocado dropped by >60%! (Severity: high)
2026-03-10 19:30:17,093 - app.services.notification_service - INFO - 📱 [WhatsApp SIMULATION] From: whatsapp:+14155238886 -> To: +123456789
2026-03-10 19:30:17,095 - app.services.notification_service - INFO -    Message: 🚨 Sales Alert: Sales for Avocado dropped by >60%!
2026-03-10 19:30:17,096 - app.services.notification_service - INFO - 🔔 [System Notification] Sales Alert: Sales for Baby Spinach Mix dropped by >60%! (Severity: high)
2026-03-10 19:30:17,096 - app.services.notification_service - INFO - 📱 [WhatsApp SIMULATION] From: whatsapp:+14155238886 -> To: +123456789
2026-03-10 19:30:17,096 - app.services.notification_service - INFO -    Message: 🚨 Sales Alert: Sales for Baby Spinach Mix dropped by >60%!
2026-03-10 19:30:17,096 - app.services.notification_service - INFO - 🔔 [System Notification] Sales Alert: Sales for Tomatoes (500g) dropped by >60%! (Severity: high)
2026-03-10 19:30:17,097 - app.services.notification_service - INFO - 📱 [WhatsApp SIMULATION] From: whatsapp:+14155238886 -> To: +123456789
2026-03-10 19:30:17,097 - app.services.notification_service - INFO -    Message: 🚨 Sales Alert: Sales for Tomatoes (500g) dropped by >60%!
2026-03-10 19:30:17,097 - app.services.notification_service - INFO - 🔔 [System Notification] Sales Alert: Sales for Carrots (1kg) dropped by >60%! (Severity: high)
2026-03-10 19:30:17,097 - app.services.notification_service - INFO - 📱 [WhatsApp SIMULATION] From: whatsapp:+14155238886 -> To: +123456789
2026-03-10 19:30:17,097 - app.services.notification_service - INFO -    Message: 🚨 Sales Alert: Sales for Carrots (1kg) dropped by >60%!
2026-03-10 19:30:17,098 - app.services.notification_service - INFO - 🔔 [System Notification] Sales Alert: Sales for Pasta Spaghetti 500g dropped by >60%! (Severity: high)
2026-03-10 19:30:17,098 - app.services.notification_service - INFO - 📱 [WhatsApp SIMULATION] From: whatsapp:+14155238886 -> To: +123456789
2026-03-10 19:30:17,098 - app.services.notification_service - INFO -    Message: 🚨 Sales Alert: Sales for Pasta Spaghetti 500g dropped by >60%!
2026-03-10 19:30:17,098 - app.services.notification_service - INFO - 🔔 [System Notification] Sales Alert: Sales for Pasta Sauce (Tomato) dropped by >60%! (Severity: high)
2026-03-10 19:30:17,098 - app.services.notification_service - INFO - 📱 [WhatsApp SIMULATION] From: whatsapp:+14155238886 -> To: +123456789
2026-03-10 19:30:17,098 - app.services.notification_service - INFO -    Message: 🚨 Sales Alert: Sales for Pasta Sauce (Tomato) dropped by >60%!
2026-03-10 19:30:17,099 - app.services.notification_service - INFO - 🔔 [System Notification] Sales Alert: Sales for Olive Oil 500ml dropped by >60%! (Severity: high)
2026-03-10 19:30:17,099 - app.services.notification_service - INFO - 📱 [WhatsApp SIMULATION] From: whatsapp:+14155238886 -> To: +123456789
2026-03-10 19:30:17,099 - app.services.notification_service - INFO -    Message: 🚨 Sales Alert: Sales for Olive Oil 500ml dropped by >60%!
2026-03-10 19:30:17,099 - app.services.notification_service - INFO - 🔔 [System Notification] Sales Alert: Sales for Jasmine Rice 5kg dropped by >60%! (Severity: high)
2026-03-10 19:30:17,099 - app.services.notification_service - INFO - 📱 [WhatsApp SIMULATION] From: whatsapp:+14155238886 -> To: +123456789
2026-03-10 19:30:17,099 - app.services.notification_service - INFO -    Message: 🚨 Sales Alert: Sales for Jasmine Rice 5kg dropped by >60%!
2026-03-10 19:30:17,100 - app.services.notification_service - INFO - 🔔 [System Notification] Sales Alert: Sales for Breakfast Cereal dropped by >60%! (Severity: high)
2026-03-10 19:30:17,101 - app.services.notification_service - INFO - 📱 [WhatsApp SIMULATION] From: whatsapp:+14155238886 -> To: +123456789
2026-03-10 19:30:17,101 - app.services.notification_service - INFO -    Message: 🚨 Sales Alert: Sales for Breakfast Cereal dropped by >60%!
2026-03-10 19:30:17,102 - app.services.notification_service - INFO - 🔔 [System Notification] Sales Alert: Sales for Instant Noodles (5pk) dropped by >60%! (Severity: high)
2026-03-10 19:30:17,102 - app.services.notification_service - INFO - 📱 [WhatsApp SIMULATION] From: whatsapp:+14155238886 -> To: +123456789
2026-03-10 19:30:17,102 - app.services.notification_service - INFO -    Message: 🚨 Sales Alert: Sales for Instant Noodles (5pk) dropped by >60%!
2026-03-10 19:30:17,103 - app.services.notification_service - INFO - 🔔 [System Notification] Sales Alert: Sales for Tomato Ketchup dropped by >60%! (Severity: high)
2026-03-10 19:30:17,103 - app.services.notification_service - INFO - 📱 [WhatsApp SIMULATION] From: whatsapp:+14155238886 -> To: +123456789
2026-03-10 19:30:17,103 - app.services.notification_service - INFO -    Message: 🚨 Sales Alert: Sales for Tomato Ketchup dropped by >60%!
2026-03-10 19:30:17,103 - app.services.notification_service - INFO - 🔔 [System Notification] Sales Alert: Sales for Toilet Paper (12pk) dropped by >60%! (Severity: high)
2026-03-10 19:30:17,103 - app.services.notification_service - INFO - 📱 [WhatsApp SIMULATION] From: whatsapp:+14155238886 -> To: +123456789
2026-03-10 19:30:17,103 - app.services.notification_service - INFO -    Message: 🚨 Sales Alert: Sales for Toilet Paper (12pk) dropped by >60%!
2026-03-10 19:30:17,104 - app.services.notification_service - INFO - 🔔 [System Notification] Sales Alert: Sales for Laundry Detergent 2L dropped by >60%! (Severity: high)
2026-03-10 19:30:17,104 - app.services.notification_service - INFO - 📱 [WhatsApp SIMULATION] From: whatsapp:+14155238886 -> To: +123456789
2026-03-10 19:30:17,104 - app.services.notification_service - INFO -    Message: 🚨 Sales Alert: Sales for Laundry Detergent 2L dropped by >60%!
2026-03-10 19:30:17,104 - app.services.notification_service - INFO - 🔔 [System Notification] Sales Alert: Sales for Dish Soap 500ml dropped by >60%! (Severity: high)
2026-03-10 19:30:17,105 - app.services.notification_service - INFO - 📱 [WhatsApp SIMULATION] From: whatsapp:+14155238886 -> To: +123456789
2026-03-10 19:30:17,105 - app.services.notification_service - INFO -    Message: 🚨 Sales Alert: Sales for Dish Soap 500ml dropped by >60%!
2026-03-10 19:30:17,105 - app.services.notification_service - INFO - 🔔 [System Notification] Sales Alert: Sales for AA Batteries (4pk) dropped by >60%! (Severity: high)
2026-03-10 19:30:17,105 - app.services.notification_service - INFO - 📱 [WhatsApp SIMULATION] From: whatsapp:+14155238886 -> To: +123456789
2026-03-10 19:30:17,105 - app.services.notification_service - INFO -    Message: 🚨 Sales Alert: Sales for AA Batteries (4pk) dropped by >60%!
2026-03-10 19:30:17,106 - app.services.notification_service - INFO - 🔔 [System Notification] Sales Alert: Sales for Toothpaste Mint dropped by >60%! (Severity: high)
2026-03-10 19:30:17,106 - app.services.notification_service - INFO - 📱 [WhatsApp SIMULATION] From: whatsapp:+14155238886 -> To: +123456789
2026-03-10 19:30:17,106 - app.services.notification_service - INFO -    Message: 🚨 Sales Alert: Sales for Toothpaste Mint dropped by >60%!
2026-03-10 19:30:17,106 - app.services.notification_service - INFO - 🔔 [System Notification] Sales Alert: Sales for Shampoo 400ml dropped by >60%! (Severity: high)
2026-03-10 19:30:17,106 - app.services.notification_service - INFO - 📱 [WhatsApp SIMULATION] From: whatsapp:+14155238886 -> To: +123456789
2026-03-10 19:30:17,106 - app.services.notification_service - INFO -    Message: 🚨 Sales Alert: Sales for Shampoo 400ml dropped by >60%!
2026-03-10 19:30:17,107 - app.services.notification_service - INFO - 🔔 [System Notification] Sales Alert: Sales for Body Wash dropped by >60%! (Severity: high)
2026-03-10 19:30:17,108 - app.services.notification_service - INFO - 📱 [WhatsApp SIMULATION] From: whatsapp:+14155238886 -> To: +123456789
2026-03-10 19:30:17,108 - app.services.notification_service - INFO -    Message: 🚨 Sales Alert: Sales for Body Wash dropped by >60%!
2026-03-10 19:30:17,108 - app.services.notification_service - INFO - 🔔 [System Notification] Sales Alert: Sales for Hand Sanitizer dropped by >60%! (Severity: high)
2026-03-10 19:30:17,108 - app.services.notification_service - INFO - 📱 [WhatsApp SIMULATION] From: whatsapp:+14155238886 -> To: +123456789
2026-03-10 19:30:17,108 - app.services.notification_service - INFO -    Message: 🚨 Sales Alert: Sales for Hand Sanitizer dropped by >60%!
2026-03-10 19:30:17,109 - app.services.notification_service - INFO - 🔔 [System Notification] Sales Alert: Sales for Potato Chips (Salt) dropped by >60%! (Severity: high)
2026-03-10 19:30:17,109 - app.services.notification_service - INFO - 📱 [WhatsApp SIMULATION] From: whatsapp:+14155238886 -> To: +123456789
2026-03-10 19:30:17,109 - app.services.notification_service - INFO -    Message: 🚨 Sales Alert: Sales for Potato Chips (Salt) dropped by >60%!
2026-03-10 19:30:17,110 - app.services.notification_service - INFO - 🔔 [System Notification] Sales Alert: Sales for Chocolate Bar dropped by >60%! (Severity: high)
2026-03-10 19:30:17,110 - app.services.notification_service - INFO - 📱 [WhatsApp SIMULATION] From: whatsapp:+14155238886 -> To: +123456789
2026-03-10 19:30:17,110 - app.services.notification_service - INFO -    Message: 🚨 Sales Alert: Sales for Chocolate Bar dropped by >60%!
2026-03-10 19:30:17,110 - app.services.notification_service - INFO - 🔔 [System Notification] Sales Alert: Sales for Cookies (Choc Chip) dropped by >60%! (Severity: high)
2026-03-10 19:30:17,110 - app.services.notification_service - INFO - 📱 [WhatsApp SIMULATION] From: whatsapp:+14155238886 -> To: +123456789
2026-03-10 19:30:17,110 - app.services.notification_service - INFO -    Message: 🚨 Sales Alert: Sales for Cookies (Choc Chip) dropped by >60%!
2026-03-10 19:30:17,111 - app.services.notification_service - INFO - 🔔 [System Notification] Sales Alert: Sales for Roasted Nuts dropped by >60%! (Severity: high)
2026-03-10 19:30:17,111 - app.services.notification_service - INFO - 📱 [WhatsApp SIMULATION] From: whatsapp:+14155238886 -> To: +123456789
2026-03-10 19:30:17,111 - app.services.notification_service - INFO -    Message: 🚨 Sales Alert: Sales for Roasted Nuts dropped by >60%!
2026-03-10 19:30:19,693 - app.services.notification_service - INFO - 🔔 [System Notification] Sales Alert: Sales for Banana dropped by >60%! (Severity: high)
2026-03-10 19:30:19,693 - app.services.notification_service - INFO - 📱 [WhatsApp SIMULATION] From: whatsapp:+14155238886 -> To: +123456789
2026-03-10 19:30:19,693 - app.services.notification_service - INFO -    Message: 🚨 Sales Alert: Sales for Banana dropped by >60%!
2026-03-10 19:30:19,694 - app.services.notification_service - INFO - 🔔 [System Notification] Sales Alert: Sales for Blueberries dropped by >60%! (Severity: high)
2026-03-10 19:30:19,694 - app.services.notification_service - INFO - 📱 [WhatsApp SIMULATION] From: whatsapp:+14155238886 -> To: +123456789
2026-03-10 19:30:19,694 - app.services.notification_service - INFO -    Message: 🚨 Sales Alert: Sales for Blueberries dropped by >60%!
2026-03-10 19:30:19,695 - app.services.notification_service - INFO - 🔔 [System Notification] Sales Alert: Sales for Toothbrush dropped by >60%! (Severity: high)
2026-03-10 19:30:19,695 - app.services.notification_service - INFO - 📱 [WhatsApp SIMULATION] From: whatsapp:+14155238886 -> To: +123456789
2026-03-10 19:30:19,695 - app.services.notification_service - INFO -    Message: 🚨 Sales Alert: Sales for Toothbrush dropped by >60%!
2026-03-10 19:30:19,696 - app.services.notification_service - INFO - 🔔 [System Notification] Sales Alert: Sales for Toothpaste dropped by >60%! (Severity: high)
2026-03-10 19:30:19,696 - app.services.notification_service - INFO - 📱 [WhatsApp SIMULATION] From: whatsapp:+14155238886 -> To: +123456789
2026-03-10 19:30:19,696 - app.services.notification_service - INFO -    Message: 🚨 Sales Alert: Sales for Toothpaste dropped by >60%!
2026-03-10 19:30:19,697 - app.services.notification_service - INFO - 🔔 [System Notification] Sales Alert: Sales for Mineral Water dropped by >60%! (Severity: high)
2026-03-10 19:30:19,697 - app.services.notification_service - INFO - 📱 [WhatsApp SIMULATION] From: whatsapp:+14155238886 -> To: +123456789
2026-03-10 19:30:19,697 - app.services.notification_service - INFO -    Message: 🚨 Sales Alert: Sales for Mineral Water dropped by >60%!
2026-03-10 19:30:19,698 - app.services.notification_service - INFO - 🔔 [System Notification] Sales Alert: Sales for Burger dropped by >60%! (Severity: high)
2026-03-10 19:30:19,698 - app.services.notification_service - INFO - 📱 [WhatsApp SIMULATION] From: whatsapp:+14155238886 -> To: +123456789
2026-03-10 19:30:19,698 - app.services.notification_service - INFO -    Message: 🚨 Sales Alert: Sales for Burger dropped by >60%!
2026-03-10 19:30:19,699 - app.services.notification_service - INFO - 🔔 [System Notification] Sales Alert: Sales for Fries dropped by >60%! (Severity: high)
2026-03-10 19:30:19,699 - app.services.notification_service - INFO - 📱 [WhatsApp SIMULATION] From: whatsapp:+14155238886 -> To: +123456789
2026-03-10 19:30:19,700 - app.services.notification_service - INFO -    Message: 🚨 Sales Alert: Sales for Fries dropped by >60%!
2026-03-10 19:30:19,700 - app.services.notification_service - INFO - 🔔 [System Notification] Sales Alert: Sales for Fresh Milk 1L dropped by >60%! (Severity: high)
2026-03-10 19:30:19,701 - app.services.notification_service - INFO - 📱 [WhatsApp SIMULATION] From: whatsapp:+14155238886 -> To: +123456789
2026-03-10 19:30:19,701 - app.services.notification_service - INFO -    Message: 🚨 Sales Alert: Sales for Fresh Milk 1L dropped by >60%!
2026-03-10 19:30:19,702 - app.services.notification_service - INFO - 🔔 [System Notification] Sales Alert: Sales for Cheddar CheeseBlock dropped by >60%! (Severity: high)
2026-03-10 19:30:19,703 - app.services.notification_service - INFO - 📱 [WhatsApp SIMULATION] From: whatsapp:+14155238886 -> To: +123456789
2026-03-10 19:30:19,703 - app.services.notification_service - INFO -    Message: 🚨 Sales Alert: Sales for Cheddar CheeseBlock dropped by >60%!
2026-03-10 19:30:19,704 - app.services.notification_service - INFO - 🔔 [System Notification] Sales Alert: Sales for Greek Yogurt 500g dropped by >60%! (Severity: high)
2026-03-10 19:30:19,705 - app.services.notification_service - INFO - 📱 [WhatsApp SIMULATION] From: whatsapp:+14155238886 -> To: +123456789
2026-03-10 19:30:19,705 - app.services.notification_service - INFO -    Message: 🚨 Sales Alert: Sales for Greek Yogurt 500g dropped by >60%!
2026-03-10 19:30:19,705 - app.services.notification_service - INFO - 🔔 [System Notification] Sales Alert: Sales for Salted Butter dropped by >60%! (Severity: high)
2026-03-10 19:30:19,706 - app.services.notification_service - INFO - 📱 [WhatsApp SIMULATION] From: whatsapp:+14155238886 -> To: +123456789
2026-03-10 19:30:19,706 - app.services.notification_service - INFO -    Message: 🚨 Sales Alert: Sales for Salted Butter dropped by >60%!
2026-03-10 19:30:19,707 - app.services.notification_service - INFO - 🔔 [System Notification] Sales Alert: Sales for Whole Wheat Bread dropped by >60%! (Severity: high)
2026-03-10 19:30:19,707 - app.services.notification_service - INFO - 📱 [WhatsApp SIMULATION] From: whatsapp:+14155238886 -> To: +123456789
2026-03-10 19:30:19,707 - app.services.notification_service - INFO -    Message: 🚨 Sales Alert: Sales for Whole Wheat Bread dropped by >60%!
2026-03-10 19:30:19,708 - app.services.notification_service - INFO - 🔔 [System Notification] Sales Alert: Sales for Croissant (Pack of 4) dropped by >60%! (Severity: high)
2026-03-10 19:30:19,708 - app.services.notification_service - INFO - 📱 [WhatsApp SIMULATION] From: whatsapp:+14155238886 -> To: +123456789
2026-03-10 19:30:19,708 - app.services.notification_service - INFO -    Message: 🚨 Sales Alert: Sales for Croissant (Pack of 4) dropped by >60%!
2026-03-10 19:30:19,709 - app.services.notification_service - INFO - 🔔 [System Notification] Sales Alert: Sales for Bagels (Pack of 6) dropped by >60%! (Severity: high)
2026-03-10 19:30:19,710 - app.services.notification_service - INFO - 📱 [WhatsApp SIMULATION] From: whatsapp:+14155238886 -> To: +123456789
2026-03-10 19:30:19,710 - app.services.notification_service - INFO -    Message: 🚨 Sales Alert: Sales for Bagels (Pack of 6) dropped by >60%!
2026-03-10 19:30:19,711 - app.services.notification_service - INFO - 🔔 [System Notification] Sales Alert: Sales for Chocolate Muffin dropped by >60%! (Severity: high)
2026-03-10 19:30:19,711 - app.services.notification_service - INFO - 📱 [WhatsApp SIMULATION] From: whatsapp:+14155238886 -> To: +123456789
2026-03-10 19:30:19,711 - app.services.notification_service - INFO -    Message: 🚨 Sales Alert: Sales for Chocolate Muffin dropped by >60%!
2026-03-10 19:30:19,712 - app.services.notification_service - INFO - 🔔 [System Notification] Sales Alert: Sales for Mineral Water 600ml dropped by >60%! (Severity: high)
2026-03-10 19:30:19,713 - app.services.notification_service - INFO - 📱 [WhatsApp SIMULATION] From: whatsapp:+14155238886 -> To: +123456789
2026-03-10 19:30:19,713 - app.services.notification_service - INFO -    Message: 🚨 Sales Alert: Sales for Mineral Water 600ml dropped by >60%!
2026-03-10 19:30:19,713 - app.services.notification_service - INFO - 🔔 [System Notification] Sales Alert: Sales for Orange Juice 1L dropped by >60%! (Severity: high)
2026-03-10 19:30:19,714 - app.services.notification_service - INFO - 📱 [WhatsApp SIMULATION] From: whatsapp:+14155238886 -> To: +123456789
2026-03-10 19:30:19,714 - app.services.notification_service - INFO -    Message: 🚨 Sales Alert: Sales for Orange Juice 1L dropped by >60%!
2026-03-10 19:30:19,714 - app.services.notification_service - INFO - 🔔 [System Notification] Sales Alert: Sales for Cola Can 330ml dropped by >60%! (Severity: high)
2026-03-10 19:30:19,715 - app.services.notification_service - INFO - 📱 [WhatsApp SIMULATION] From: whatsapp:+14155238886 -> To: +123456789
2026-03-10 19:30:19,715 - app.services.notification_service - INFO -    Message: 🚨 Sales Alert: Sales for Cola Can 330ml dropped by >60%!
2026-03-10 19:30:19,715 - app.services.notification_service - INFO - 🔔 [System Notification] Sales Alert: Sales for Craft Beer IPA dropped by >60%! (Severity: high)
2026-03-10 19:30:19,716 - app.services.notification_service - INFO - 📱 [WhatsApp SIMULATION] From: whatsapp:+14155238886 -> To: +123456789
2026-03-10 19:30:19,716 - app.services.notification_service - INFO -    Message: 🚨 Sales Alert: Sales for Craft Beer IPA dropped by >60%!
2026-03-10 19:30:19,717 - app.services.notification_service - INFO - 🔔 [System Notification] Sales Alert: Sales for Red Wine (Cab Sauv) dropped by >60%! (Severity: high)
2026-03-10 19:30:19,717 - app.services.notification_service - INFO - 📱 [WhatsApp SIMULATION] From: whatsapp:+14155238886 -> To: +123456789
2026-03-10 19:30:19,718 - app.services.notification_service - INFO -    Message: 🚨 Sales Alert: Sales for Red Wine (Cab Sauv) dropped by >60%!
2026-03-10 19:30:19,719 - app.services.notification_service - INFO - 🔔 [System Notification] Sales Alert: Sales for Energy Drink dropped by >60%! (Severity: high)
2026-03-10 19:30:19,720 - app.services.notification_service - INFO - 📱 [WhatsApp SIMULATION] From: whatsapp:+14155238886 -> To: +123456789
2026-03-10 19:30:19,720 - app.services.notification_service - INFO -    Message: 🚨 Sales Alert: Sales for Energy Drink dropped by >60%!
2026-03-10 19:30:19,721 - app.services.notification_service - INFO - 🔔 [System Notification] Sales Alert: Sales for Banana (Bunch) dropped by >60%! (Severity: high)
2026-03-10 19:30:19,721 - app.services.notification_service - INFO - 📱 [WhatsApp SIMULATION] From: whatsapp:+14155238886 -> To: +123456789
2026-03-10 19:30:19,721 - app.services.notification_service - INFO -    Message: 🚨 Sales Alert: Sales for Banana (Bunch) dropped by >60%!
2026-03-10 19:30:19,722 - app.services.notification_service - INFO - 🔔 [System Notification] Sales Alert: Sales for Gala Apples (1kg) dropped by >60%! (Severity: high)
2026-03-10 19:30:19,722 - app.services.notification_service - INFO - 📱 [WhatsApp SIMULATION] From: whatsapp:+14155238886 -> To: +123456789
2026-03-10 19:30:19,722 - app.services.notification_service - INFO -    Message: 🚨 Sales Alert: Sales for Gala Apples (1kg) dropped by >60%!
2026-03-10 19:30:19,723 - app.services.notification_service - INFO - 🔔 [System Notification] Sales Alert: Sales for Avocado dropped by >60%! (Severity: high)
2026-03-10 19:30:19,723 - app.services.notification_service - INFO - 📱 [WhatsApp SIMULATION] From: whatsapp:+14155238886 -> To: +123456789
2026-03-10 19:30:19,723 - app.services.notification_service - INFO -    Message: 🚨 Sales Alert: Sales for Avocado dropped by >60%!
2026-03-10 19:30:19,724 - app.services.notification_service - INFO - 🔔 [System Notification] Sales Alert: Sales for Baby Spinach Mix dropped by >60%! (Severity: high)
2026-03-10 19:30:19,724 - app.services.notification_service - INFO - 📱 [WhatsApp SIMULATION] From: whatsapp:+14155238886 -> To: +123456789
2026-03-10 19:30:19,724 - app.services.notification_service - INFO -    Message: 🚨 Sales Alert: Sales for Baby Spinach Mix dropped by >60%!
2026-03-10 19:30:19,724 - app.services.notification_service - INFO - 🔔 [System Notification] Sales Alert: Sales for Tomatoes (500g) dropped by >60%! (Severity: high)
2026-03-10 19:30:19,725 - app.services.notification_service - INFO - 📱 [WhatsApp SIMULATION] From: whatsapp:+14155238886 -> To: +123456789
2026-03-10 19:30:19,725 - app.services.notification_service - INFO -    Message: 🚨 Sales Alert: Sales for Tomatoes (500g) dropped by >60%!
2026-03-10 19:30:19,726 - app.services.notification_service - INFO - 🔔 [System Notification] Sales Alert: Sales for Carrots (1kg) dropped by >60%! (Severity: high)
2026-03-10 19:30:19,726 - app.services.notification_service - INFO - 📱 [WhatsApp SIMULATION] From: whatsapp:+14155238886 -> To: +123456789
2026-03-10 19:30:19,726 - app.services.notification_service - INFO -    Message: 🚨 Sales Alert: Sales for Carrots (1kg) dropped by >60%!
2026-03-10 19:30:19,727 - app.services.notification_service - INFO - 🔔 [System Notification] Sales Alert: Sales for Pasta Spaghetti 500g dropped by >60%! (Severity: high)
2026-03-10 19:30:19,727 - app.services.notification_service - INFO - 📱 [WhatsApp SIMULATION] From: whatsapp:+14155238886 -> To: +123456789
2026-03-10 19:30:19,727 - app.services.notification_service - INFO -    Message: 🚨 Sales Alert: Sales for Pasta Spaghetti 500g dropped by >60%!
2026-03-10 19:30:19,727 - app.services.notification_service - INFO - 🔔 [System Notification] Sales Alert: Sales for Pasta Sauce (Tomato) dropped by >60%! (Severity: high)
2026-03-10 19:30:19,727 - app.services.notification_service - INFO - 📱 [WhatsApp SIMULATION] From: whatsapp:+14155238886 -> To: +123456789
2026-03-10 19:30:19,728 - app.services.notification_service - INFO -    Message: 🚨 Sales Alert: Sales for Pasta Sauce (Tomato) dropped by >60%!
2026-03-10 19:30:19,728 - app.services.notification_service - INFO - 🔔 [System Notification] Sales Alert: Sales for Olive Oil 500ml dropped by >60%! (Severity: high)
2026-03-10 19:30:19,728 - app.services.notification_service - INFO - 📱 [WhatsApp SIMULATION] From: whatsapp:+14155238886 -> To: +123456789
2026-03-10 19:30:19,728 - app.services.notification_service - INFO -    Message: 🚨 Sales Alert: Sales for Olive Oil 500ml dropped by >60%!
2026-03-10 19:30:19,729 - app.services.notification_service - INFO - 🔔 [System Notification] Sales Alert: Sales for Jasmine Rice 5kg dropped by >60%! (Severity: high)
2026-03-10 19:30:19,729 - app.services.notification_service - INFO - 📱 [WhatsApp SIMULATION] From: whatsapp:+14155238886 -> To: +123456789
2026-03-10 19:30:19,729 - app.services.notification_service - INFO -    Message: 🚨 Sales Alert: Sales for Jasmine Rice 5kg dropped by >60%!
2026-03-10 19:30:19,729 - app.services.notification_service - INFO - 🔔 [System Notification] Sales Alert: Sales for Breakfast Cereal dropped by >60%! (Severity: high)
2026-03-10 19:30:19,730 - app.services.notification_service - INFO - 📱 [WhatsApp SIMULATION] From: whatsapp:+14155238886 -> To: +123456789
2026-03-10 19:30:19,730 - app.services.notification_service - INFO -    Message: 🚨 Sales Alert: Sales for Breakfast Cereal dropped by >60%!
2026-03-10 19:30:19,730 - app.services.notification_service - INFO - 🔔 [System Notification] Sales Alert: Sales for Instant Noodles (5pk) dropped by >60%! (Severity: high)
2026-03-10 19:30:19,730 - app.services.notification_service - INFO - 📱 [WhatsApp SIMULATION] From: whatsapp:+14155238886 -> To: +123456789
2026-03-10 19:30:19,730 - app.services.notification_service - INFO -    Message: 🚨 Sales Alert: Sales for Instant Noodles (5pk) dropped by >60%!
2026-03-10 19:30:19,731 - app.services.notification_service - INFO - 🔔 [System Notification] Sales Alert: Sales for Tomato Ketchup dropped by >60%! (Severity: high)
2026-03-10 19:30:19,731 - app.services.notification_service - INFO - 📱 [WhatsApp SIMULATION] From: whatsapp:+14155238886 -> To: +123456789
2026-03-10 19:30:19,731 - app.services.notification_service - INFO -    Message: 🚨 Sales Alert: Sales for Tomato Ketchup dropped by >60%!
2026-03-10 19:30:19,731 - app.services.notification_service - INFO - 🔔 [System Notification] Sales Alert: Sales for Toilet Paper (12pk) dropped by >60%! (Severity: high)
2026-03-10 19:30:19,731 - app.services.notification_service - INFO - 📱 [WhatsApp SIMULATION] From: whatsapp:+14155238886 -> To: +123456789
2026-03-10 19:30:19,731 - app.services.notification_service - INFO -    Message: 🚨 Sales Alert: Sales for Toilet Paper (12pk) dropped by >60%!
2026-03-10 19:30:19,732 - app.services.notification_service - INFO - 🔔 [System Notification] Sales Alert: Sales for Laundry Detergent 2L dropped by >60%! (Severity: high)
2026-03-10 19:30:19,732 - app.services.notification_service - INFO - 📱 [WhatsApp SIMULATION] From: whatsapp:+14155238886 -> To: +123456789
2026-03-10 19:30:19,732 - app.services.notification_service - INFO -    Message: 🚨 Sales Alert: Sales for Laundry Detergent 2L dropped by >60%!
2026-03-10 19:30:19,733 - app.services.notification_service - INFO - 🔔 [System Notification] Sales Alert: Sales for Dish Soap 500ml dropped by >60%! (Severity: high)
2026-03-10 19:30:19,733 - app.services.notification_service - INFO - 📱 [WhatsApp SIMULATION] From: whatsapp:+14155238886 -> To: +123456789
2026-03-10 19:30:19,733 - app.services.notification_service - INFO -    Message: 🚨 Sales Alert: Sales for Dish Soap 500ml dropped by >60%!
2026-03-10 19:30:19,734 - app.services.notification_service - INFO - 🔔 [System Notification] Sales Alert: Sales for AA Batteries (4pk) dropped by >60%! (Severity: high)
2026-03-10 19:30:19,734 - app.services.notification_service - INFO - 📱 [WhatsApp SIMULATION] From: whatsapp:+14155238886 -> To: +123456789
2026-03-10 19:30:19,734 - app.services.notification_service - INFO -    Message: 🚨 Sales Alert: Sales for AA Batteries (4pk) dropped by >60%!
2026-03-10 19:30:19,734 - app.services.notification_service - INFO - 🔔 [System Notification] Sales Alert: Sales for Toothpaste Mint dropped by >60%! (Severity: high)
2026-03-10 19:30:19,734 - app.services.notification_service - INFO - 📱 [WhatsApp SIMULATION] From: whatsapp:+14155238886 -> To: +123456789
2026-03-10 19:30:19,734 - app.services.notification_service - INFO -    Message: 🚨 Sales Alert: Sales for Toothpaste Mint dropped by >60%!
2026-03-10 19:30:19,735 - app.services.notification_service - INFO - 🔔 [System Notification] Sales Alert: Sales for Shampoo 400ml dropped by >60%! (Severity: high)
2026-03-10 19:30:19,735 - app.services.notification_service - INFO - 📱 [WhatsApp SIMULATION] From: whatsapp:+14155238886 -> To: +123456789
2026-03-10 19:30:19,735 - app.services.notification_service - INFO -    Message: 🚨 Sales Alert: Sales for Shampoo 400ml dropped by >60%!
2026-03-10 19:30:19,735 - app.services.notification_service - INFO - 🔔 [System Notification] Sales Alert: Sales for Body Wash dropped by >60%! (Severity: high)
2026-03-10 19:30:19,735 - app.services.notification_service - INFO - 📱 [WhatsApp SIMULATION] From: whatsapp:+14155238886 -> To: +123456789
2026-03-10 19:30:19,735 - app.services.notification_service - INFO -    Message: 🚨 Sales Alert: Sales for Body Wash dropped by >60%!
2026-03-10 19:30:19,736 - app.services.notification_service - INFO - 🔔 [System Notification] Sales Alert: Sales for Hand Sanitizer dropped by >60%! (Severity: high)
2026-03-10 19:30:19,736 - app.services.notification_service - INFO - 📱 [WhatsApp SIMULATION] From: whatsapp:+14155238886 -> To: +123456789
2026-03-10 19:30:19,736 - app.services.notification_service - INFO -    Message: 🚨 Sales Alert: Sales for Hand Sanitizer dropped by >60%!
2026-03-10 19:30:19,737 - app.services.notification_service - INFO - 🔔 [System Notification] Sales Alert: Sales for Potato Chips (Salt) dropped by >60%! (Severity: high)
2026-03-10 19:30:19,737 - app.services.notification_service - INFO - 📱 [WhatsApp SIMULATION] From: whatsapp:+14155238886 -> To: +123456789
2026-03-10 19:30:19,737 - app.services.notification_service - INFO -    Message: 🚨 Sales Alert: Sales for Potato Chips (Salt) dropped by >60%!
2026-03-10 19:30:19,737 - app.services.notification_service - INFO - 🔔 [System Notification] Sales Alert: Sales for Chocolate Bar dropped by >60%! (Severity: high)
2026-03-10 19:30:19,737 - app.services.notification_service - INFO - 📱 [WhatsApp SIMULATION] From: whatsapp:+14155238886 -> To: +123456789
2026-03-10 19:30:19,737 - app.services.notification_service - INFO -    Message: 🚨 Sales Alert: Sales for Chocolate Bar dropped by >60%!
2026-03-10 19:30:19,738 - app.services.notification_service - INFO - 🔔 [System Notification] Sales Alert: Sales for Cookies (Choc Chip) dropped by >60%! (Severity: high)
2026-03-10 19:30:19,738 - app.services.notification_service - INFO - 📱 [WhatsApp SIMULATION] From: whatsapp:+14155238886 -> To: +123456789
2026-03-10 19:30:19,738 - app.services.notification_service - INFO -    Message: 🚨 Sales Alert: Sales for Cookies (Choc Chip) dropped by >60%!
2026-03-10 19:30:19,738 - app.services.notification_service - INFO - 🔔 [System Notification] Sales Alert: Sales for Roasted Nuts dropped by >60%! (Severity: high)
2026-03-10 19:30:19,738 - app.services.notification_service - INFO - 📱 [WhatsApp SIMULATION] From: whatsapp:+14155238886 -> To: +123456789
2026-03-10 19:30:19,739 - app.services.notification_service - INFO -    Message: 🚨 Sales Alert: Sales for Roasted Nuts dropped by >60%!
2026-03-10 19:31:34,929 - app.services.notification_service - INFO - 🔔 [System Notification] Sales Alert: Sales for Banana dropped by >60%! (Severity: high)
2026-03-10 19:31:34,929 - app.services.notification_service - INFO - 📱 [WhatsApp SIMULATION] From: whatsapp:+14155238886 -> To: +123456789
2026-03-10 19:31:34,929 - app.services.notification_service - INFO -    Message: 🚨 Sales Alert: Sales for Banana dropped by >60%!
2026-03-10 19:31:34,930 - app.services.notification_service - INFO - 🔔 [System Notification] Sales Alert: Sales for Blueberries dropped by >60%! (Severity: high)
2026-03-10 19:31:34,930 - app.services.notification_service - INFO - 📱 [WhatsApp SIMULATION] From: whatsapp:+14155238886 -> To: +123456789
2026-03-10 19:31:34,930 - app.services.notification_service - INFO -    Message: 🚨 Sales Alert: Sales for Blueberries dropped by >60%!
2026-03-10 19:31:34,931 - app.services.notification_service - INFO - 🔔 [System Notification] Sales Alert: Sales for Toothbrush dropped by >60%! (Severity: high)
2026-03-10 19:31:34,931 - app.services.notification_service - INFO - 📱 [WhatsApp SIMULATION] From: whatsapp:+14155238886 -> To: +123456789
2026-03-10 19:31:34,931 - app.services.notification_service - INFO -    Message: 🚨 Sales Alert: Sales for Toothbrush dropped by >60%!
2026-03-10 19:31:34,931 - app.services.notification_service - INFO - 🔔 [System Notification] Sales Alert: Sales for Toothpaste dropped by >60%! (Severity: high)
2026-03-10 19:31:34,931 - app.services.notification_service - INFO - 📱 [WhatsApp SIMULATION] From: whatsapp:+14155238886 -> To: +123456789
2026-03-10 19:31:34,931 - app.services.notification_service - INFO -    Message: 🚨 Sales Alert: Sales for Toothpaste dropped by >60%!
2026-03-10 19:31:34,932 - app.services.notification_service - INFO - 🔔 [System Notification] Sales Alert: Sales for Mineral Water dropped by >60%! (Severity: high)
2026-03-10 19:31:34,932 - app.services.notification_service - INFO - 📱 [WhatsApp SIMULATION] From: whatsapp:+14155238886 -> To: +123456789
2026-03-10 19:31:34,932 - app.services.notification_service - INFO -    Message: 🚨 Sales Alert: Sales for Mineral Water dropped by >60%!
2026-03-10 19:31:34,932 - app.services.notification_service - INFO - 🔔 [System Notification] Sales Alert: Sales for Burger dropped by >60%! (Severity: high)
2026-03-10 19:31:34,933 - app.services.notification_service - INFO - 📱 [WhatsApp SIMULATION] From: whatsapp:+14155238886 -> To: +123456789
2026-03-10 19:31:34,933 - app.services.notification_service - INFO -    Message: 🚨 Sales Alert: Sales for Burger dropped by >60%!
2026-03-10 19:31:34,933 - app.services.notification_service - INFO - 🔔 [System Notification] Sales Alert: Sales for Fries dropped by >60%! (Severity: high)
2026-03-10 19:31:34,933 - app.services.notification_service - INFO - 📱 [WhatsApp SIMULATION] From: whatsapp:+14155238886 -> To: +123456789
2026-03-10 19:31:34,934 - app.services.notification_service - INFO -    Message: 🚨 Sales Alert: Sales for Fries dropped by >60%!
2026-03-10 19:31:34,934 - app.services.notification_service - INFO - 🔔 [System Notification] Sales Alert: Sales for Fresh Milk 1L dropped by >60%! (Severity: high)
2026-03-10 19:31:34,934 - app.services.notification_service - INFO - 📱 [WhatsApp SIMULATION] From: whatsapp:+14155238886 -> To: +123456789
2026-03-10 19:31:34,935 - app.services.notification_service - INFO -    Message: 🚨 Sales Alert: Sales for Fresh Milk 1L dropped by >60%!
2026-03-10 19:31:34,935 - app.services.notification_service - INFO - 🔔 [System Notification] Sales Alert: Sales for Cheddar CheeseBlock dropped by >60%! (Severity: high)
2026-03-10 19:31:34,935 - app.services.notification_service - INFO - 📱 [WhatsApp SIMULATION] From: whatsapp:+14155238886 -> To: +123456789
2026-03-10 19:31:34,936 - app.services.notification_service - INFO -    Message: 🚨 Sales Alert: Sales for Cheddar CheeseBlock dropped by >60%!
2026-03-10 19:31:34,936 - app.services.notification_service - INFO - 🔔 [System Notification] Sales Alert: Sales for Greek Yogurt 500g dropped by >60%! (Severity: high)
2026-03-10 19:31:34,936 - app.services.notification_service - INFO - 📱 [WhatsApp SIMULATION] From: whatsapp:+14155238886 -> To: +123456789
2026-03-10 19:31:34,936 - app.services.notification_service - INFO -    Message: 🚨 Sales Alert: Sales for Greek Yogurt 500g dropped by >60%!
2026-03-10 19:31:34,937 - app.services.notification_service - INFO - 🔔 [System Notification] Sales Alert: Sales for Salted Butter dropped by >60%! (Severity: high)
2026-03-10 19:31:34,937 - app.services.notification_service - INFO - 📱 [WhatsApp SIMULATION] From: whatsapp:+14155238886 -> To: +123456789
2026-03-10 19:31:34,937 - app.services.notification_service - INFO -    Message: 🚨 Sales Alert: Sales for Salted Butter dropped by >60%!
2026-03-10 19:31:34,938 - app.services.notification_service - INFO - 🔔 [System Notification] Sales Alert: Sales for Whole Wheat Bread dropped by >60%! (Severity: high)
2026-03-10 19:31:34,938 - app.services.notification_service - INFO - 📱 [WhatsApp SIMULATION] From: whatsapp:+14155238886 -> To: +123456789
2026-03-10 19:31:34,938 - app.services.notification_service - INFO -    Message: 🚨 Sales Alert: Sales for Whole Wheat Bread dropped by >60%!
2026-03-10 19:31:34,938 - app.services.notification_service - INFO - 🔔 [System Notification] Sales Alert: Sales for Croissant (Pack of 4) dropped by >60%! (Severity: high)
2026-03-10 19:31:34,939 - app.services.notification_service - INFO - 📱 [WhatsApp SIMULATION] From: whatsapp:+14155238886 -> To: +123456789
2026-03-10 19:31:34,939 - app.services.notification_service - INFO -    Message: 🚨 Sales Alert: Sales for Croissant (Pack of 4) dropped by >60%!
2026-03-10 19:31:34,940 - app.services.notification_service - INFO - 🔔 [System Notification] Sales Alert: Sales for Bagels (Pack of 6) dropped by >60%! (Severity: high)
2026-03-10 19:31:34,940 - app.services.notification_service - INFO - 📱 [WhatsApp SIMULATION] From: whatsapp:+14155238886 -> To: +123456789
2026-03-10 19:31:34,940 - app.services.notification_service - INFO -    Message: 🚨 Sales Alert: Sales for Bagels (Pack of 6) dropped by >60%!
2026-03-10 19:31:34,940 - app.services.notification_service - INFO - 🔔 [System Notification] Sales Alert: Sales for Chocolate Muffin dropped by >60%! (Severity: high)
2026-03-10 19:31:34,941 - app.services.notification_service - INFO - 📱 [WhatsApp SIMULATION] From: whatsapp:+14155238886 -> To: +123456789
2026-03-10 19:31:34,943 - app.services.notification_service - INFO -    Message: 🚨 Sales Alert: Sales for Chocolate Muffin dropped by >60%!
2026-03-10 19:31:34,944 - app.services.notification_service - INFO - 🔔 [System Notification] Sales Alert: Sales for Mineral Water 600ml dropped by >60%! (Severity: high)
2026-03-10 19:31:34,944 - app.services.notification_service - INFO - 📱 [WhatsApp SIMULATION] From: whatsapp:+14155238886 -> To: +123456789
2026-03-10 19:31:34,944 - app.services.notification_service - INFO -    Message: 🚨 Sales Alert: Sales for Mineral Water 600ml dropped by >60%!
2026-03-10 19:31:34,945 - app.services.notification_service - INFO - 🔔 [System Notification] Sales Alert: Sales for Orange Juice 1L dropped by >60%! (Severity: high)
2026-03-10 19:31:34,945 - app.services.notification_service - INFO - 📱 [WhatsApp SIMULATION] From: whatsapp:+14155238886 -> To: +123456789
2026-03-10 19:31:34,945 - app.services.notification_service - INFO -    Message: 🚨 Sales Alert: Sales for Orange Juice 1L dropped by >60%!
2026-03-10 19:31:34,946 - app.services.notification_service - INFO - 🔔 [System Notification] Sales Alert: Sales for Cola Can 330ml dropped by >60%! (Severity: high)
2026-03-10 19:31:34,946 - app.services.notification_service - INFO - 📱 [WhatsApp SIMULATION] From: whatsapp:+14155238886 -> To: +123456789
2026-03-10 19:31:34,946 - app.services.notification_service - INFO -    Message: 🚨 Sales Alert: Sales for Cola Can 330ml dropped by >60%!
2026-03-10 19:31:34,947 - app.services.notification_service - INFO - 🔔 [System Notification] Sales Alert: Sales for Craft Beer IPA dropped by >60%! (Severity: high)
2026-03-10 19:31:34,947 - app.services.notification_service - INFO - 📱 [WhatsApp SIMULATION] From: whatsapp:+14155238886 -> To: +123456789
2026-03-10 19:31:34,948 - app.services.notification_service - INFO -    Message: 🚨 Sales Alert: Sales for Craft Beer IPA dropped by >60%!
2026-03-10 19:31:34,948 - app.services.notification_service - INFO - 🔔 [System Notification] Sales Alert: Sales for Red Wine (Cab Sauv) dropped by >60%! (Severity: high)
2026-03-10 19:31:34,949 - app.services.notification_service - INFO - 📱 [WhatsApp SIMULATION] From: whatsapp:+14155238886 -> To: +123456789
2026-03-10 19:31:34,949 - app.services.notification_service - INFO -    Message: 🚨 Sales Alert: Sales for Red Wine (Cab Sauv) dropped by >60%!
2026-03-10 19:31:34,950 - app.services.notification_service - INFO - 🔔 [System Notification] Sales Alert: Sales for Energy Drink dropped by >60%! (Severity: high)
2026-03-10 19:31:34,950 - app.services.notification_service - INFO - 📱 [WhatsApp SIMULATION] From: whatsapp:+14155238886 -> To: +123456789
2026-03-10 19:31:34,950 - app.services.notification_service - INFO -    Message: 🚨 Sales Alert: Sales for Energy Drink dropped by >60%!
2026-03-10 19:31:34,950 - app.services.notification_service - INFO - 🔔 [System Notification] Sales Alert: Sales for Banana (Bunch) dropped by >60%! (Severity: high)
2026-03-10 19:31:34,951 - app.services.notification_service - INFO - 📱 [WhatsApp SIMULATION] From: whatsapp:+14155238886 -> To: +123456789
2026-03-10 19:31:34,951 - app.services.notification_service - INFO -    Message: 🚨 Sales Alert: Sales for Banana (Bunch) dropped by >60%!
2026-03-10 19:31:34,951 - app.services.notification_service - INFO - 🔔 [System Notification] Sales Alert: Sales for Gala Apples (1kg) dropped by >60%! (Severity: high)
2026-03-10 19:31:34,951 - app.services.notification_service - INFO - 📱 [WhatsApp SIMULATION] From: whatsapp:+14155238886 -> To: +123456789
2026-03-10 19:31:34,951 - app.services.notification_service - INFO -    Message: 🚨 Sales Alert: Sales for Gala Apples (1kg) dropped by >60%!
2026-03-10 19:31:34,952 - app.services.notification_service - INFO - 🔔 [System Notification] Sales Alert: Sales for Avocado dropped by >60%! (Severity: high)
2026-03-10 19:31:34,952 - app.services.notification_service - INFO - 📱 [WhatsApp SIMULATION] From: whatsapp:+14155238886 -> To: +123456789
2026-03-10 19:31:34,952 - app.services.notification_service - INFO -    Message: 🚨 Sales Alert: Sales for Avocado dropped by >60%!
2026-03-10 19:31:34,952 - app.services.notification_service - INFO - 🔔 [System Notification] Sales Alert: Sales for Baby Spinach Mix dropped by >60%! (Severity: high)
2026-03-10 19:31:34,952 - app.services.notification_service - INFO - 📱 [WhatsApp SIMULATION] From: whatsapp:+14155238886 -> To: +123456789
2026-03-10 19:31:34,952 - app.services.notification_service - INFO -    Message: 🚨 Sales Alert: Sales for Baby Spinach Mix dropped by >60%!
2026-03-10 19:31:34,953 - app.services.notification_service - INFO - 🔔 [System Notification] Sales Alert: Sales for Tomatoes (500g) dropped by >60%! (Severity: high)
2026-03-10 19:31:34,953 - app.services.notification_service - INFO - 📱 [WhatsApp SIMULATION] From: whatsapp:+14155238886 -> To: +123456789
2026-03-10 19:31:34,953 - app.services.notification_service - INFO -    Message: 🚨 Sales Alert: Sales for Tomatoes (500g) dropped by >60%!
2026-03-10 19:31:34,953 - app.services.notification_service - INFO - 🔔 [System Notification] Sales Alert: Sales for Carrots (1kg) dropped by >60%! (Severity: high)
2026-03-10 19:31:34,954 - app.services.notification_service - INFO - 📱 [WhatsApp SIMULATION] From: whatsapp:+14155238886 -> To: +123456789
2026-03-10 19:31:34,954 - app.services.notification_service - INFO -    Message: 🚨 Sales Alert: Sales for Carrots (1kg) dropped by >60%!
2026-03-10 19:31:34,955 - app.services.notification_service - INFO - 🔔 [System Notification] Sales Alert: Sales for Pasta Spaghetti 500g dropped by >60%! (Severity: high)
2026-03-10 19:31:34,955 - app.services.notification_service - INFO - 📱 [WhatsApp SIMULATION] From: whatsapp:+14155238886 -> To: +123456789
2026-03-10 19:31:34,955 - app.services.notification_service - INFO -    Message: 🚨 Sales Alert: Sales for Pasta Spaghetti 500g dropped by >60%!
2026-03-10 19:31:34,956 - app.services.notification_service - INFO - 🔔 [System Notification] Sales Alert: Sales for Pasta Sauce (Tomato) dropped by >60%! (Severity: high)
2026-03-10 19:31:34,956 - app.services.notification_service - INFO - 📱 [WhatsApp SIMULATION] From: whatsapp:+14155238886 -> To: +123456789
2026-03-10 19:31:34,956 - app.services.notification_service - INFO -    Message: 🚨 Sales Alert: Sales for Pasta Sauce (Tomato) dropped by >60%!
2026-03-10 19:31:34,957 - app.services.notification_service - INFO - 🔔 [System Notification] Sales Alert: Sales for Olive Oil 500ml dropped by >60%! (Severity: high)
2026-03-10 19:31:34,957 - app.services.notification_service - INFO - 📱 [WhatsApp SIMULATION] From: whatsapp:+14155238886 -> To: +123456789
2026-03-10 19:31:34,957 - app.services.notification_service - INFO -    Message: 🚨 Sales Alert: Sales for Olive Oil 500ml dropped by >60%!
2026-03-10 19:31:34,958 - app.services.notification_service - INFO - 🔔 [System Notification] Sales Alert: Sales for Jasmine Rice 5kg dropped by >60%! (Severity: high)
2026-03-10 19:31:34,958 - app.services.notification_service - INFO - 📱 [WhatsApp SIMULATION] From: whatsapp:+14155238886 -> To: +123456789
2026-03-10 19:31:34,958 - app.services.notification_service - INFO -    Message: 🚨 Sales Alert: Sales for Jasmine Rice 5kg dropped by >60%!
2026-03-10 19:31:34,958 - app.services.notification_service - INFO - 🔔 [System Notification] Sales Alert: Sales for Breakfast Cereal dropped by >60%! (Severity: high)
2026-03-10 19:31:34,958 - app.services.notification_service - INFO - 📱 [WhatsApp SIMULATION] From: whatsapp:+14155238886 -> To: +123456789
2026-03-10 19:31:34,958 - app.services.notification_service - INFO -    Message: 🚨 Sales Alert: Sales for Breakfast Cereal dropped by >60%!
2026-03-10 19:31:34,959 - app.services.notification_service - INFO - 🔔 [System Notification] Sales Alert: Sales for Instant Noodles (5pk) dropped by >60%! (Severity: high)
2026-03-10 19:31:34,959 - app.services.notification_service - INFO - 📱 [WhatsApp SIMULATION] From: whatsapp:+14155238886 -> To: +123456789
2026-03-10 19:31:34,959 - app.services.notification_service - INFO -    Message: 🚨 Sales Alert: Sales for Instant Noodles (5pk) dropped by >60%!
2026-03-10 19:31:34,959 - app.services.notification_service - INFO - 🔔 [System Notification] Sales Alert: Sales for Tomato Ketchup dropped by >60%! (Severity: high)
2026-03-10 19:31:34,959 - app.services.notification_service - INFO - 📱 [WhatsApp SIMULATION] From: whatsapp:+14155238886 -> To: +123456789
2026-03-10 19:31:34,959 - app.services.notification_service - INFO -    Message: 🚨 Sales Alert: Sales for Tomato Ketchup dropped by >60%!
2026-03-10 19:31:34,960 - app.services.notification_service - INFO - 🔔 [System Notification] Sales Alert: Sales for Toilet Paper (12pk) dropped by >60%! (Severity: high)
2026-03-10 19:31:34,960 - app.services.notification_service - INFO - 📱 [WhatsApp SIMULATION] From: whatsapp:+14155238886 -> To: +123456789
2026-03-10 19:31:34,960 - app.services.notification_service - INFO -    Message: 🚨 Sales Alert: Sales for Toilet Paper (12pk) dropped by >60%!
2026-03-10 19:31:34,960 - app.services.notification_service - INFO - 🔔 [System Notification] Sales Alert: Sales for Laundry Detergent 2L dropped by >60%! (Severity: high)
2026-03-10 19:31:34,961 - app.services.notification_service - INFO - 📱 [WhatsApp SIMULATION] From: whatsapp:+14155238886 -> To: +123456789
2026-03-10 19:31:34,961 - app.services.notification_service - INFO -    Message: 🚨 Sales Alert: Sales for Laundry Detergent 2L dropped by >60%!
2026-03-10 19:31:34,962 - app.services.notification_service - INFO - 🔔 [System Notification] Sales Alert: Sales for Dish Soap 500ml dropped by >60%! (Severity: high)
2026-03-10 19:31:34,962 - app.services.notification_service - INFO - 📱 [WhatsApp SIMULATION] From: whatsapp:+14155238886 -> To: +123456789
2026-03-10 19:31:34,962 - app.services.notification_service - INFO -    Message: 🚨 Sales Alert: Sales for Dish Soap 500ml dropped by >60%!
2026-03-10 19:31:34,963 - app.services.notification_service - INFO - 🔔 [System Notification] Sales Alert: Sales for AA Batteries (4pk) dropped by >60%! (Severity: high)
2026-03-10 19:31:34,963 - app.services.notification_service - INFO - 📱 [WhatsApp SIMULATION] From: whatsapp:+14155238886 -> To: +123456789
2026-03-10 19:31:34,963 - app.services.notification_service - INFO -    Message: 🚨 Sales Alert: Sales for AA Batteries (4pk) dropped by >60%!
2026-03-10 19:31:34,964 - app.services.notification_service - INFO - 🔔 [System Notification] Sales Alert: Sales for Toothpaste Mint dropped by >60%! (Severity: high)
2026-03-10 19:31:34,964 - app.services.notification_service - INFO - 📱 [WhatsApp SIMULATION] From: whatsapp:+14155238886 -> To: +123456789
2026-03-10 19:31:34,964 - app.services.notification_service - INFO -    Message: 🚨 Sales Alert: Sales for Toothpaste Mint dropped by >60%!
2026-03-10 19:31:34,964 - app.services.notification_service - INFO - 🔔 [System Notification] Sales Alert: Sales for Shampoo 400ml dropped by >60%! (Severity: high)
2026-03-10 19:31:34,965 - app.services.notification_service - INFO - 📱 [WhatsApp SIMULATION] From: whatsapp:+14155238886 -> To: +123456789
2026-03-10 19:31:34,965 - app.services.notification_service - INFO -    Message: 🚨 Sales Alert: Sales for Shampoo 400ml dropped by >60%!
2026-03-10 19:31:34,965 - app.services.notification_service - INFO - 🔔 [System Notification] Sales Alert: Sales for Body Wash dropped by >60%! (Severity: high)
2026-03-10 19:31:34,965 - app.services.notification_service - INFO - 📱 [WhatsApp SIMULATION] From: whatsapp:+14155238886 -> To: +123456789
2026-03-10 19:31:34,965 - app.services.notification_service - INFO -    Message: 🚨 Sales Alert: Sales for Body Wash dropped by >60%!
2026-03-10 19:31:34,966 - app.services.notification_service - INFO - 🔔 [System Notification] Sales Alert: Sales for Hand Sanitizer dropped by >60%! (Severity: high)
2026-03-10 19:31:34,966 - app.services.notification_service - INFO - 📱 [WhatsApp SIMULATION] From: whatsapp:+14155238886 -> To: +123456789
2026-03-10 19:31:34,966 - app.services.notification_service - INFO -    Message: 🚨 Sales Alert: Sales for Hand Sanitizer dropped by >60%!
2026-03-10 19:31:34,966 - app.services.notification_service - INFO - 🔔 [System Notification] Sales Alert: Sales for Potato Chips (Salt) dropped by >60%! (Severity: high)
2026-03-10 19:31:34,966 - app.services.notification_service - INFO - 📱 [WhatsApp SIMULATION] From: whatsapp:+14155238886 -> To: +123456789
2026-03-10 19:31:34,967 - app.services.notification_service - INFO -    Message: 🚨 Sales Alert: Sales for Potato Chips (Salt) dropped by >60%!
2026-03-10 19:31:34,967 - app.services.notification_service - INFO - 🔔 [System Notification] Sales Alert: Sales for Chocolate Bar dropped by >60%! (Severity: high)
2026-03-10 19:31:34,967 - app.services.notification_service - INFO - 📱 [WhatsApp SIMULATION] From: whatsapp:+14155238886 -> To: +123456789
2026-03-10 19:31:34,967 - app.services.notification_service - INFO -    Message: 🚨 Sales Alert: Sales for Chocolate Bar dropped by >60%!
2026-03-10 19:31:34,968 - app.services.notification_service - INFO - 🔔 [System Notification] Sales Alert: Sales for Cookies (Choc Chip) dropped by >60%! (Severity: high)
2026-03-10 19:31:34,968 - app.services.notification_service - INFO - 📱 [WhatsApp SIMULATION] From: whatsapp:+14155238886 -> To: +123456789
2026-03-10 19:31:34,968 - app.services.notification_service - INFO -    Message: 🚨 Sales Alert: Sales for Cookies (Choc Chip) dropped by >60%!
2026-03-10 19:31:34,969 - app.services.notification_service - INFO - 🔔 [System Notification] Sales Alert: Sales for Roasted Nuts dropped by >60%! (Severity: high)
2026-03-10 19:31:34,969 - app.services.notification_service - INFO - 📱 [WhatsApp SIMULATION] From: whatsapp:+14155238886 -> To: +123456789
2026-03-10 19:31:34,969 - app.services.notification_service - INFO -    Message: 🚨 Sales Alert: Sales for Roasted Nuts dropped by >60%!
2026-03-10 19:32:36,724 - app.services.notification_service - INFO - 🔔 [System Notification] Sales Alert: Sales for Banana dropped by >60%! (Severity: high)
2026-03-10 19:32:36,724 - app.services.notification_service - INFO - 📱 [WhatsApp SIMULATION] From: whatsapp:+14155238886 -> To: +123456789
2026-03-10 19:32:36,724 - app.services.notification_service - INFO -    Message: 🚨 Sales Alert: Sales for Banana dropped by >60%!
2026-03-10 19:32:36,725 - app.services.notification_service - INFO - 🔔 [System Notification] Sales Alert: Sales for Blueberries dropped by >60%! (Severity: high)
2026-03-10 19:32:36,725 - app.services.notification_service - INFO - 📱 [WhatsApp SIMULATION] From: whatsapp:+14155238886 -> To: +123456789
2026-03-10 19:32:36,725 - app.services.notification_service - INFO -    Message: 🚨 Sales Alert: Sales for Blueberries dropped by >60%!
2026-03-10 19:32:36,726 - app.services.notification_service - INFO - 🔔 [System Notification] Sales Alert: Sales for Toothbrush dropped by >60%! (Severity: high)
2026-03-10 19:32:36,726 - app.services.notification_service - INFO - 📱 [WhatsApp SIMULATION] From: whatsapp:+14155238886 -> To: +123456789
2026-03-10 19:32:36,726 - app.services.notification_service - INFO -    Message: 🚨 Sales Alert: Sales for Toothbrush dropped by >60%!
2026-03-10 19:32:36,727 - app.services.notification_service - INFO - 🔔 [System Notification] Sales Alert: Sales for Toothpaste dropped by >60%! (Severity: high)
2026-03-10 19:32:36,727 - app.services.notification_service - INFO - 📱 [WhatsApp SIMULATION] From: whatsapp:+14155238886 -> To: +123456789
2026-03-10 19:32:36,727 - app.services.notification_service - INFO -    Message: 🚨 Sales Alert: Sales for Toothpaste dropped by >60%!
2026-03-10 19:32:36,727 - app.services.notification_service - INFO - 🔔 [System Notification] Sales Alert: Sales for Mineral Water dropped by >60%! (Severity: high)
2026-03-10 19:32:36,727 - app.services.notification_service - INFO - 📱 [WhatsApp SIMULATION] From: whatsapp:+14155238886 -> To: +123456789
2026-03-10 19:32:36,728 - app.services.notification_service - INFO -    Message: 🚨 Sales Alert: Sales for Mineral Water dropped by >60%!
2026-03-10 19:32:36,728 - app.services.notification_service - INFO - 🔔 [System Notification] Sales Alert: Sales for Burger dropped by >60%! (Severity: high)
2026-03-10 19:32:36,728 - app.services.notification_service - INFO - 📱 [WhatsApp SIMULATION] From: whatsapp:+14155238886 -> To: +123456789
2026-03-10 19:32:36,728 - app.services.notification_service - INFO -    Message: 🚨 Sales Alert: Sales for Burger dropped by >60%!
2026-03-10 19:32:36,729 - app.services.notification_service - INFO - 🔔 [System Notification] Sales Alert: Sales for Fries dropped by >60%! (Severity: high)
2026-03-10 19:32:36,729 - app.services.notification_service - INFO - 📱 [WhatsApp SIMULATION] From: whatsapp:+14155238886 -> To: +123456789
2026-03-10 19:32:36,729 - app.services.notification_service - INFO -    Message: 🚨 Sales Alert: Sales for Fries dropped by >60%!
2026-03-10 19:32:36,729 - app.services.notification_service - INFO - 🔔 [System Notification] Sales Alert: Sales for Fresh Milk 1L dropped by >60%! (Severity: high)
2026-03-10 19:32:36,729 - app.services.notification_service - INFO - 📱 [WhatsApp SIMULATION] From: whatsapp:+14155238886 -> To: +123456789
2026-03-10 19:32:36,730 - app.services.notification_service - INFO -    Message: 🚨 Sales Alert: Sales for Fresh Milk 1L dropped by >60%!
2026-03-10 19:32:36,730 - app.services.notification_service - INFO - 🔔 [System Notification] Sales Alert: Sales for Cheddar CheeseBlock dropped by >60%! (Severity: high)
2026-03-10 19:32:36,731 - app.services.notification_service - INFO - 📱 [WhatsApp SIMULATION] From: whatsapp:+14155238886 -> To: +123456789
2026-03-10 19:32:36,731 - app.services.notification_service - INFO -    Message: 🚨 Sales Alert: Sales for Cheddar CheeseBlock dropped by >60%!
2026-03-10 19:32:36,731 - app.services.notification_service - INFO - 🔔 [System Notification] Sales Alert: Sales for Greek Yogurt 500g dropped by >60%! (Severity: high)
2026-03-10 19:32:36,732 - app.services.notification_service - INFO - 📱 [WhatsApp SIMULATION] From: whatsapp:+14155238886 -> To: +123456789
2026-03-10 19:32:36,732 - app.services.notification_service - INFO -    Message: 🚨 Sales Alert: Sales for Greek Yogurt 500g dropped by >60%!
2026-03-10 19:32:36,733 - app.services.notification_service - INFO - 🔔 [System Notification] Sales Alert: Sales for Salted Butter dropped by >60%! (Severity: high)
2026-03-10 19:32:36,733 - app.services.notification_service - INFO - 📱 [WhatsApp SIMULATION] From: whatsapp:+14155238886 -> To: +123456789
2026-03-10 19:32:36,733 - app.services.notification_service - INFO -    Message: 🚨 Sales Alert: Sales for Salted Butter dropped by >60%!
2026-03-10 19:32:36,734 - app.services.notification_service - INFO - 🔔 [System Notification] Sales Alert: Sales for Whole Wheat Bread dropped by >60%! (Severity: high)
2026-03-10 19:32:36,734 - app.services.notification_service - INFO - 📱 [WhatsApp SIMULATION] From: whatsapp:+14155238886 -> To: +123456789
2026-03-10 19:32:36,734 - app.services.notification_service - INFO -    Message: 🚨 Sales Alert: Sales for Whole Wheat Bread dropped by >60%!
2026-03-10 19:32:36,735 - app.services.notification_service - INFO - 🔔 [System Notification] Sales Alert: Sales for Croissant (Pack of 4) dropped by >60%! (Severity: high)
2026-03-10 19:32:36,735 - app.services.notification_service - INFO - 📱 [WhatsApp SIMULATION] From: whatsapp:+14155238886 -> To: +123456789
2026-03-10 19:32:36,735 - app.services.notification_service - INFO -    Message: 🚨 Sales Alert: Sales for Croissant (Pack of 4) dropped by >60%!
2026-03-10 19:32:36,736 - app.services.notification_service - INFO - 🔔 [System Notification] Sales Alert: Sales for Bagels (Pack of 6) dropped by >60%! (Severity: high)
2026-03-10 19:32:36,736 - app.services.notification_service - INFO - 📱 [WhatsApp SIMULATION] From: whatsapp:+14155238886 -> To: +123456789
2026-03-10 19:32:36,736 - app.services.notification_service - INFO -    Message: 🚨 Sales Alert: Sales for Bagels (Pack of 6) dropped by >60%!
2026-03-10 19:32:36,738 - app.services.notification_service - INFO - 🔔 [System Notification] Sales Alert: Sales for Chocolate Muffin dropped by >60%! (Severity: high)
2026-03-10 19:32:36,738 - app.services.notification_service - INFO - 📱 [WhatsApp SIMULATION] From: whatsapp:+14155238886 -> To: +123456789
2026-03-10 19:32:36,738 - app.services.notification_service - INFO -    Message: 🚨 Sales Alert: Sales for Chocolate Muffin dropped by >60%!
2026-03-10 19:32:36,739 - app.services.notification_service - INFO - 🔔 [System Notification] Sales Alert: Sales for Mineral Water 600ml dropped by >60%! (Severity: high)
2026-03-10 19:32:36,739 - app.services.notification_service - INFO - 📱 [WhatsApp SIMULATION] From: whatsapp:+14155238886 -> To: +123456789
2026-03-10 19:32:36,740 - app.services.notification_service - INFO -    Message: 🚨 Sales Alert: Sales for Mineral Water 600ml dropped by >60%!
2026-03-10 19:32:36,741 - app.services.notification_service - INFO - 🔔 [System Notification] Sales Alert: Sales for Orange Juice 1L dropped by >60%! (Severity: high)
2026-03-10 19:32:36,741 - app.services.notification_service - INFO - 📱 [WhatsApp SIMULATION] From: whatsapp:+14155238886 -> To: +123456789
2026-03-10 19:32:36,741 - app.services.notification_service - INFO -    Message: 🚨 Sales Alert: Sales for Orange Juice 1L dropped by >60%!
2026-03-10 19:32:36,742 - app.services.notification_service - INFO - 🔔 [System Notification] Sales Alert: Sales for Cola Can 330ml dropped by >60%! (Severity: high)
2026-03-10 19:32:36,743 - app.services.notification_service - INFO - 📱 [WhatsApp SIMULATION] From: whatsapp:+14155238886 -> To: +123456789
2026-03-10 19:32:36,743 - app.services.notification_service - INFO -    Message: 🚨 Sales Alert: Sales for Cola Can 330ml dropped by >60%!
2026-03-10 19:32:36,744 - app.services.notification_service - INFO - 🔔 [System Notification] Sales Alert: Sales for Craft Beer IPA dropped by >60%! (Severity: high)
2026-03-10 19:32:36,744 - app.services.notification_service - INFO - 📱 [WhatsApp SIMULATION] From: whatsapp:+14155238886 -> To: +123456789
2026-03-10 19:32:36,744 - app.services.notification_service - INFO -    Message: 🚨 Sales Alert: Sales for Craft Beer IPA dropped by >60%!
2026-03-10 19:32:36,745 - app.services.notification_service - INFO - 🔔 [System Notification] Sales Alert: Sales for Red Wine (Cab Sauv) dropped by >60%! (Severity: high)
2026-03-10 19:32:36,745 - app.services.notification_service - INFO - 📱 [WhatsApp SIMULATION] From: whatsapp:+14155238886 -> To: +123456789
2026-03-10 19:32:36,745 - app.services.notification_service - INFO -    Message: 🚨 Sales Alert: Sales for Red Wine (Cab Sauv) dropped by >60%!
2026-03-10 19:32:36,746 - app.services.notification_service - INFO - 🔔 [System Notification] Sales Alert: Sales for Energy Drink dropped by >60%! (Severity: high)
2026-03-10 19:32:36,746 - app.services.notification_service - INFO - 📱 [WhatsApp SIMULATION] From: whatsapp:+14155238886 -> To: +123456789
2026-03-10 19:32:36,746 - app.services.notification_service - INFO -    Message: 🚨 Sales Alert: Sales for Energy Drink dropped by >60%!
2026-03-10 19:32:36,747 - app.services.notification_service - INFO - 🔔 [System Notification] Sales Alert: Sales for Banana (Bunch) dropped by >60%! (Severity: high)
2026-03-10 19:32:36,747 - app.services.notification_service - INFO - 📱 [WhatsApp SIMULATION] From: whatsapp:+14155238886 -> To: +123456789
2026-03-10 19:32:36,747 - app.services.notification_service - INFO -    Message: 🚨 Sales Alert: Sales for Banana (Bunch) dropped by >60%!
2026-03-10 19:32:36,748 - app.services.notification_service - INFO - 🔔 [System Notification] Sales Alert: Sales for Gala Apples (1kg) dropped by >60%! (Severity: high)
2026-03-10 19:32:36,748 - app.services.notification_service - INFO - 📱 [WhatsApp SIMULATION] From: whatsapp:+14155238886 -> To: +123456789
2026-03-10 19:32:36,748 - app.services.notification_service - INFO -    Message: 🚨 Sales Alert: Sales for Gala Apples (1kg) dropped by >60%!
2026-03-10 19:32:36,749 - app.services.notification_service - INFO - 🔔 [System Notification] Sales Alert: Sales for Avocado dropped by >60%! (Severity: high)
2026-03-10 19:32:36,749 - app.services.notification_service - INFO - 📱 [WhatsApp SIMULATION] From: whatsapp:+14155238886 -> To: +123456789
2026-03-10 19:32:36,750 - app.services.notification_service - INFO -    Message: 🚨 Sales Alert: Sales for Avocado dropped by >60%!
2026-03-10 19:32:36,751 - app.services.notification_service - INFO - 🔔 [System Notification] Sales Alert: Sales for Baby Spinach Mix dropped by >60%! (Severity: high)
2026-03-10 19:32:36,752 - app.services.notification_service - INFO - 📱 [WhatsApp SIMULATION] From: whatsapp:+14155238886 -> To: +123456789
2026-03-10 19:32:36,752 - app.services.notification_service - INFO -    Message: 🚨 Sales Alert: Sales for Baby Spinach Mix dropped by >60%!
2026-03-10 19:32:36,753 - app.services.notification_service - INFO - 🔔 [System Notification] Sales Alert: Sales for Tomatoes (500g) dropped by >60%! (Severity: high)
2026-03-10 19:32:36,753 - app.services.notification_service - INFO - 📱 [WhatsApp SIMULATION] From: whatsapp:+14155238886 -> To: +123456789
2026-03-10 19:32:36,753 - app.services.notification_service - INFO -    Message: 🚨 Sales Alert: Sales for Tomatoes (500g) dropped by >60%!
2026-03-10 19:32:36,754 - app.services.notification_service - INFO - 🔔 [System Notification] Sales Alert: Sales for Carrots (1kg) dropped by >60%! (Severity: high)
2026-03-10 19:32:36,754 - app.services.notification_service - INFO - 📱 [WhatsApp SIMULATION] From: whatsapp:+14155238886 -> To: +123456789
2026-03-10 19:32:36,754 - app.services.notification_service - INFO -    Message: 🚨 Sales Alert: Sales for Carrots (1kg) dropped by >60%!
2026-03-10 19:32:36,755 - app.services.notification_service - INFO - 🔔 [System Notification] Sales Alert: Sales for Pasta Spaghetti 500g dropped by >60%! (Severity: high)
2026-03-10 19:32:36,756 - app.services.notification_service - INFO - 📱 [WhatsApp SIMULATION] From: whatsapp:+14155238886 -> To: +123456789
2026-03-10 19:32:36,756 - app.services.notification_service - INFO -    Message: 🚨 Sales Alert: Sales for Pasta Spaghetti 500g dropped by >60%!
2026-03-10 19:32:36,757 - app.services.notification_service - INFO - 🔔 [System Notification] Sales Alert: Sales for Pasta Sauce (Tomato) dropped by >60%! (Severity: high)
2026-03-10 19:32:36,757 - app.services.notification_service - INFO - 📱 [WhatsApp SIMULATION] From: whatsapp:+14155238886 -> To: +123456789
2026-03-10 19:32:36,757 - app.services.notification_service - INFO -    Message: 🚨 Sales Alert: Sales for Pasta Sauce (Tomato) dropped by >60%!
2026-03-10 19:32:36,757 - app.services.notification_service - INFO - 🔔 [System Notification] Sales Alert: Sales for Olive Oil 500ml dropped by >60%! (Severity: high)
2026-03-10 19:32:36,758 - app.services.notification_service - INFO - 📱 [WhatsApp SIMULATION] From: whatsapp:+14155238886 -> To: +123456789
2026-03-10 19:32:36,758 - app.services.notification_service - INFO -    Message: 🚨 Sales Alert: Sales for Olive Oil 500ml dropped by >60%!
2026-03-10 19:32:36,758 - app.services.notification_service - INFO - 🔔 [System Notification] Sales Alert: Sales for Jasmine Rice 5kg dropped by >60%! (Severity: high)
2026-03-10 19:32:36,758 - app.services.notification_service - INFO - 📱 [WhatsApp SIMULATION] From: whatsapp:+14155238886 -> To: +123456789
2026-03-10 19:32:36,758 - app.services.notification_service - INFO -    Message: 🚨 Sales Alert: Sales for Jasmine Rice 5kg dropped by >60%!
2026-03-10 19:32:36,759 - app.services.notification_service - INFO - 🔔 [System Notification] Sales Alert: Sales for Breakfast Cereal dropped by >60%! (Severity: high)
2026-03-10 19:32:36,759 - app.services.notification_service - INFO - 📱 [WhatsApp SIMULATION] From: whatsapp:+14155238886 -> To: +123456789
2026-03-10 19:32:36,759 - app.services.notification_service - INFO -    Message: 🚨 Sales Alert: Sales for Breakfast Cereal dropped by >60%!
2026-03-10 19:32:36,760 - app.services.notification_service - INFO - 🔔 [System Notification] Sales Alert: Sales for Instant Noodles (5pk) dropped by >60%! (Severity: high)
2026-03-10 19:32:36,761 - app.services.notification_service - INFO - 📱 [WhatsApp SIMULATION] From: whatsapp:+14155238886 -> To: +123456789
2026-03-10 19:32:36,761 - app.services.notification_service - INFO -    Message: 🚨 Sales Alert: Sales for Instant Noodles (5pk) dropped by >60%!
2026-03-10 19:32:36,762 - app.services.notification_service - INFO - 🔔 [System Notification] Sales Alert: Sales for Tomato Ketchup dropped by >60%! (Severity: high)
2026-03-10 19:32:36,764 - app.services.notification_service - INFO - 📱 [WhatsApp SIMULATION] From: whatsapp:+14155238886 -> To: +123456789
2026-03-10 19:32:36,765 - app.services.notification_service - INFO -    Message: 🚨 Sales Alert: Sales for Tomato Ketchup dropped by >60%!
2026-03-10 19:32:36,767 - app.services.notification_service - INFO - 🔔 [System Notification] Sales Alert: Sales for Toilet Paper (12pk) dropped by >60%! (Severity: high)
2026-03-10 19:32:36,767 - app.services.notification_service - INFO - 📱 [WhatsApp SIMULATION] From: whatsapp:+14155238886 -> To: +123456789
2026-03-10 19:32:36,768 - app.services.notification_service - INFO -    Message: 🚨 Sales Alert: Sales for Toilet Paper (12pk) dropped by >60%!
2026-03-10 19:32:36,768 - app.services.notification_service - INFO - 🔔 [System Notification] Sales Alert: Sales for Laundry Detergent 2L dropped by >60%! (Severity: high)
2026-03-10 19:32:36,769 - app.services.notification_service - INFO - 📱 [WhatsApp SIMULATION] From: whatsapp:+14155238886 -> To: +123456789
2026-03-10 19:32:36,769 - app.services.notification_service - INFO -    Message: 🚨 Sales Alert: Sales for Laundry Detergent 2L dropped by >60%!
2026-03-10 19:32:36,770 - app.services.notification_service - INFO - 🔔 [System Notification] Sales Alert: Sales for Dish Soap 500ml dropped by >60%! (Severity: high)
2026-03-10 19:32:36,770 - app.services.notification_service - INFO - 📱 [WhatsApp SIMULATION] From: whatsapp:+14155238886 -> To: +123456789
2026-03-10 19:32:36,770 - app.services.notification_service - INFO -    Message: 🚨 Sales Alert: Sales for Dish Soap 500ml dropped by >60%!
2026-03-10 19:32:36,771 - app.services.notification_service - INFO - 🔔 [System Notification] Sales Alert: Sales for AA Batteries (4pk) dropped by >60%! (Severity: high)
2026-03-10 19:32:36,772 - app.services.notification_service - INFO - 📱 [WhatsApp SIMULATION] From: whatsapp:+14155238886 -> To: +123456789
2026-03-10 19:32:36,772 - app.services.notification_service - INFO -    Message: 🚨 Sales Alert: Sales for AA Batteries (4pk) dropped by >60%!
2026-03-10 19:32:36,773 - app.services.notification_service - INFO - 🔔 [System Notification] Sales Alert: Sales for Toothpaste Mint dropped by >60%! (Severity: high)
2026-03-10 19:32:36,773 - app.services.notification_service - INFO - 📱 [WhatsApp SIMULATION] From: whatsapp:+14155238886 -> To: +123456789
2026-03-10 19:32:36,773 - app.services.notification_service - INFO -    Message: 🚨 Sales Alert: Sales for Toothpaste Mint dropped by >60%!
2026-03-10 19:32:36,775 - app.services.notification_service - INFO - 🔔 [System Notification] Sales Alert: Sales for Shampoo 400ml dropped by >60%! (Severity: high)
2026-03-10 19:32:36,775 - app.services.notification_service - INFO - 📱 [WhatsApp SIMULATION] From: whatsapp:+14155238886 -> To: +123456789
2026-03-10 19:32:36,775 - app.services.notification_service - INFO -    Message: 🚨 Sales Alert: Sales for Shampoo 400ml dropped by >60%!
2026-03-10 19:32:36,777 - app.services.notification_service - INFO - 🔔 [System Notification] Sales Alert: Sales for Body Wash dropped by >60%! (Severity: high)
2026-03-10 19:32:36,778 - app.services.notification_service - INFO - 📱 [WhatsApp SIMULATION] From: whatsapp:+14155238886 -> To: +123456789
2026-03-10 19:32:36,778 - app.services.notification_service - INFO -    Message: 🚨 Sales Alert: Sales for Body Wash dropped by >60%!
2026-03-10 19:32:36,779 - app.services.notification_service - INFO - 🔔 [System Notification] Sales Alert: Sales for Hand Sanitizer dropped by >60%! (Severity: high)
2026-03-10 19:32:36,779 - app.services.notification_service - INFO - 📱 [WhatsApp SIMULATION] From: whatsapp:+14155238886 -> To: +123456789
2026-03-10 19:32:36,779 - app.services.notification_service - INFO -    Message: 🚨 Sales Alert: Sales for Hand Sanitizer dropped by >60%!
2026-03-10 19:32:36,780 - app.services.notification_service - INFO - 🔔 [System Notification] Sales Alert: Sales for Potato Chips (Salt) dropped by >60%! (Severity: high)
2026-03-10 19:32:36,780 - app.services.notification_service - INFO - 📱 [WhatsApp SIMULATION] From: whatsapp:+14155238886 -> To: +123456789
2026-03-10 19:32:36,781 - app.services.notification_service - INFO -    Message: 🚨 Sales Alert: Sales for Potato Chips (Salt) dropped by >60%!
2026-03-10 19:32:36,782 - app.services.notification_service - INFO - 🔔 [System Notification] Sales Alert: Sales for Chocolate Bar dropped by >60%! (Severity: high)
2026-03-10 19:32:36,782 - app.services.notification_service - INFO - 📱 [WhatsApp SIMULATION] From: whatsapp:+14155238886 -> To: +123456789
2026-03-10 19:32:36,783 - app.services.notification_service - INFO -    Message: 🚨 Sales Alert: Sales for Chocolate Bar dropped by >60%!
2026-03-10 19:32:36,784 - app.services.notification_service - INFO - 🔔 [System Notification] Sales Alert: Sales for Cookies (Choc Chip) dropped by >60%! (Severity: high)
2026-03-10 19:32:36,784 - app.services.notification_service - INFO - 📱 [WhatsApp SIMULATION] From: whatsapp:+14155238886 -> To: +123456789
2026-03-10 19:32:36,785 - app.services.notification_service - INFO -    Message: 🚨 Sales Alert: Sales for Cookies (Choc Chip) dropped by >60%!
2026-03-10 19:32:36,786 - app.services.notification_service - INFO - 🔔 [System Notification] Sales Alert: Sales for Roasted Nuts dropped by >60%! (Severity: high)
2026-03-10 19:32:36,786 - app.services.notification_service - INFO - 📱 [WhatsApp SIMULATION] From: whatsapp:+14155238886 -> To: +123456789
2026-03-10 19:32:36,786 - app.services.notification_service - INFO -    Message: 🚨 Sales Alert: Sales for Roasted Nuts dropped by >60%!
2026-03-10 19:38:04,357 - app.services.notification_service - INFO - 🔔 [System Notification] Sales Alert: Sales for Banana dropped by >60%! (Severity: high)
2026-03-10 19:38:04,357 - app.services.notification_service - INFO - 📱 [WhatsApp SIMULATION] From: whatsapp:+14155238886 -> To: +123456789
2026-03-10 19:38:04,357 - app.services.notification_service - INFO -    Message: 🚨 Sales Alert: Sales for Banana dropped by >60%!
2026-03-10 19:38:04,358 - app.services.notification_service - INFO - 🔔 [System Notification] Sales Alert: Sales for Blueberries dropped by >60%! (Severity: high)
2026-03-10 19:38:04,358 - app.services.notification_service - INFO - 📱 [WhatsApp SIMULATION] From: whatsapp:+14155238886 -> To: +123456789
2026-03-10 19:38:04,358 - app.services.notification_service - INFO -    Message: 🚨 Sales Alert: Sales for Blueberries dropped by >60%!
2026-03-10 19:38:04,358 - app.services.notification_service - INFO - 🔔 [System Notification] Sales Alert: Sales for Toothbrush dropped by >60%! (Severity: high)
2026-03-10 19:38:04,359 - app.services.notification_service - INFO - 📱 [WhatsApp SIMULATION] From: whatsapp:+14155238886 -> To: +123456789
2026-03-10 19:38:04,359 - app.services.notification_service - INFO -    Message: 🚨 Sales Alert: Sales for Toothbrush dropped by >60%!
2026-03-10 19:38:04,359 - app.services.notification_service - INFO - 🔔 [System Notification] Sales Alert: Sales for Toothpaste dropped by >60%! (Severity: high)
2026-03-10 19:38:04,359 - app.services.notification_service - INFO - 📱 [WhatsApp SIMULATION] From: whatsapp:+14155238886 -> To: +123456789
2026-03-10 19:38:04,359 - app.services.notification_service - INFO -    Message: 🚨 Sales Alert: Sales for Toothpaste dropped by >60%!
2026-03-10 19:38:04,360 - app.services.notification_service - INFO - 🔔 [System Notification] Sales Alert: Sales for Mineral Water dropped by >60%! (Severity: high)
2026-03-10 19:38:04,360 - app.services.notification_service - INFO - 📱 [WhatsApp SIMULATION] From: whatsapp:+14155238886 -> To: +123456789
2026-03-10 19:38:04,360 - app.services.notification_service - INFO -    Message: 🚨 Sales Alert: Sales for Mineral Water dropped by >60%!
2026-03-10 19:38:04,360 - app.services.notification_service - INFO - 🔔 [System Notification] Sales Alert: Sales for Burger dropped by >60%! (Severity: high)
2026-03-10 19:38:04,361 - app.services.notification_service - INFO - 📱 [WhatsApp SIMULATION] From: whatsapp:+14155238886 -> To: +123456789
2026-03-10 19:38:04,361 - app.services.notification_service - INFO -    Message: 🚨 Sales Alert: Sales for Burger dropped by >60%!
2026-03-10 19:38:04,361 - app.services.notification_service - INFO - 🔔 [System Notification] Sales Alert: Sales for Fries dropped by >60%! (Severity: high)
2026-03-10 19:38:04,361 - app.services.notification_service - INFO - 📱 [WhatsApp SIMULATION] From: whatsapp:+14155238886 -> To: +123456789
2026-03-10 19:38:04,361 - app.services.notification_service - INFO -    Message: 🚨 Sales Alert: Sales for Fries dropped by >60%!
2026-03-10 19:38:04,362 - app.services.notification_service - INFO - 🔔 [System Notification] Sales Alert: Sales for Fresh Milk 1L dropped by >60%! (Severity: high)
2026-03-10 19:38:04,362 - app.services.notification_service - INFO - 📱 [WhatsApp SIMULATION] From: whatsapp:+14155238886 -> To: +123456789
2026-03-10 19:38:04,362 - app.services.notification_service - INFO -    Message: 🚨 Sales Alert: Sales for Fresh Milk 1L dropped by >60%!
2026-03-10 19:38:04,362 - app.services.notification_service - INFO - 🔔 [System Notification] Sales Alert: Sales for Cheddar CheeseBlock dropped by >60%! (Severity: high)
2026-03-10 19:38:04,363 - app.services.notification_service - INFO - 📱 [WhatsApp SIMULATION] From: whatsapp:+14155238886 -> To: +123456789
2026-03-10 19:38:04,363 - app.services.notification_service - INFO -    Message: 🚨 Sales Alert: Sales for Cheddar CheeseBlock dropped by >60%!
2026-03-10 19:38:04,365 - app.services.notification_service - INFO - 🔔 [System Notification] Sales Alert: Sales for Greek Yogurt 500g dropped by >60%! (Severity: high)
2026-03-10 19:38:04,365 - app.services.notification_service - INFO - 📱 [WhatsApp SIMULATION] From: whatsapp:+14155238886 -> To: +123456789
2026-03-10 19:38:04,365 - app.services.notification_service - INFO -    Message: 🚨 Sales Alert: Sales for Greek Yogurt 500g dropped by >60%!
2026-03-10 19:38:04,366 - app.services.notification_service - INFO - 🔔 [System Notification] Sales Alert: Sales for Salted Butter dropped by >60%! (Severity: high)
2026-03-10 19:38:04,366 - app.services.notification_service - INFO - 📱 [WhatsApp SIMULATION] From: whatsapp:+14155238886 -> To: +123456789
2026-03-10 19:38:04,366 - app.services.notification_service - INFO -    Message: 🚨 Sales Alert: Sales for Salted Butter dropped by >60%!
2026-03-10 19:38:04,366 - app.services.notification_service - INFO - 🔔 [System Notification] Sales Alert: Sales for Whole Wheat Bread dropped by >60%! (Severity: high)
2026-03-10 19:38:04,367 - app.services.notification_service - INFO - 📱 [WhatsApp SIMULATION] From: whatsapp:+14155238886 -> To: +123456789
2026-03-10 19:38:04,367 - app.services.notification_service - INFO -    Message: 🚨 Sales Alert: Sales for Whole Wheat Bread dropped by >60%!
2026-03-10 19:38:04,367 - app.services.notification_service - INFO - 🔔 [System Notification] Sales Alert: Sales for Croissant (Pack of 4) dropped by >60%! (Severity: high)
2026-03-10 19:38:04,367 - app.services.notification_service - INFO - 📱 [WhatsApp SIMULATION] From: whatsapp:+14155238886 -> To: +123456789
2026-03-10 19:38:04,368 - app.services.notification_service - INFO -    Message: 🚨 Sales Alert: Sales for Croissant (Pack of 4) dropped by >60%!
2026-03-10 19:38:04,368 - app.services.notification_service - INFO - 🔔 [System Notification] Sales Alert: Sales for Bagels (Pack of 6) dropped by >60%! (Severity: high)
2026-03-10 19:38:04,368 - app.services.notification_service - INFO - 📱 [WhatsApp SIMULATION] From: whatsapp:+14155238886 -> To: +123456789
2026-03-10 19:38:04,368 - app.services.notification_service - INFO -    Message: 🚨 Sales Alert: Sales for Bagels (Pack of 6) dropped by >60%!
2026-03-10 19:38:04,369 - app.services.notification_service - INFO - 🔔 [System Notification] Sales Alert: Sales for Chocolate Muffin dropped by >60%! (Severity: high)
2026-03-10 19:38:04,369 - app.services.notification_service - INFO - 📱 [WhatsApp SIMULATION] From: whatsapp:+14155238886 -> To: +123456789
2026-03-10 19:38:04,369 - app.services.notification_service - INFO -    Message: 🚨 Sales Alert: Sales for Chocolate Muffin dropped by >60%!
2026-03-10 19:38:04,369 - app.services.notification_service - INFO - 🔔 [System Notification] Sales Alert: Sales for Mineral Water 600ml dropped by >60%! (Severity: high)
2026-03-10 19:38:04,369 - app.services.notification_service - INFO - 📱 [WhatsApp SIMULATION] From: whatsapp:+14155238886 -> To: +123456789
2026-03-10 19:38:04,370 - app.services.notification_service - INFO -    Message: 🚨 Sales Alert: Sales for Mineral Water 600ml dropped by >60%!
2026-03-10 19:38:04,370 - app.services.notification_service - INFO - 🔔 [System Notification] Sales Alert: Sales for Orange Juice 1L dropped by >60%! (Severity: high)
2026-03-10 19:38:04,371 - app.services.notification_service - INFO - 📱 [WhatsApp SIMULATION] From: whatsapp:+14155238886 -> To: +123456789
2026-03-10 19:38:04,371 - app.services.notification_service - INFO -    Message: 🚨 Sales Alert: Sales for Orange Juice 1L dropped by >60%!
2026-03-10 19:38:04,372 - app.services.notification_service - INFO - 🔔 [System Notification] Sales Alert: Sales for Cola Can 330ml dropped by >60%! (Severity: high)
2026-03-10 19:38:04,372 - app.services.notification_service - INFO - 📱 [WhatsApp SIMULATION] From: whatsapp:+14155238886 -> To: +123456789
2026-03-10 19:38:04,372 - app.services.notification_service - INFO -    Message: 🚨 Sales Alert: Sales for Cola Can 330ml dropped by >60%!
2026-03-10 19:38:04,373 - app.services.notification_service - INFO - 🔔 [System Notification] Sales Alert: Sales for Craft Beer IPA dropped by >60%! (Severity: high)
2026-03-10 19:38:04,373 - app.services.notification_service - INFO - 📱 [WhatsApp SIMULATION] From: whatsapp:+14155238886 -> To: +123456789
2026-03-10 19:38:04,373 - app.services.notification_service - INFO -    Message: 🚨 Sales Alert: Sales for Craft Beer IPA dropped by >60%!
2026-03-10 19:38:04,373 - app.services.notification_service - INFO - 🔔 [System Notification] Sales Alert: Sales for Red Wine (Cab Sauv) dropped by >60%! (Severity: high)
2026-03-10 19:38:04,373 - app.services.notification_service - INFO - 📱 [WhatsApp SIMULATION] From: whatsapp:+14155238886 -> To: +123456789
2026-03-10 19:38:04,374 - app.services.notification_service - INFO -    Message: 🚨 Sales Alert: Sales for Red Wine (Cab Sauv) dropped by >60%!
2026-03-10 19:38:04,374 - app.services.notification_service - INFO - 🔔 [System Notification] Sales Alert: Sales for Energy Drink dropped by >60%! (Severity: high)
2026-03-10 19:38:04,374 - app.services.notification_service - INFO - 📱 [WhatsApp SIMULATION] From: whatsapp:+14155238886 -> To: +123456789
2026-03-10 19:38:04,374 - app.services.notification_service - INFO -    Message: 🚨 Sales Alert: Sales for Energy Drink dropped by >60%!
2026-03-10 19:38:04,375 - app.services.notification_service - INFO - 🔔 [System Notification] Sales Alert: Sales for Banana (Bunch) dropped by >60%! (Severity: high)
2026-03-10 19:38:04,375 - app.services.notification_service - INFO - 📱 [WhatsApp SIMULATION] From: whatsapp:+14155238886 -> To: +123456789
2026-03-10 19:38:04,375 - app.services.notification_service - INFO -    Message: 🚨 Sales Alert: Sales for Banana (Bunch) dropped by >60%!
2026-03-10 19:38:04,375 - app.services.notification_service - INFO - 🔔 [System Notification] Sales Alert: Sales for Gala Apples (1kg) dropped by >60%! (Severity: high)
2026-03-10 19:38:04,375 - app.services.notification_service - INFO - 📱 [WhatsApp SIMULATION] From: whatsapp:+14155238886 -> To: +123456789
2026-03-10 19:38:04,376 - app.services.notification_service - INFO -    Message: 🚨 Sales Alert: Sales for Gala Apples (1kg) dropped by >60%!
2026-03-10 19:38:04,376 - app.services.notification_service - INFO - 🔔 [System Notification] Sales Alert: Sales for Avocado dropped by >60%! (Severity: high)
2026-03-10 19:38:04,376 - app.services.notification_service - INFO - 📱 [WhatsApp SIMULATION] From: whatsapp:+14155238886 -> To: +123456789
2026-03-10 19:38:04,376 - app.services.notification_service - INFO -    Message: 🚨 Sales Alert: Sales for Avocado dropped by >60%!
2026-03-10 19:38:04,377 - app.services.notification_service - INFO - 🔔 [System Notification] Sales Alert: Sales for Baby Spinach Mix dropped by >60%! (Severity: high)
2026-03-10 19:38:04,377 - app.services.notification_service - INFO - 📱 [WhatsApp SIMULATION] From: whatsapp:+14155238886 -> To: +123456789
2026-03-10 19:38:04,377 - app.services.notification_service - INFO -    Message: 🚨 Sales Alert: Sales for Baby Spinach Mix dropped by >60%!
2026-03-10 19:38:04,379 - app.services.notification_service - INFO - 🔔 [System Notification] Sales Alert: Sales for Tomatoes (500g) dropped by >60%! (Severity: high)
2026-03-10 19:38:04,379 - app.services.notification_service - INFO - 📱 [WhatsApp SIMULATION] From: whatsapp:+14155238886 -> To: +123456789
2026-03-10 19:38:04,379 - app.services.notification_service - INFO -    Message: 🚨 Sales Alert: Sales for Tomatoes (500g) dropped by >60%!
2026-03-10 19:38:04,380 - app.services.notification_service - INFO - 🔔 [System Notification] Sales Alert: Sales for Carrots (1kg) dropped by >60%! (Severity: high)
2026-03-10 19:38:04,380 - app.services.notification_service - INFO - 📱 [WhatsApp SIMULATION] From: whatsapp:+14155238886 -> To: +123456789
2026-03-10 19:38:04,380 - app.services.notification_service - INFO -    Message: 🚨 Sales Alert: Sales for Carrots (1kg) dropped by >60%!
2026-03-10 19:38:04,380 - app.services.notification_service - INFO - 🔔 [System Notification] Sales Alert: Sales for Pasta Spaghetti 500g dropped by >60%! (Severity: high)
2026-03-10 19:38:04,380 - app.services.notification_service - INFO - 📱 [WhatsApp SIMULATION] From: whatsapp:+14155238886 -> To: +123456789
2026-03-10 19:38:04,380 - app.services.notification_service - INFO -    Message: 🚨 Sales Alert: Sales for Pasta Spaghetti 500g dropped by >60%!
2026-03-10 19:38:04,381 - app.services.notification_service - INFO - 🔔 [System Notification] Sales Alert: Sales for Pasta Sauce (Tomato) dropped by >60%! (Severity: high)
2026-03-10 19:38:04,381 - app.services.notification_service - INFO - 📱 [WhatsApp SIMULATION] From: whatsapp:+14155238886 -> To: +123456789
2026-03-10 19:38:04,381 - app.services.notification_service - INFO -    Message: 🚨 Sales Alert: Sales for Pasta Sauce (Tomato) dropped by >60%!
2026-03-10 19:38:04,381 - app.services.notification_service - INFO - 🔔 [System Notification] Sales Alert: Sales for Olive Oil 500ml dropped by >60%! (Severity: high)
2026-03-10 19:38:04,382 - app.services.notification_service - INFO - 📱 [WhatsApp SIMULATION] From: whatsapp:+14155238886 -> To: +123456789
2026-03-10 19:38:04,382 - app.services.notification_service - INFO -    Message: 🚨 Sales Alert: Sales for Olive Oil 500ml dropped by >60%!
2026-03-10 19:38:04,382 - app.services.notification_service - INFO - 🔔 [System Notification] Sales Alert: Sales for Jasmine Rice 5kg dropped by >60%! (Severity: high)
2026-03-10 19:38:04,382 - app.services.notification_service - INFO - 📱 [WhatsApp SIMULATION] From: whatsapp:+14155238886 -> To: +123456789
2026-03-10 19:38:04,382 - app.services.notification_service - INFO -    Message: 🚨 Sales Alert: Sales for Jasmine Rice 5kg dropped by >60%!
2026-03-10 19:38:04,383 - app.services.notification_service - INFO - 🔔 [System Notification] Sales Alert: Sales for Breakfast Cereal dropped by >60%! (Severity: high)
2026-03-10 19:38:04,383 - app.services.notification_service - INFO - 📱 [WhatsApp SIMULATION] From: whatsapp:+14155238886 -> To: +123456789
2026-03-10 19:38:04,383 - app.services.notification_service - INFO -    Message: 🚨 Sales Alert: Sales for Breakfast Cereal dropped by >60%!
2026-03-10 19:38:04,383 - app.services.notification_service - INFO - 🔔 [System Notification] Sales Alert: Sales for Instant Noodles (5pk) dropped by >60%! (Severity: high)
2026-03-10 19:38:04,383 - app.services.notification_service - INFO - 📱 [WhatsApp SIMULATION] From: whatsapp:+14155238886 -> To: +123456789
2026-03-10 19:38:04,383 - app.services.notification_service - INFO -    Message: 🚨 Sales Alert: Sales for Instant Noodles (5pk) dropped by >60%!
2026-03-10 19:38:04,385 - app.services.notification_service - INFO - 🔔 [System Notification] Sales Alert: Sales for Tomato Ketchup dropped by >60%! (Severity: high)
2026-03-10 19:38:04,385 - app.services.notification_service - INFO - 📱 [WhatsApp SIMULATION] From: whatsapp:+14155238886 -> To: +123456789
2026-03-10 19:38:04,385 - app.services.notification_service - INFO -    Message: 🚨 Sales Alert: Sales for Tomato Ketchup dropped by >60%!
2026-03-10 19:38:04,386 - app.services.notification_service - INFO - 🔔 [System Notification] Sales Alert: Sales for Toilet Paper (12pk) dropped by >60%! (Severity: high)
2026-03-10 19:38:04,386 - app.services.notification_service - INFO - 📱 [WhatsApp SIMULATION] From: whatsapp:+14155238886 -> To: +123456789
2026-03-10 19:38:04,386 - app.services.notification_service - INFO -    Message: 🚨 Sales Alert: Sales for Toilet Paper (12pk) dropped by >60%!
2026-03-10 19:38:04,386 - app.services.notification_service - INFO - 🔔 [System Notification] Sales Alert: Sales for Laundry Detergent 2L dropped by >60%! (Severity: high)
2026-03-10 19:38:04,387 - app.services.notification_service - INFO - 📱 [WhatsApp SIMULATION] From: whatsapp:+14155238886 -> To: +123456789
2026-03-10 19:38:04,387 - app.services.notification_service - INFO -    Message: 🚨 Sales Alert: Sales for Laundry Detergent 2L dropped by >60%!
2026-03-10 19:38:04,387 - app.services.notification_service - INFO - 🔔 [System Notification] Sales Alert: Sales for Dish Soap 500ml dropped by >60%! (Severity: high)
2026-03-10 19:38:04,387 - app.services.notification_service - INFO - 📱 [WhatsApp SIMULATION] From: whatsapp:+14155238886 -> To: +123456789
2026-03-10 19:38:04,387 - app.services.notification_service - INFO -    Message: 🚨 Sales Alert: Sales for Dish Soap 500ml dropped by >60%!
2026-03-10 19:38:04,388 - app.services.notification_service - INFO - 🔔 [System Notification] Sales Alert: Sales for AA Batteries (4pk) dropped by >60%! (Severity: high)
2026-03-10 19:38:04,388 - app.services.notification_service - INFO - 📱 [WhatsApp SIMULATION] From: whatsapp:+14155238886 -> To: +123456789
2026-03-10 19:38:04,388 - app.services.notification_service - INFO -    Message: 🚨 Sales Alert: Sales for AA Batteries (4pk) dropped by >60%!
2026-03-10 19:38:04,388 - app.services.notification_service - INFO - 🔔 [System Notification] Sales Alert: Sales for Toothpaste Mint dropped by >60%! (Severity: high)
2026-03-10 19:38:04,388 - app.services.notification_service - INFO - 📱 [WhatsApp SIMULATION] From: whatsapp:+14155238886 -> To: +123456789
2026-03-10 19:38:04,388 - app.services.notification_service - INFO -    Message: 🚨 Sales Alert: Sales for Toothpaste Mint dropped by >60%!
2026-03-10 19:38:04,389 - app.services.notification_service - INFO - 🔔 [System Notification] Sales Alert: Sales for Shampoo 400ml dropped by >60%! (Severity: high)
2026-03-10 19:38:04,389 - app.services.notification_service - INFO - 📱 [WhatsApp SIMULATION] From: whatsapp:+14155238886 -> To: +123456789
2026-03-10 19:38:04,389 - app.services.notification_service - INFO -    Message: 🚨 Sales Alert: Sales for Shampoo 400ml dropped by >60%!
2026-03-10 19:38:04,389 - app.services.notification_service - INFO - 🔔 [System Notification] Sales Alert: Sales for Body Wash dropped by >60%! (Severity: high)
2026-03-10 19:38:04,389 - app.services.notification_service - INFO - 📱 [WhatsApp SIMULATION] From: whatsapp:+14155238886 -> To: +123456789
2026-03-10 19:38:04,389 - app.services.notification_service - INFO -    Message: 🚨 Sales Alert: Sales for Body Wash dropped by >60%!
2026-03-10 19:38:04,390 - app.services.notification_service - INFO - 🔔 [System Notification] Sales Alert: Sales for Hand Sanitizer dropped by >60%! (Severity: high)
2026-03-10 19:38:04,390 - app.services.notification_service - INFO - 📱 [WhatsApp SIMULATION] From: whatsapp:+14155238886 -> To: +123456789
2026-03-10 19:38:04,390 - app.services.notification_service - INFO -    Message: 🚨 Sales Alert: Sales for Hand Sanitizer dropped by >60%!
2026-03-10 19:38:04,391 - app.services.notification_service - INFO - 🔔 [System Notification] Sales Alert: Sales for Potato Chips (Salt) dropped by >60%! (Severity: high)
2026-03-10 19:38:04,391 - app.services.notification_service - INFO - 📱 [WhatsApp SIMULATION] From: whatsapp:+14155238886 -> To: +123456789
2026-03-10 19:38:04,391 - app.services.notification_service - INFO -    Message: 🚨 Sales Alert: Sales for Potato Chips (Salt) dropped by >60%!
2026-03-10 19:38:04,391 - app.services.notification_service - INFO - 🔔 [System Notification] Sales Alert: Sales for Chocolate Bar dropped by >60%! (Severity: high)
2026-03-10 19:38:04,391 - app.services.notification_service - INFO - 📱 [WhatsApp SIMULATION] From: whatsapp:+14155238886 -> To: +123456789
2026-03-10 19:38:04,392 - app.services.notification_service - INFO -    Message: 🚨 Sales Alert: Sales for Chocolate Bar dropped by >60%!
2026-03-10 19:38:04,392 - app.services.notification_service - INFO - 🔔 [System Notification] Sales Alert: Sales for Cookies (Choc Chip) dropped by >60%! (Severity: high)
2026-03-10 19:38:04,393 - app.services.notification_service - INFO - 📱 [WhatsApp SIMULATION] From: whatsapp:+14155238886 -> To: +123456789
2026-03-10 19:38:04,393 - app.services.notification_service - INFO -    Message: 🚨 Sales Alert: Sales for Cookies (Choc Chip) dropped by >60%!
2026-03-10 19:38:04,393 - app.services.notification_service - INFO - 🔔 [System Notification] Sales Alert: Sales for Roasted Nuts dropped by >60%! (Severity: high)
2026-03-10 19:38:04,393 - app.services.notification_service - INFO - 📱 [WhatsApp SIMULATION] From: whatsapp:+14155238886 -> To: +123456789
2026-03-10 19:38:04,393 - app.services.notification_service - INFO -    Message: 🚨 Sales Alert: Sales for Roasted Nuts dropped by >60%!
2026-03-10 19:38:21,963 - app.services.notification_service - INFO - 🔔 [System Notification] Sales Alert: Sales for Banana dropped by >60%! (Severity: high)
2026-03-10 19:38:21,964 - app.services.notification_service - INFO - 📱 [WhatsApp SIMULATION] From: whatsapp:+14155238886 -> To: +123456789
2026-03-10 19:38:21,964 - app.services.notification_service - INFO -    Message: 🚨 Sales Alert: Sales for Banana dropped by >60%!
2026-03-10 19:38:21,964 - app.services.notification_service - INFO - 🔔 [System Notification] Sales Alert: Sales for Blueberries dropped by >60%! (Severity: high)
2026-03-10 19:38:21,964 - app.services.notification_service - INFO - 📱 [WhatsApp SIMULATION] From: whatsapp:+14155238886 -> To: +123456789
2026-03-10 19:38:21,964 - app.services.notification_service - INFO -    Message: 🚨 Sales Alert: Sales for Blueberries dropped by >60%!
2026-03-10 19:38:21,965 - app.services.notification_service - INFO - 🔔 [System Notification] Sales Alert: Sales for Toothbrush dropped by >60%! (Severity: high)
2026-03-10 19:38:21,965 - app.services.notification_service - INFO - 📱 [WhatsApp SIMULATION] From: whatsapp:+14155238886 -> To: +123456789
2026-03-10 19:38:21,965 - app.services.notification_service - INFO -    Message: 🚨 Sales Alert: Sales for Toothbrush dropped by >60%!
2026-03-10 19:38:21,966 - app.services.notification_service - INFO - 🔔 [System Notification] Sales Alert: Sales for Toothpaste dropped by >60%! (Severity: high)
2026-03-10 19:38:21,966 - app.services.notification_service - INFO - 📱 [WhatsApp SIMULATION] From: whatsapp:+14155238886 -> To: +123456789
2026-03-10 19:38:21,966 - app.services.notification_service - INFO -    Message: 🚨 Sales Alert: Sales for Toothpaste dropped by >60%!
2026-03-10 19:38:21,966 - app.services.notification_service - INFO - 🔔 [System Notification] Sales Alert: Sales for Mineral Water dropped by >60%! (Severity: high)
2026-03-10 19:38:21,966 - app.services.notification_service - INFO - 📱 [WhatsApp SIMULATION] From: whatsapp:+14155238886 -> To: +123456789
2026-03-10 19:38:21,966 - app.services.notification_service - INFO -    Message: 🚨 Sales Alert: Sales for Mineral Water dropped by >60%!
2026-03-10 19:38:21,967 - app.services.notification_service - INFO - 🔔 [System Notification] Sales Alert: Sales for Burger dropped by >60%! (Severity: high)
2026-03-10 19:38:21,967 - app.services.notification_service - INFO - 📱 [WhatsApp SIMULATION] From: whatsapp:+14155238886 -> To: +123456789
2026-03-10 19:38:21,967 - app.services.notification_service - INFO -    Message: 🚨 Sales Alert: Sales for Burger dropped by >60%!
2026-03-10 19:38:21,968 - app.services.notification_service - INFO - 🔔 [System Notification] Sales Alert: Sales for Fries dropped by >60%! (Severity: high)
2026-03-10 19:38:21,968 - app.services.notification_service - INFO - 📱 [WhatsApp SIMULATION] From: whatsapp:+14155238886 -> To: +123456789
2026-03-10 19:38:21,968 - app.services.notification_service - INFO -    Message: 🚨 Sales Alert: Sales for Fries dropped by >60%!
2026-03-10 19:38:21,969 - app.services.notification_service - INFO - 🔔 [System Notification] Sales Alert: Sales for Fresh Milk 1L dropped by >60%! (Severity: high)
2026-03-10 19:38:21,969 - app.services.notification_service - INFO - 📱 [WhatsApp SIMULATION] From: whatsapp:+14155238886 -> To: +123456789
2026-03-10 19:38:21,969 - app.services.notification_service - INFO -    Message: 🚨 Sales Alert: Sales for Fresh Milk 1L dropped by >60%!
2026-03-10 19:38:21,970 - app.services.notification_service - INFO - 🔔 [System Notification] Sales Alert: Sales for Cheddar CheeseBlock dropped by >60%! (Severity: high)
2026-03-10 19:38:21,970 - app.services.notification_service - INFO - 📱 [WhatsApp SIMULATION] From: whatsapp:+14155238886 -> To: +123456789
2026-03-10 19:38:21,970 - app.services.notification_service - INFO -    Message: 🚨 Sales Alert: Sales for Cheddar CheeseBlock dropped by >60%!
2026-03-10 19:38:21,971 - app.services.notification_service - INFO - 🔔 [System Notification] Sales Alert: Sales for Greek Yogurt 500g dropped by >60%! (Severity: high)
2026-03-10 19:38:21,972 - app.services.notification_service - INFO - 📱 [WhatsApp SIMULATION] From: whatsapp:+14155238886 -> To: +123456789
2026-03-10 19:38:21,972 - app.services.notification_service - INFO -    Message: 🚨 Sales Alert: Sales for Greek Yogurt 500g dropped by >60%!
2026-03-10 19:38:21,972 - app.services.notification_service - INFO - 🔔 [System Notification] Sales Alert: Sales for Salted Butter dropped by >60%! (Severity: high)
2026-03-10 19:38:21,972 - app.services.notification_service - INFO - 📱 [WhatsApp SIMULATION] From: whatsapp:+14155238886 -> To: +123456789
2026-03-10 19:38:21,972 - app.services.notification_service - INFO -    Message: 🚨 Sales Alert: Sales for Salted Butter dropped by >60%!
2026-03-10 19:38:21,973 - app.services.notification_service - INFO - 🔔 [System Notification] Sales Alert: Sales for Whole Wheat Bread dropped by >60%! (Severity: high)
2026-03-10 19:38:21,973 - app.services.notification_service - INFO - 📱 [WhatsApp SIMULATION] From: whatsapp:+14155238886 -> To: +123456789
2026-03-10 19:38:21,973 - app.services.notification_service - INFO -    Message: 🚨 Sales Alert: Sales for Whole Wheat Bread dropped by >60%!
2026-03-10 19:38:21,974 - app.services.notification_service - INFO - 🔔 [System Notification] Sales Alert: Sales for Croissant (Pack of 4) dropped by >60%! (Severity: high)
2026-03-10 19:38:21,974 - app.services.notification_service - INFO - 📱 [WhatsApp SIMULATION] From: whatsapp:+14155238886 -> To: +123456789
2026-03-10 19:38:21,974 - app.services.notification_service - INFO -    Message: 🚨 Sales Alert: Sales for Croissant (Pack of 4) dropped by >60%!
2026-03-10 19:38:21,975 - app.services.notification_service - INFO - 🔔 [System Notification] Sales Alert: Sales for Bagels (Pack of 6) dropped by >60%! (Severity: high)
2026-03-10 19:38:21,975 - app.services.notification_service - INFO - 📱 [WhatsApp SIMULATION] From: whatsapp:+14155238886 -> To: +123456789
2026-03-10 19:38:21,975 - app.services.notification_service - INFO -    Message: 🚨 Sales Alert: Sales for Bagels (Pack of 6) dropped by >60%!
2026-03-10 19:38:21,976 - app.services.notification_service - INFO - 🔔 [System Notification] Sales Alert: Sales for Chocolate Muffin dropped by >60%! (Severity: high)
2026-03-10 19:38:21,976 - app.services.notification_service - INFO - 📱 [WhatsApp SIMULATION] From: whatsapp:+14155238886 -> To: +123456789
2026-03-10 19:38:21,976 - app.services.notification_service - INFO -    Message: 🚨 Sales Alert: Sales for Chocolate Muffin dropped by >60%!
2026-03-10 19:38:21,977 - app.services.notification_service - INFO - 🔔 [System Notification] Sales Alert: Sales for Mineral Water 600ml dropped by >60%! (Severity: high)
2026-03-10 19:38:21,977 - app.services.notification_service - INFO - 📱 [WhatsApp SIMULATION] From: whatsapp:+14155238886 -> To: +123456789
2026-03-10 19:38:21,977 - app.services.notification_service - INFO -    Message: 🚨 Sales Alert: Sales for Mineral Water 600ml dropped by >60%!
2026-03-10 19:38:21,978 - app.services.notification_service - INFO - 🔔 [System Notification] Sales Alert: Sales for Orange Juice 1L dropped by >60%! (Severity: high)
2026-03-10 19:38:21,978 - app.services.notification_service - INFO - 📱 [WhatsApp SIMULATION] From: whatsapp:+14155238886 -> To: +123456789
2026-03-10 19:38:21,978 - app.services.notification_service - INFO -    Message: 🚨 Sales Alert: Sales for Orange Juice 1L dropped by >60%!
2026-03-10 19:38:21,978 - app.services.notification_service - INFO - 🔔 [System Notification] Sales Alert: Sales for Cola Can 330ml dropped by >60%! (Severity: high)
2026-03-10 19:38:21,978 - app.services.notification_service - INFO - 📱 [WhatsApp SIMULATION] From: whatsapp:+14155238886 -> To: +123456789
2026-03-10 19:38:21,978 - app.services.notification_service - INFO -    Message: 🚨 Sales Alert: Sales for Cola Can 330ml dropped by >60%!
2026-03-10 19:38:21,979 - app.services.notification_service - INFO - 🔔 [System Notification] Sales Alert: Sales for Craft Beer IPA dropped by >60%! (Severity: high)
2026-03-10 19:38:21,979 - app.services.notification_service - INFO - 📱 [WhatsApp SIMULATION] From: whatsapp:+14155238886 -> To: +123456789
2026-03-10 19:38:21,979 - app.services.notification_service - INFO -    Message: 🚨 Sales Alert: Sales for Craft Beer IPA dropped by >60%!
2026-03-10 19:38:21,979 - app.services.notification_service - INFO - 🔔 [System Notification] Sales Alert: Sales for Red Wine (Cab Sauv) dropped by >60%! (Severity: high)
2026-03-10 19:38:21,979 - app.services.notification_service - INFO - 📱 [WhatsApp SIMULATION] From: whatsapp:+14155238886 -> To: +123456789
2026-03-10 19:38:21,979 - app.services.notification_service - INFO -    Message: 🚨 Sales Alert: Sales for Red Wine (Cab Sauv) dropped by >60%!
2026-03-10 19:38:21,980 - app.services.notification_service - INFO - 🔔 [System Notification] Sales Alert: Sales for Energy Drink dropped by >60%! (Severity: high)
2026-03-10 19:38:21,980 - app.services.notification_service - INFO - 📱 [WhatsApp SIMULATION] From: whatsapp:+14155238886 -> To: +123456789
2026-03-10 19:38:21,980 - app.services.notification_service - INFO -    Message: 🚨 Sales Alert: Sales for Energy Drink dropped by >60%!
2026-03-10 19:38:21,980 - app.services.notification_service - INFO - 🔔 [System Notification] Sales Alert: Sales for Banana (Bunch) dropped by >60%! (Severity: high)
2026-03-10 19:38:21,980 - app.services.notification_service - INFO - 📱 [WhatsApp SIMULATION] From: whatsapp:+14155238886 -> To: +123456789
2026-03-10 19:38:21,980 - app.services.notification_service - INFO -    Message: 🚨 Sales Alert: Sales for Banana (Bunch) dropped by >60%!
2026-03-10 19:38:21,981 - app.services.notification_service - INFO - 🔔 [System Notification] Sales Alert: Sales for Gala Apples (1kg) dropped by >60%! (Severity: high)
2026-03-10 19:38:21,981 - app.services.notification_service - INFO - 📱 [WhatsApp SIMULATION] From: whatsapp:+14155238886 -> To: +123456789
2026-03-10 19:38:21,981 - app.services.notification_service - INFO -    Message: 🚨 Sales Alert: Sales for Gala Apples (1kg) dropped by >60%!
2026-03-10 19:38:21,982 - app.services.notification_service - INFO - 🔔 [System Notification] Sales Alert: Sales for Avocado dropped by >60%! (Severity: high)
2026-03-10 19:38:21,982 - app.services.notification_service - INFO - 📱 [WhatsApp SIMULATION] From: whatsapp:+14155238886 -> To: +123456789
2026-03-10 19:38:21,982 - app.services.notification_service - INFO -    Message: 🚨 Sales Alert: Sales for Avocado dropped by >60%!
2026-03-10 19:38:21,983 - app.services.notification_service - INFO - 🔔 [System Notification] Sales Alert: Sales for Baby Spinach Mix dropped by >60%! (Severity: high)
2026-03-10 19:38:21,983 - app.services.notification_service - INFO - 📱 [WhatsApp SIMULATION] From: whatsapp:+14155238886 -> To: +123456789
2026-03-10 19:38:21,983 - app.services.notification_service - INFO -    Message: 🚨 Sales Alert: Sales for Baby Spinach Mix dropped by >60%!
2026-03-10 19:38:21,983 - app.services.notification_service - INFO - 🔔 [System Notification] Sales Alert: Sales for Tomatoes (500g) dropped by >60%! (Severity: high)
2026-03-10 19:38:21,983 - app.services.notification_service - INFO - 📱 [WhatsApp SIMULATION] From: whatsapp:+14155238886 -> To: +123456789
2026-03-10 19:38:21,984 - app.services.notification_service - INFO -    Message: 🚨 Sales Alert: Sales for Tomatoes (500g) dropped by >60%!
2026-03-10 19:38:21,984 - app.services.notification_service - INFO - 🔔 [System Notification] Sales Alert: Sales for Carrots (1kg) dropped by >60%! (Severity: high)
2026-03-10 19:38:21,984 - app.services.notification_service - INFO - 📱 [WhatsApp SIMULATION] From: whatsapp:+14155238886 -> To: +123456789
2026-03-10 19:38:21,984 - app.services.notification_service - INFO -    Message: 🚨 Sales Alert: Sales for Carrots (1kg) dropped by >60%!
2026-03-10 19:38:21,985 - app.services.notification_service - INFO - 🔔 [System Notification] Sales Alert: Sales for Pasta Spaghetti 500g dropped by >60%! (Severity: high)
2026-03-10 19:38:21,985 - app.services.notification_service - INFO - 📱 [WhatsApp SIMULATION] From: whatsapp:+14155238886 -> To: +123456789
2026-03-10 19:38:21,985 - app.services.notification_service - INFO -    Message: 🚨 Sales Alert: Sales for Pasta Spaghetti 500g dropped by >60%!
2026-03-10 19:38:21,985 - app.services.notification_service - INFO - 🔔 [System Notification] Sales Alert: Sales for Pasta Sauce (Tomato) dropped by >60%! (Severity: high)
2026-03-10 19:38:21,985 - app.services.notification_service - INFO - 📱 [WhatsApp SIMULATION] From: whatsapp:+14155238886 -> To: +123456789
2026-03-10 19:38:21,985 - app.services.notification_service - INFO -    Message: 🚨 Sales Alert: Sales for Pasta Sauce (Tomato) dropped by >60%!
2026-03-10 19:38:21,986 - app.services.notification_service - INFO - 🔔 [System Notification] Sales Alert: Sales for Olive Oil 500ml dropped by >60%! (Severity: high)
2026-03-10 19:38:21,986 - app.services.notification_service - INFO - 📱 [WhatsApp SIMULATION] From: whatsapp:+14155238886 -> To: +123456789
2026-03-10 19:38:21,986 - app.services.notification_service - INFO -    Message: 🚨 Sales Alert: Sales for Olive Oil 500ml dropped by >60%!
2026-03-10 19:38:21,986 - app.services.notification_service - INFO - 🔔 [System Notification] Sales Alert: Sales for Jasmine Rice 5kg dropped by >60%! (Severity: high)
2026-03-10 19:38:21,987 - app.services.notification_service - INFO - 📱 [WhatsApp SIMULATION] From: whatsapp:+14155238886 -> To: +123456789
2026-03-10 19:38:21,987 - app.services.notification_service - INFO -    Message: 🚨 Sales Alert: Sales for Jasmine Rice 5kg dropped by >60%!
2026-03-10 19:38:21,987 - app.services.notification_service - INFO - 🔔 [System Notification] Sales Alert: Sales for Breakfast Cereal dropped by >60%! (Severity: high)
2026-03-10 19:38:21,987 - app.services.notification_service - INFO - 📱 [WhatsApp SIMULATION] From: whatsapp:+14155238886 -> To: +123456789
2026-03-10 19:38:21,987 - app.services.notification_service - INFO -    Message: 🚨 Sales Alert: Sales for Breakfast Cereal dropped by >60%!
2026-03-10 19:38:21,988 - app.services.notification_service - INFO - 🔔 [System Notification] Sales Alert: Sales for Instant Noodles (5pk) dropped by >60%! (Severity: high)
2026-03-10 19:38:21,988 - app.services.notification_service - INFO - 📱 [WhatsApp SIMULATION] From: whatsapp:+14155238886 -> To: +123456789
2026-03-10 19:38:21,988 - app.services.notification_service - INFO -    Message: 🚨 Sales Alert: Sales for Instant Noodles (5pk) dropped by >60%!
2026-03-10 19:38:21,988 - app.services.notification_service - INFO - 🔔 [System Notification] Sales Alert: Sales for Tomato Ketchup dropped by >60%! (Severity: high)
2026-03-10 19:38:21,989 - app.services.notification_service - INFO - 📱 [WhatsApp SIMULATION] From: whatsapp:+14155238886 -> To: +123456789
2026-03-10 19:38:21,989 - app.services.notification_service - INFO -    Message: 🚨 Sales Alert: Sales for Tomato Ketchup dropped by >60%!
2026-03-10 19:38:21,990 - app.services.notification_service - INFO - 🔔 [System Notification] Sales Alert: Sales for Toilet Paper (12pk) dropped by >60%! (Severity: high)
2026-03-10 19:38:21,990 - app.services.notification_service - INFO - 📱 [WhatsApp SIMULATION] From: whatsapp:+14155238886 -> To: +123456789
2026-03-10 19:38:21,990 - app.services.notification_service - INFO -    Message: 🚨 Sales Alert: Sales for Toilet Paper (12pk) dropped by >60%!
2026-03-10 19:38:21,991 - app.services.notification_service - INFO - 🔔 [System Notification] Sales Alert: Sales for Laundry Detergent 2L dropped by >60%! (Severity: high)
2026-03-10 19:38:21,991 - app.services.notification_service - INFO - 📱 [WhatsApp SIMULATION] From: whatsapp:+14155238886 -> To: +123456789
2026-03-10 19:38:21,991 - app.services.notification_service - INFO -    Message: 🚨 Sales Alert: Sales for Laundry Detergent 2L dropped by >60%!
2026-03-10 19:38:21,991 - app.services.notification_service - INFO - 🔔 [System Notification] Sales Alert: Sales for Dish Soap 500ml dropped by >60%! (Severity: high)
2026-03-10 19:38:21,991 - app.services.notification_service - INFO - 📱 [WhatsApp SIMULATION] From: whatsapp:+14155238886 -> To: +123456789
2026-03-10 19:38:21,992 - app.services.notification_service - INFO -    Message: 🚨 Sales Alert: Sales for Dish Soap 500ml dropped by >60%!
2026-03-10 19:38:21,992 - app.services.notification_service - INFO - 🔔 [System Notification] Sales Alert: Sales for AA Batteries (4pk) dropped by >60%! (Severity: high)
2026-03-10 19:38:21,992 - app.services.notification_service - INFO - 📱 [WhatsApp SIMULATION] From: whatsapp:+14155238886 -> To: +123456789
2026-03-10 19:38:21,992 - app.services.notification_service - INFO -    Message: 🚨 Sales Alert: Sales for AA Batteries (4pk) dropped by >60%!
2026-03-10 19:38:21,993 - app.services.notification_service - INFO - 🔔 [System Notification] Sales Alert: Sales for Toothpaste Mint dropped by >60%! (Severity: high)
2026-03-10 19:38:21,993 - app.services.notification_service - INFO - 📱 [WhatsApp SIMULATION] From: whatsapp:+14155238886 -> To: +123456789
2026-03-10 19:38:21,993 - app.services.notification_service - INFO -    Message: 🚨 Sales Alert: Sales for Toothpaste Mint dropped by >60%!
2026-03-10 19:38:21,993 - app.services.notification_service - INFO - 🔔 [System Notification] Sales Alert: Sales for Shampoo 400ml dropped by >60%! (Severity: high)
2026-03-10 19:38:21,993 - app.services.notification_service - INFO - 📱 [WhatsApp SIMULATION] From: whatsapp:+14155238886 -> To: +123456789
2026-03-10 19:38:21,993 - app.services.notification_service - INFO -    Message: 🚨 Sales Alert: Sales for Shampoo 400ml dropped by >60%!
2026-03-10 19:38:21,994 - app.services.notification_service - INFO - 🔔 [System Notification] Sales Alert: Sales for Body Wash dropped by >60%! (Severity: high)
2026-03-10 19:38:21,994 - app.services.notification_service - INFO - 📱 [WhatsApp SIMULATION] From: whatsapp:+14155238886 -> To: +123456789
2026-03-10 19:38:21,994 - app.services.notification_service - INFO -    Message: 🚨 Sales Alert: Sales for Body Wash dropped by >60%!
2026-03-10 19:38:21,994 - app.services.notification_service - INFO - 🔔 [System Notification] Sales Alert: Sales for Hand Sanitizer dropped by >60%! (Severity: high)
2026-03-10 19:38:21,994 - app.services.notification_service - INFO - 📱 [WhatsApp SIMULATION] From: whatsapp:+14155238886 -> To: +123456789
2026-03-10 19:38:21,995 - app.services.notification_service - INFO -    Message: 🚨 Sales Alert: Sales for Hand Sanitizer dropped by >60%!
2026-03-10 19:38:21,995 - app.services.notification_service - INFO - 🔔 [System Notification] Sales Alert: Sales for Potato Chips (Salt) dropped by >60%! (Severity: high)
2026-03-10 19:38:21,995 - app.services.notification_service - INFO - 📱 [WhatsApp SIMULATION] From: whatsapp:+14155238886 -> To: +123456789
2026-03-10 19:38:21,995 - app.services.notification_service - INFO -    Message: 🚨 Sales Alert: Sales for Potato Chips (Salt) dropped by >60%!
2026-03-10 19:38:21,996 - app.services.notification_service - INFO - 🔔 [System Notification] Sales Alert: Sales for Chocolate Bar dropped by >60%! (Severity: high)
2026-03-10 19:38:21,996 - app.services.notification_service - INFO - 📱 [WhatsApp SIMULATION] From: whatsapp:+14155238886 -> To: +123456789
2026-03-10 19:38:21,996 - app.services.notification_service - INFO -    Message: 🚨 Sales Alert: Sales for Chocolate Bar dropped by >60%!
2026-03-10 19:38:21,997 - app.services.notification_service - INFO - 🔔 [System Notification] Sales Alert: Sales for Cookies (Choc Chip) dropped by >60%! (Severity: high)
2026-03-10 19:38:21,997 - app.services.notification_service - INFO - 📱 [WhatsApp SIMULATION] From: whatsapp:+14155238886 -> To: +123456789
2026-03-10 19:38:21,997 - app.services.notification_service - INFO -    Message: 🚨 Sales Alert: Sales for Cookies (Choc Chip) dropped by >60%!
2026-03-10 19:38:21,997 - app.services.notification_service - INFO - 🔔 [System Notification] Sales Alert: Sales for Roasted Nuts dropped by >60%! (Severity: high)
2026-03-10 19:38:21,998 - app.services.notification_service - INFO - 📱 [WhatsApp SIMULATION] From: whatsapp:+14155238886 -> To: +123456789
2026-03-10 19:38:21,998 - app.services.notification_service - INFO -    Message: 🚨 Sales Alert: Sales for Roasted Nuts dropped by >60%!
2026-03-10 19:38:24,399 - app.services.notification_service - INFO - 🔔 [System Notification] Sales Alert: Sales for Banana dropped by >60%! (Severity: high)
2026-03-10 19:38:24,399 - app.services.notification_service - INFO - 📱 [WhatsApp SIMULATION] From: whatsapp:+14155238886 -> To: +123456789
2026-03-10 19:38:24,399 - app.services.notification_service - INFO -    Message: 🚨 Sales Alert: Sales for Banana dropped by >60%!
2026-03-10 19:38:24,399 - app.services.notification_service - INFO - 🔔 [System Notification] Sales Alert: Sales for Blueberries dropped by >60%! (Severity: high)
2026-03-10 19:38:24,400 - app.services.notification_service - INFO - 📱 [WhatsApp SIMULATION] From: whatsapp:+14155238886 -> To: +123456789
2026-03-10 19:38:24,400 - app.services.notification_service - INFO -    Message: 🚨 Sales Alert: Sales for Blueberries dropped by >60%!
2026-03-10 19:38:24,400 - app.services.notification_service - INFO - 🔔 [System Notification] Sales Alert: Sales for Toothbrush dropped by >60%! (Severity: high)
2026-03-10 19:38:24,400 - app.services.notification_service - INFO - 📱 [WhatsApp SIMULATION] From: whatsapp:+14155238886 -> To: +123456789
2026-03-10 19:38:24,400 - app.services.notification_service - INFO -    Message: 🚨 Sales Alert: Sales for Toothbrush dropped by >60%!
2026-03-10 19:38:24,401 - app.services.notification_service - INFO - 🔔 [System Notification] Sales Alert: Sales for Toothpaste dropped by >60%! (Severity: high)
2026-03-10 19:38:24,401 - app.services.notification_service - INFO - 📱 [WhatsApp SIMULATION] From: whatsapp:+14155238886 -> To: +123456789
2026-03-10 19:38:24,401 - app.services.notification_service - INFO -    Message: 🚨 Sales Alert: Sales for Toothpaste dropped by >60%!
2026-03-10 19:38:24,401 - app.services.notification_service - INFO - 🔔 [System Notification] Sales Alert: Sales for Mineral Water dropped by >60%! (Severity: high)
2026-03-10 19:38:24,401 - app.services.notification_service - INFO - 📱 [WhatsApp SIMULATION] From: whatsapp:+14155238886 -> To: +123456789
2026-03-10 19:38:24,401 - app.services.notification_service - INFO -    Message: 🚨 Sales Alert: Sales for Mineral Water dropped by >60%!
2026-03-10 19:38:24,401 - app.services.notification_service - INFO - 🔔 [System Notification] Sales Alert: Sales for Burger dropped by >60%! (Severity: high)
2026-03-10 19:38:24,402 - app.services.notification_service - INFO - 📱 [WhatsApp SIMULATION] From: whatsapp:+14155238886 -> To: +123456789
2026-03-10 19:38:24,402 - app.services.notification_service - INFO -    Message: 🚨 Sales Alert: Sales for Burger dropped by >60%!
2026-03-10 19:38:24,402 - app.services.notification_service - INFO - 🔔 [System Notification] Sales Alert: Sales for Fries dropped by >60%! (Severity: high)
2026-03-10 19:38:24,402 - app.services.notification_service - INFO - 📱 [WhatsApp SIMULATION] From: whatsapp:+14155238886 -> To: +123456789
2026-03-10 19:38:24,402 - app.services.notification_service - INFO -    Message: 🚨 Sales Alert: Sales for Fries dropped by >60%!
2026-03-10 19:38:24,402 - app.services.notification_service - INFO - 🔔 [System Notification] Sales Alert: Sales for Fresh Milk 1L dropped by >60%! (Severity: high)
2026-03-10 19:38:24,403 - app.services.notification_service - INFO - 📱 [WhatsApp SIMULATION] From: whatsapp:+14155238886 -> To: +123456789
2026-03-10 19:38:24,403 - app.services.notification_service - INFO -    Message: 🚨 Sales Alert: Sales for Fresh Milk 1L dropped by >60%!
2026-03-10 19:38:24,403 - app.services.notification_service - INFO - 🔔 [System Notification] Sales Alert: Sales for Cheddar CheeseBlock dropped by >60%! (Severity: high)
2026-03-10 19:38:24,403 - app.services.notification_service - INFO - 📱 [WhatsApp SIMULATION] From: whatsapp:+14155238886 -> To: +123456789
2026-03-10 19:38:24,403 - app.services.notification_service - INFO -    Message: 🚨 Sales Alert: Sales for Cheddar CheeseBlock dropped by >60%!
2026-03-10 19:38:24,404 - app.services.notification_service - INFO - 🔔 [System Notification] Sales Alert: Sales for Greek Yogurt 500g dropped by >60%! (Severity: high)
2026-03-10 19:38:24,404 - app.services.notification_service - INFO - 📱 [WhatsApp SIMULATION] From: whatsapp:+14155238886 -> To: +123456789
2026-03-10 19:38:24,404 - app.services.notification_service - INFO -    Message: 🚨 Sales Alert: Sales for Greek Yogurt 500g dropped by >60%!
2026-03-10 19:38:24,404 - app.services.notification_service - INFO - 🔔 [System Notification] Sales Alert: Sales for Salted Butter dropped by >60%! (Severity: high)
2026-03-10 19:38:24,404 - app.services.notification_service - INFO - 📱 [WhatsApp SIMULATION] From: whatsapp:+14155238886 -> To: +123456789
2026-03-10 19:38:24,404 - app.services.notification_service - INFO -    Message: 🚨 Sales Alert: Sales for Salted Butter dropped by >60%!
2026-03-10 19:38:24,405 - app.services.notification_service - INFO - 🔔 [System Notification] Sales Alert: Sales for Whole Wheat Bread dropped by >60%! (Severity: high)
2026-03-10 19:38:24,405 - app.services.notification_service - INFO - 📱 [WhatsApp SIMULATION] From: whatsapp:+14155238886 -> To: +123456789
2026-03-10 19:38:24,405 - app.services.notification_service - INFO -    Message: 🚨 Sales Alert: Sales for Whole Wheat Bread dropped by >60%!
2026-03-10 19:38:24,406 - app.services.notification_service - INFO - 🔔 [System Notification] Sales Alert: Sales for Croissant (Pack of 4) dropped by >60%! (Severity: high)
2026-03-10 19:38:24,406 - app.services.notification_service - INFO - 📱 [WhatsApp SIMULATION] From: whatsapp:+14155238886 -> To: +123456789
2026-03-10 19:38:24,406 - app.services.notification_service - INFO -    Message: 🚨 Sales Alert: Sales for Croissant (Pack of 4) dropped by >60%!
2026-03-10 19:38:24,407 - app.services.notification_service - INFO - 🔔 [System Notification] Sales Alert: Sales for Bagels (Pack of 6) dropped by >60%! (Severity: high)
2026-03-10 19:38:24,407 - app.services.notification_service - INFO - 📱 [WhatsApp SIMULATION] From: whatsapp:+14155238886 -> To: +123456789
2026-03-10 19:38:24,407 - app.services.notification_service - INFO -    Message: 🚨 Sales Alert: Sales for Bagels (Pack of 6) dropped by >60%!
2026-03-10 19:38:24,407 - app.services.notification_service - INFO - 🔔 [System Notification] Sales Alert: Sales for Chocolate Muffin dropped by >60%! (Severity: high)
2026-03-10 19:38:24,408 - app.services.notification_service - INFO - 📱 [WhatsApp SIMULATION] From: whatsapp:+14155238886 -> To: +123456789
2026-03-10 19:38:24,408 - app.services.notification_service - INFO -    Message: 🚨 Sales Alert: Sales for Chocolate Muffin dropped by >60%!
2026-03-10 19:38:24,408 - app.services.notification_service - INFO - 🔔 [System Notification] Sales Alert: Sales for Mineral Water 600ml dropped by >60%! (Severity: high)
2026-03-10 19:38:24,408 - app.services.notification_service - INFO - 📱 [WhatsApp SIMULATION] From: whatsapp:+14155238886 -> To: +123456789
2026-03-10 19:38:24,408 - app.services.notification_service - INFO -    Message: 🚨 Sales Alert: Sales for Mineral Water 600ml dropped by >60%!
2026-03-10 19:38:24,409 - app.services.notification_service - INFO - 🔔 [System Notification] Sales Alert: Sales for Orange Juice 1L dropped by >60%! (Severity: high)
2026-03-10 19:38:24,409 - app.services.notification_service - INFO - 📱 [WhatsApp SIMULATION] From: whatsapp:+14155238886 -> To: +123456789
2026-03-10 19:38:24,409 - app.services.notification_service - INFO -    Message: 🚨 Sales Alert: Sales for Orange Juice 1L dropped by >60%!
2026-03-10 19:38:24,409 - app.services.notification_service - INFO - 🔔 [System Notification] Sales Alert: Sales for Cola Can 330ml dropped by >60%! (Severity: high)
2026-03-10 19:38:24,409 - app.services.notification_service - INFO - 📱 [WhatsApp SIMULATION] From: whatsapp:+14155238886 -> To: +123456789
2026-03-10 19:38:24,410 - app.services.notification_service - INFO -    Message: 🚨 Sales Alert: Sales for Cola Can 330ml dropped by >60%!
2026-03-10 19:38:24,410 - app.services.notification_service - INFO - 🔔 [System Notification] Sales Alert: Sales for Craft Beer IPA dropped by >60%! (Severity: high)
2026-03-10 19:38:24,410 - app.services.notification_service - INFO - 📱 [WhatsApp SIMULATION] From: whatsapp:+14155238886 -> To: +123456789
2026-03-10 19:38:24,410 - app.services.notification_service - INFO -    Message: 🚨 Sales Alert: Sales for Craft Beer IPA dropped by >60%!
2026-03-10 19:38:24,411 - app.services.notification_service - INFO - 🔔 [System Notification] Sales Alert: Sales for Red Wine (Cab Sauv) dropped by >60%! (Severity: high)
2026-03-10 19:38:24,411 - app.services.notification_service - INFO - 📱 [WhatsApp SIMULATION] From: whatsapp:+14155238886 -> To: +123456789
2026-03-10 19:38:24,411 - app.services.notification_service - INFO -    Message: 🚨 Sales Alert: Sales for Red Wine (Cab Sauv) dropped by >60%!
2026-03-10 19:38:24,411 - app.services.notification_service - INFO - 🔔 [System Notification] Sales Alert: Sales for Energy Drink dropped by >60%! (Severity: high)
2026-03-10 19:38:24,411 - app.services.notification_service - INFO - 📱 [WhatsApp SIMULATION] From: whatsapp:+14155238886 -> To: +123456789
2026-03-10 19:38:24,411 - app.services.notification_service - INFO -    Message: 🚨 Sales Alert: Sales for Energy Drink dropped by >60%!
2026-03-10 19:38:24,412 - app.services.notification_service - INFO - 🔔 [System Notification] Sales Alert: Sales for Banana (Bunch) dropped by >60%! (Severity: high)
2026-03-10 19:38:24,412 - app.services.notification_service - INFO - 📱 [WhatsApp SIMULATION] From: whatsapp:+14155238886 -> To: +123456789
2026-03-10 19:38:24,413 - app.services.notification_service - INFO -    Message: 🚨 Sales Alert: Sales for Banana (Bunch) dropped by >60%!
2026-03-10 19:38:24,414 - app.services.notification_service - INFO - 🔔 [System Notification] Sales Alert: Sales for Gala Apples (1kg) dropped by >60%! (Severity: high)
2026-03-10 19:38:24,414 - app.services.notification_service - INFO - 📱 [WhatsApp SIMULATION] From: whatsapp:+14155238886 -> To: +123456789
2026-03-10 19:38:24,414 - app.services.notification_service - INFO -    Message: 🚨 Sales Alert: Sales for Gala Apples (1kg) dropped by >60%!
2026-03-10 19:38:24,414 - app.services.notification_service - INFO - 🔔 [System Notification] Sales Alert: Sales for Avocado dropped by >60%! (Severity: high)
2026-03-10 19:38:24,414 - app.services.notification_service - INFO - 📱 [WhatsApp SIMULATION] From: whatsapp:+14155238886 -> To: +123456789
2026-03-10 19:38:24,414 - app.services.notification_service - INFO -    Message: 🚨 Sales Alert: Sales for Avocado dropped by >60%!
2026-03-10 19:38:24,415 - app.services.notification_service - INFO - 🔔 [System Notification] Sales Alert: Sales for Baby Spinach Mix dropped by >60%! (Severity: high)
2026-03-10 19:38:24,415 - app.services.notification_service - INFO - 📱 [WhatsApp SIMULATION] From: whatsapp:+14155238886 -> To: +123456789
2026-03-10 19:38:24,415 - app.services.notification_service - INFO -    Message: 🚨 Sales Alert: Sales for Baby Spinach Mix dropped by >60%!
2026-03-10 19:38:24,416 - app.services.notification_service - INFO - 🔔 [System Notification] Sales Alert: Sales for Tomatoes (500g) dropped by >60%! (Severity: high)
2026-03-10 19:38:24,416 - app.services.notification_service - INFO - 📱 [WhatsApp SIMULATION] From: whatsapp:+14155238886 -> To: +123456789
2026-03-10 19:38:24,416 - app.services.notification_service - INFO -    Message: 🚨 Sales Alert: Sales for Tomatoes (500g) dropped by >60%!
2026-03-10 19:38:24,416 - app.services.notification_service - INFO - 🔔 [System Notification] Sales Alert: Sales for Carrots (1kg) dropped by >60%! (Severity: high)
2026-03-10 19:38:24,416 - app.services.notification_service - INFO - 📱 [WhatsApp SIMULATION] From: whatsapp:+14155238886 -> To: +123456789
2026-03-10 19:38:24,416 - app.services.notification_service - INFO -    Message: 🚨 Sales Alert: Sales for Carrots (1kg) dropped by >60%!
2026-03-10 19:38:24,417 - app.services.notification_service - INFO - 🔔 [System Notification] Sales Alert: Sales for Pasta Spaghetti 500g dropped by >60%! (Severity: high)
2026-03-10 19:38:24,417 - app.services.notification_service - INFO - 📱 [WhatsApp SIMULATION] From: whatsapp:+14155238886 -> To: +123456789
2026-03-10 19:38:24,417 - app.services.notification_service - INFO -    Message: 🚨 Sales Alert: Sales for Pasta Spaghetti 500g dropped by >60%!
2026-03-10 19:38:24,417 - app.services.notification_service - INFO - 🔔 [System Notification] Sales Alert: Sales for Pasta Sauce (Tomato) dropped by >60%! (Severity: high)
2026-03-10 19:38:24,417 - app.services.notification_service - INFO - 📱 [WhatsApp SIMULATION] From: whatsapp:+14155238886 -> To: +123456789
2026-03-10 19:38:24,418 - app.services.notification_service - INFO -    Message: 🚨 Sales Alert: Sales for Pasta Sauce (Tomato) dropped by >60%!
2026-03-10 19:38:24,418 - app.services.notification_service - INFO - 🔔 [System Notification] Sales Alert: Sales for Olive Oil 500ml dropped by >60%! (Severity: high)
2026-03-10 19:38:24,418 - app.services.notification_service - INFO - 📱 [WhatsApp SIMULATION] From: whatsapp:+14155238886 -> To: +123456789
2026-03-10 19:38:24,418 - app.services.notification_service - INFO -    Message: 🚨 Sales Alert: Sales for Olive Oil 500ml dropped by >60%!
2026-03-10 19:38:24,418 - app.services.notification_service - INFO - 🔔 [System Notification] Sales Alert: Sales for Jasmine Rice 5kg dropped by >60%! (Severity: high)
2026-03-10 19:38:24,419 - app.services.notification_service - INFO - 📱 [WhatsApp SIMULATION] From: whatsapp:+14155238886 -> To: +123456789
2026-03-10 19:38:24,419 - app.services.notification_service - INFO -    Message: 🚨 Sales Alert: Sales for Jasmine Rice 5kg dropped by >60%!
2026-03-10 19:38:24,420 - app.services.notification_service - INFO - 🔔 [System Notification] Sales Alert: Sales for Breakfast Cereal dropped by >60%! (Severity: high)
2026-03-10 19:38:24,420 - app.services.notification_service - INFO - 📱 [WhatsApp SIMULATION] From: whatsapp:+14155238886 -> To: +123456789
2026-03-10 19:38:24,420 - app.services.notification_service - INFO -    Message: 🚨 Sales Alert: Sales for Breakfast Cereal dropped by >60%!
2026-03-10 19:38:24,421 - app.services.notification_service - INFO - 🔔 [System Notification] Sales Alert: Sales for Instant Noodles (5pk) dropped by >60%! (Severity: high)
2026-03-10 19:38:24,421 - app.services.notification_service - INFO - 📱 [WhatsApp SIMULATION] From: whatsapp:+14155238886 -> To: +123456789
2026-03-10 19:38:24,421 - app.services.notification_service - INFO -    Message: 🚨 Sales Alert: Sales for Instant Noodles (5pk) dropped by >60%!
2026-03-10 19:38:24,421 - app.services.notification_service - INFO - 🔔 [System Notification] Sales Alert: Sales for Tomato Ketchup dropped by >60%! (Severity: high)
2026-03-10 19:38:24,422 - app.services.notification_service - INFO - 📱 [WhatsApp SIMULATION] From: whatsapp:+14155238886 -> To: +123456789
2026-03-10 19:38:24,422 - app.services.notification_service - INFO -    Message: 🚨 Sales Alert: Sales for Tomato Ketchup dropped by >60%!
2026-03-10 19:38:24,422 - app.services.notification_service - INFO - 🔔 [System Notification] Sales Alert: Sales for Toilet Paper (12pk) dropped by >60%! (Severity: high)
2026-03-10 19:38:24,422 - app.services.notification_service - INFO - 📱 [WhatsApp SIMULATION] From: whatsapp:+14155238886 -> To: +123456789
2026-03-10 19:38:24,422 - app.services.notification_service - INFO -    Message: 🚨 Sales Alert: Sales for Toilet Paper (12pk) dropped by >60%!
2026-03-10 19:38:24,423 - app.services.notification_service - INFO - 🔔 [System Notification] Sales Alert: Sales for Laundry Detergent 2L dropped by >60%! (Severity: high)
2026-03-10 19:38:24,423 - app.services.notification_service - INFO - 📱 [WhatsApp SIMULATION] From: whatsapp:+14155238886 -> To: +123456789
2026-03-10 19:38:24,423 - app.services.notification_service - INFO -    Message: 🚨 Sales Alert: Sales for Laundry Detergent 2L dropped by >60%!
2026-03-10 19:38:24,423 - app.services.notification_service - INFO - 🔔 [System Notification] Sales Alert: Sales for Dish Soap 500ml dropped by >60%! (Severity: high)
2026-03-10 19:38:24,423 - app.services.notification_service - INFO - 📱 [WhatsApp SIMULATION] From: whatsapp:+14155238886 -> To: +123456789
2026-03-10 19:38:24,423 - app.services.notification_service - INFO -    Message: 🚨 Sales Alert: Sales for Dish Soap 500ml dropped by >60%!
2026-03-10 19:38:24,424 - app.services.notification_service - INFO - 🔔 [System Notification] Sales Alert: Sales for AA Batteries (4pk) dropped by >60%! (Severity: high)
2026-03-10 19:38:24,424 - app.services.notification_service - INFO - 📱 [WhatsApp SIMULATION] From: whatsapp:+14155238886 -> To: +123456789
2026-03-10 19:38:24,424 - app.services.notification_service - INFO -    Message: 🚨 Sales Alert: Sales for AA Batteries (4pk) dropped by >60%!
2026-03-10 19:38:24,424 - app.services.notification_service - INFO - 🔔 [System Notification] Sales Alert: Sales for Toothpaste Mint dropped by >60%! (Severity: high)
2026-03-10 19:38:24,425 - app.services.notification_service - INFO - 📱 [WhatsApp SIMULATION] From: whatsapp:+14155238886 -> To: +123456789
2026-03-10 19:38:24,425 - app.services.notification_service - INFO -    Message: 🚨 Sales Alert: Sales for Toothpaste Mint dropped by >60%!
2026-03-10 19:38:24,425 - app.services.notification_service - INFO - 🔔 [System Notification] Sales Alert: Sales for Shampoo 400ml dropped by >60%! (Severity: high)
2026-03-10 19:38:24,425 - app.services.notification_service - INFO - 📱 [WhatsApp SIMULATION] From: whatsapp:+14155238886 -> To: +123456789
2026-03-10 19:38:24,425 - app.services.notification_service - INFO -    Message: 🚨 Sales Alert: Sales for Shampoo 400ml dropped by >60%!
2026-03-10 19:38:24,426 - app.services.notification_service - INFO - 🔔 [System Notification] Sales Alert: Sales for Body Wash dropped by >60%! (Severity: high)
2026-03-10 19:38:24,426 - app.services.notification_service - INFO - 📱 [WhatsApp SIMULATION] From: whatsapp:+14155238886 -> To: +123456789
2026-03-10 19:38:24,426 - app.services.notification_service - INFO -    Message: 🚨 Sales Alert: Sales for Body Wash dropped by >60%!
2026-03-10 19:38:24,427 - app.services.notification_service - INFO - 🔔 [System Notification] Sales Alert: Sales for Hand Sanitizer dropped by >60%! (Severity: high)
2026-03-10 19:38:24,427 - app.services.notification_service - INFO - 📱 [WhatsApp SIMULATION] From: whatsapp:+14155238886 -> To: +123456789
2026-03-10 19:38:24,427 - app.services.notification_service - INFO -    Message: 🚨 Sales Alert: Sales for Hand Sanitizer dropped by >60%!
2026-03-10 19:38:24,428 - app.services.notification_service - INFO - 🔔 [System Notification] Sales Alert: Sales for Potato Chips (Salt) dropped by >60%! (Severity: high)
2026-03-10 19:38:24,428 - app.services.notification_service - INFO - 📱 [WhatsApp SIMULATION] From: whatsapp:+14155238886 -> To: +123456789
2026-03-10 19:38:24,428 - app.services.notification_service - INFO -    Message: 🚨 Sales Alert: Sales for Potato Chips (Salt) dropped by >60%!
2026-03-10 19:38:24,429 - app.services.notification_service - INFO - 🔔 [System Notification] Sales Alert: Sales for Chocolate Bar dropped by >60%! (Severity: high)
2026-03-10 19:38:24,429 - app.services.notification_service - INFO - 📱 [WhatsApp SIMULATION] From: whatsapp:+14155238886 -> To: +123456789
2026-03-10 19:38:24,429 - app.services.notification_service - INFO -    Message: 🚨 Sales Alert: Sales for Chocolate Bar dropped by >60%!
2026-03-10 19:38:24,429 - app.services.notification_service - INFO - 🔔 [System Notification] Sales Alert: Sales for Cookies (Choc Chip) dropped by >60%! (Severity: high)
2026-03-10 19:38:24,429 - app.services.notification_service - INFO - 📱 [WhatsApp SIMULATION] From: whatsapp:+14155238886 -> To: +123456789
2026-03-10 19:38:24,429 - app.services.notification_service - INFO -    Message: 🚨 Sales Alert: Sales for Cookies (Choc Chip) dropped by >60%!
2026-03-10 19:38:24,430 - app.services.notification_service - INFO - 🔔 [System Notification] Sales Alert: Sales for Roasted Nuts dropped by >60%! (Severity: high)
2026-03-10 19:38:24,430 - app.services.notification_service - INFO - 📱 [WhatsApp SIMULATION] From: whatsapp:+14155238886 -> To: +123456789
2026-03-10 19:38:24,430 - app.services.notification_service - INFO -    Message: 🚨 Sales Alert: Sales for Roasted Nuts dropped by >60%!
2026-03-10 19:39:12,120 - app.services.notification_service - INFO - 🔔 [System Notification] Sales Alert: Sales for Banana dropped by >60%! (Severity: high)
2026-03-10 19:39:12,121 - app.services.notification_service - INFO - 📱 [WhatsApp SIMULATION] From: whatsapp:+14155238886 -> To: +123456789
2026-03-10 19:39:12,121 - app.services.notification_service - INFO -    Message: 🚨 Sales Alert: Sales for Banana dropped by >60%!
2026-03-10 19:39:12,122 - app.services.notification_service - INFO - 🔔 [System Notification] Sales Alert: Sales for Blueberries dropped by >60%! (Severity: high)
2026-03-10 19:39:12,122 - app.services.notification_service - INFO - 📱 [WhatsApp SIMULATION] From: whatsapp:+14155238886 -> To: +123456789
2026-03-10 19:39:12,122 - app.services.notification_service - INFO -    Message: 🚨 Sales Alert: Sales for Blueberries dropped by >60%!
2026-03-10 19:39:12,123 - app.services.notification_service - INFO - 🔔 [System Notification] Sales Alert: Sales for Toothbrush dropped by >60%! (Severity: high)
2026-03-10 19:39:12,123 - app.services.notification_service - INFO - 📱 [WhatsApp SIMULATION] From: whatsapp:+14155238886 -> To: +123456789
2026-03-10 19:39:12,123 - app.services.notification_service - INFO -    Message: 🚨 Sales Alert: Sales for Toothbrush dropped by >60%!
2026-03-10 19:39:12,124 - app.services.notification_service - INFO - 🔔 [System Notification] Sales Alert: Sales for Toothpaste dropped by >60%! (Severity: high)
2026-03-10 19:39:12,124 - app.services.notification_service - INFO - 📱 [WhatsApp SIMULATION] From: whatsapp:+14155238886 -> To: +123456789
2026-03-10 19:39:12,124 - app.services.notification_service - INFO -    Message: 🚨 Sales Alert: Sales for Toothpaste dropped by >60%!
2026-03-10 19:39:12,126 - app.services.notification_service - INFO - 🔔 [System Notification] Sales Alert: Sales for Burger dropped by >60%! (Severity: high)
2026-03-10 19:39:12,126 - app.services.notification_service - INFO - 📱 [WhatsApp SIMULATION] From: whatsapp:+14155238886 -> To: +123456789
2026-03-10 19:39:12,126 - app.services.notification_service - INFO -    Message: 🚨 Sales Alert: Sales for Burger dropped by >60%!
2026-03-10 19:39:12,127 - app.services.notification_service - INFO - 🔔 [System Notification] Sales Alert: Sales for Fries dropped by >60%! (Severity: high)
2026-03-10 19:39:12,127 - app.services.notification_service - INFO - 📱 [WhatsApp SIMULATION] From: whatsapp:+14155238886 -> To: +123456789
2026-03-10 19:39:12,127 - app.services.notification_service - INFO -    Message: 🚨 Sales Alert: Sales for Fries dropped by >60%!
2026-03-10 19:39:12,128 - app.services.notification_service - INFO - 🔔 [System Notification] Sales Alert: Sales for Fresh Milk 1L dropped by >60%! (Severity: high)
2026-03-10 19:39:12,128 - app.services.notification_service - INFO - 📱 [WhatsApp SIMULATION] From: whatsapp:+14155238886 -> To: +123456789
2026-03-10 19:39:12,129 - app.services.notification_service - INFO -    Message: 🚨 Sales Alert: Sales for Fresh Milk 1L dropped by >60%!
2026-03-10 19:39:12,129 - app.services.notification_service - INFO - 🔔 [System Notification] Sales Alert: Sales for Cheddar CheeseBlock dropped by >60%! (Severity: high)
2026-03-10 19:39:12,129 - app.services.notification_service - INFO - 📱 [WhatsApp SIMULATION] From: whatsapp:+14155238886 -> To: +123456789
2026-03-10 19:39:12,129 - app.services.notification_service - INFO -    Message: 🚨 Sales Alert: Sales for Cheddar CheeseBlock dropped by >60%!
2026-03-10 19:39:12,130 - app.services.notification_service - INFO - 🔔 [System Notification] Sales Alert: Sales for Greek Yogurt 500g dropped by >60%! (Severity: high)
2026-03-10 19:39:12,130 - app.services.notification_service - INFO - 📱 [WhatsApp SIMULATION] From: whatsapp:+14155238886 -> To: +123456789
2026-03-10 19:39:12,130 - app.services.notification_service - INFO -    Message: 🚨 Sales Alert: Sales for Greek Yogurt 500g dropped by >60%!
2026-03-10 19:39:12,131 - app.services.notification_service - INFO - 🔔 [System Notification] Sales Alert: Sales for Salted Butter dropped by >60%! (Severity: high)
2026-03-10 19:39:12,131 - app.services.notification_service - INFO - 📱 [WhatsApp SIMULATION] From: whatsapp:+14155238886 -> To: +123456789
2026-03-10 19:39:12,131 - app.services.notification_service - INFO -    Message: 🚨 Sales Alert: Sales for Salted Butter dropped by >60%!
2026-03-10 19:39:12,132 - app.services.notification_service - INFO - 🔔 [System Notification] Sales Alert: Sales for Whole Wheat Bread dropped by >60%! (Severity: high)
2026-03-10 19:39:12,132 - app.services.notification_service - INFO - 📱 [WhatsApp SIMULATION] From: whatsapp:+14155238886 -> To: +123456789
2026-03-10 19:39:12,132 - app.services.notification_service - INFO -    Message: 🚨 Sales Alert: Sales for Whole Wheat Bread dropped by >60%!
2026-03-10 19:39:12,133 - app.services.notification_service - INFO - 🔔 [System Notification] Sales Alert: Sales for Croissant (Pack of 4) dropped by >60%! (Severity: high)
2026-03-10 19:39:12,133 - app.services.notification_service - INFO - 📱 [WhatsApp SIMULATION] From: whatsapp:+14155238886 -> To: +123456789
2026-03-10 19:39:12,133 - app.services.notification_service - INFO -    Message: 🚨 Sales Alert: Sales for Croissant (Pack of 4) dropped by >60%!
2026-03-10 19:39:12,134 - app.services.notification_service - INFO - 🔔 [System Notification] Sales Alert: Sales for Bagels (Pack of 6) dropped by >60%! (Severity: high)
2026-03-10 19:39:12,134 - app.services.notification_service - INFO - 📱 [WhatsApp SIMULATION] From: whatsapp:+14155238886 -> To: +123456789
2026-03-10 19:39:12,134 - app.services.notification_service - INFO -    Message: 🚨 Sales Alert: Sales for Bagels (Pack of 6) dropped by >60%!
2026-03-10 19:39:12,135 - app.services.notification_service - INFO - 🔔 [System Notification] Sales Alert: Sales for Chocolate Muffin dropped by >60%! (Severity: high)
2026-03-10 19:39:12,135 - app.services.notification_service - INFO - 📱 [WhatsApp SIMULATION] From: whatsapp:+14155238886 -> To: +123456789
2026-03-10 19:39:12,135 - app.services.notification_service - INFO -    Message: 🚨 Sales Alert: Sales for Chocolate Muffin dropped by >60%!
2026-03-10 19:39:12,136 - app.services.notification_service - INFO - 🔔 [System Notification] Sales Alert: Sales for Mineral Water 600ml dropped by >60%! (Severity: high)
2026-03-10 19:39:12,136 - app.services.notification_service - INFO - 📱 [WhatsApp SIMULATION] From: whatsapp:+14155238886 -> To: +123456789
2026-03-10 19:39:12,136 - app.services.notification_service - INFO -    Message: 🚨 Sales Alert: Sales for Mineral Water 600ml dropped by >60%!
2026-03-10 19:39:12,137 - app.services.notification_service - INFO - 🔔 [System Notification] Sales Alert: Sales for Orange Juice 1L dropped by >60%! (Severity: high)
2026-03-10 19:39:12,137 - app.services.notification_service - INFO - 📱 [WhatsApp SIMULATION] From: whatsapp:+14155238886 -> To: +123456789
2026-03-10 19:39:12,137 - app.services.notification_service - INFO -    Message: 🚨 Sales Alert: Sales for Orange Juice 1L dropped by >60%!
2026-03-10 19:39:12,137 - app.services.notification_service - INFO - 🔔 [System Notification] Sales Alert: Sales for Cola Can 330ml dropped by >60%! (Severity: high)
2026-03-10 19:39:12,138 - app.services.notification_service - INFO - 📱 [WhatsApp SIMULATION] From: whatsapp:+14155238886 -> To: +123456789
2026-03-10 19:39:12,138 - app.services.notification_service - INFO -    Message: 🚨 Sales Alert: Sales for Cola Can 330ml dropped by >60%!
2026-03-10 19:39:12,138 - app.services.notification_service - INFO - 🔔 [System Notification] Sales Alert: Sales for Craft Beer IPA dropped by >60%! (Severity: high)
2026-03-10 19:39:12,138 - app.services.notification_service - INFO - 📱 [WhatsApp SIMULATION] From: whatsapp:+14155238886 -> To: +123456789
2026-03-10 19:39:12,138 - app.services.notification_service - INFO -    Message: 🚨 Sales Alert: Sales for Craft Beer IPA dropped by >60%!
2026-03-10 19:39:12,139 - app.services.notification_service - INFO - 🔔 [System Notification] Sales Alert: Sales for Red Wine (Cab Sauv) dropped by >60%! (Severity: high)
2026-03-10 19:39:12,139 - app.services.notification_service - INFO - 📱 [WhatsApp SIMULATION] From: whatsapp:+14155238886 -> To: +123456789
2026-03-10 19:39:12,139 - app.services.notification_service - INFO -    Message: 🚨 Sales Alert: Sales for Red Wine (Cab Sauv) dropped by >60%!
2026-03-10 19:39:12,139 - app.services.notification_service - INFO - 🔔 [System Notification] Sales Alert: Sales for Energy Drink dropped by >60%! (Severity: high)
2026-03-10 19:39:12,139 - app.services.notification_service - INFO - 📱 [WhatsApp SIMULATION] From: whatsapp:+14155238886 -> To: +123456789
2026-03-10 19:39:12,139 - app.services.notification_service - INFO -    Message: 🚨 Sales Alert: Sales for Energy Drink dropped by >60%!
2026-03-10 19:39:12,140 - app.services.notification_service - INFO - 🔔 [System Notification] Sales Alert: Sales for Banana (Bunch) dropped by >60%! (Severity: high)
2026-03-10 19:39:12,140 - app.services.notification_service - INFO - 📱 [WhatsApp SIMULATION] From: whatsapp:+14155238886 -> To: +123456789
2026-03-10 19:39:12,140 - app.services.notification_service - INFO -    Message: 🚨 Sales Alert: Sales for Banana (Bunch) dropped by >60%!
2026-03-10 19:39:12,141 - app.services.notification_service - INFO - 🔔 [System Notification] Sales Alert: Sales for Gala Apples (1kg) dropped by >60%! (Severity: high)
2026-03-10 19:39:12,141 - app.services.notification_service - INFO - 📱 [WhatsApp SIMULATION] From: whatsapp:+14155238886 -> To: +123456789
2026-03-10 19:39:12,141 - app.services.notification_service - INFO -    Message: 🚨 Sales Alert: Sales for Gala Apples (1kg) dropped by >60%!
2026-03-10 19:39:12,143 - app.services.notification_service - INFO - 🔔 [System Notification] Sales Alert: Sales for Avocado dropped by >60%! (Severity: high)
2026-03-10 19:39:12,143 - app.services.notification_service - INFO - 📱 [WhatsApp SIMULATION] From: whatsapp:+14155238886 -> To: +123456789
2026-03-10 19:39:12,143 - app.services.notification_service - INFO -    Message: 🚨 Sales Alert: Sales for Avocado dropped by >60%!
2026-03-10 19:39:12,144 - app.services.notification_service - INFO - 🔔 [System Notification] Sales Alert: Sales for Baby Spinach Mix dropped by >60%! (Severity: high)
2026-03-10 19:39:12,144 - app.services.notification_service - INFO - 📱 [WhatsApp SIMULATION] From: whatsapp:+14155238886 -> To: +123456789
2026-03-10 19:39:12,144 - app.services.notification_service - INFO -    Message: 🚨 Sales Alert: Sales for Baby Spinach Mix dropped by >60%!
2026-03-10 19:39:12,145 - app.services.notification_service - INFO - 🔔 [System Notification] Sales Alert: Sales for Tomatoes (500g) dropped by >60%! (Severity: high)
2026-03-10 19:39:12,145 - app.services.notification_service - INFO - 📱 [WhatsApp SIMULATION] From: whatsapp:+14155238886 -> To: +123456789
2026-03-10 19:39:12,145 - app.services.notification_service - INFO -    Message: 🚨 Sales Alert: Sales for Tomatoes (500g) dropped by >60%!
2026-03-10 19:39:12,145 - app.services.notification_service - INFO - 🔔 [System Notification] Sales Alert: Sales for Carrots (1kg) dropped by >60%! (Severity: high)
2026-03-10 19:39:12,145 - app.services.notification_service - INFO - 📱 [WhatsApp SIMULATION] From: whatsapp:+14155238886 -> To: +123456789
2026-03-10 19:39:12,146 - app.services.notification_service - INFO -    Message: 🚨 Sales Alert: Sales for Carrots (1kg) dropped by >60%!
2026-03-10 19:39:12,146 - app.services.notification_service - INFO - 🔔 [System Notification] Sales Alert: Sales for Pasta Spaghetti 500g dropped by >60%! (Severity: high)
2026-03-10 19:39:12,146 - app.services.notification_service - INFO - 📱 [WhatsApp SIMULATION] From: whatsapp:+14155238886 -> To: +123456789
2026-03-10 19:39:12,146 - app.services.notification_service - INFO -    Message: 🚨 Sales Alert: Sales for Pasta Spaghetti 500g dropped by >60%!
2026-03-10 19:39:12,147 - app.services.notification_service - INFO - 🔔 [System Notification] Sales Alert: Sales for Pasta Sauce (Tomato) dropped by >60%! (Severity: high)
2026-03-10 19:39:12,147 - app.services.notification_service - INFO - 📱 [WhatsApp SIMULATION] From: whatsapp:+14155238886 -> To: +123456789
2026-03-10 19:39:12,147 - app.services.notification_service - INFO -    Message: 🚨 Sales Alert: Sales for Pasta Sauce (Tomato) dropped by >60%!
2026-03-10 19:39:12,147 - app.services.notification_service - INFO - 🔔 [System Notification] Sales Alert: Sales for Olive Oil 500ml dropped by >60%! (Severity: high)
2026-03-10 19:39:12,147 - app.services.notification_service - INFO - 📱 [WhatsApp SIMULATION] From: whatsapp:+14155238886 -> To: +123456789
2026-03-10 19:39:12,147 - app.services.notification_service - INFO -    Message: 🚨 Sales Alert: Sales for Olive Oil 500ml dropped by >60%!
2026-03-10 19:39:12,148 - app.services.notification_service - INFO - 🔔 [System Notification] Sales Alert: Sales for Jasmine Rice 5kg dropped by >60%! (Severity: high)
2026-03-10 19:39:12,148 - app.services.notification_service - INFO - 📱 [WhatsApp SIMULATION] From: whatsapp:+14155238886 -> To: +123456789
2026-03-10 19:39:12,148 - app.services.notification_service - INFO -    Message: 🚨 Sales Alert: Sales for Jasmine Rice 5kg dropped by >60%!
2026-03-10 19:39:12,149 - app.services.notification_service - INFO - 🔔 [System Notification] Sales Alert: Sales for Breakfast Cereal dropped by >60%! (Severity: high)
2026-03-10 19:39:12,149 - app.services.notification_service - INFO - 📱 [WhatsApp SIMULATION] From: whatsapp:+14155238886 -> To: +123456789
2026-03-10 19:39:12,149 - app.services.notification_service - INFO -    Message: 🚨 Sales Alert: Sales for Breakfast Cereal dropped by >60%!
2026-03-10 19:39:12,150 - app.services.notification_service - INFO - 🔔 [System Notification] Sales Alert: Sales for Instant Noodles (5pk) dropped by >60%! (Severity: high)
2026-03-10 19:39:12,150 - app.services.notification_service - INFO - 📱 [WhatsApp SIMULATION] From: whatsapp:+14155238886 -> To: +123456789
2026-03-10 19:39:12,150 - app.services.notification_service - INFO -    Message: 🚨 Sales Alert: Sales for Instant Noodles (5pk) dropped by >60%!
2026-03-10 19:39:12,151 - app.services.notification_service - INFO - 🔔 [System Notification] Sales Alert: Sales for Tomato Ketchup dropped by >60%! (Severity: high)
2026-03-10 19:39:12,151 - app.services.notification_service - INFO - 📱 [WhatsApp SIMULATION] From: whatsapp:+14155238886 -> To: +123456789
2026-03-10 19:39:12,151 - app.services.notification_service - INFO -    Message: 🚨 Sales Alert: Sales for Tomato Ketchup dropped by >60%!
2026-03-10 19:39:12,151 - app.services.notification_service - INFO - 🔔 [System Notification] Sales Alert: Sales for Toilet Paper (12pk) dropped by >60%! (Severity: high)
2026-03-10 19:39:12,151 - app.services.notification_service - INFO - 📱 [WhatsApp SIMULATION] From: whatsapp:+14155238886 -> To: +123456789
2026-03-10 19:39:12,152 - app.services.notification_service - INFO -    Message: 🚨 Sales Alert: Sales for Toilet Paper (12pk) dropped by >60%!
2026-03-10 19:39:12,152 - app.services.notification_service - INFO - 🔔 [System Notification] Sales Alert: Sales for Laundry Detergent 2L dropped by >60%! (Severity: high)
2026-03-10 19:39:12,152 - app.services.notification_service - INFO - 📱 [WhatsApp SIMULATION] From: whatsapp:+14155238886 -> To: +123456789
2026-03-10 19:39:12,152 - app.services.notification_service - INFO -    Message: 🚨 Sales Alert: Sales for Laundry Detergent 2L dropped by >60%!
2026-03-10 19:39:12,153 - app.services.notification_service - INFO - 🔔 [System Notification] Sales Alert: Sales for Dish Soap 500ml dropped by >60%! (Severity: high)
2026-03-10 19:39:12,153 - app.services.notification_service - INFO - 📱 [WhatsApp SIMULATION] From: whatsapp:+14155238886 -> To: +123456789
2026-03-10 19:39:12,153 - app.services.notification_service - INFO -    Message: 🚨 Sales Alert: Sales for Dish Soap 500ml dropped by >60%!
2026-03-10 19:39:12,153 - app.services.notification_service - INFO - 🔔 [System Notification] Sales Alert: Sales for AA Batteries (4pk) dropped by >60%! (Severity: high)
2026-03-10 19:39:12,154 - app.services.notification_service - INFO - 📱 [WhatsApp SIMULATION] From: whatsapp:+14155238886 -> To: +123456789
2026-03-10 19:39:12,154 - app.services.notification_service - INFO -    Message: 🚨 Sales Alert: Sales for AA Batteries (4pk) dropped by >60%!
2026-03-10 19:39:12,154 - app.services.notification_service - INFO - 🔔 [System Notification] Sales Alert: Sales for Toothpaste Mint dropped by >60%! (Severity: high)
2026-03-10 19:39:12,154 - app.services.notification_service - INFO - 📱 [WhatsApp SIMULATION] From: whatsapp:+14155238886 -> To: +123456789
2026-03-10 19:39:12,154 - app.services.notification_service - INFO -    Message: 🚨 Sales Alert: Sales for Toothpaste Mint dropped by >60%!
2026-03-10 19:39:12,155 - app.services.notification_service - INFO - 🔔 [System Notification] Sales Alert: Sales for Shampoo 400ml dropped by >60%! (Severity: high)
2026-03-10 19:39:12,155 - app.services.notification_service - INFO - 📱 [WhatsApp SIMULATION] From: whatsapp:+14155238886 -> To: +123456789
2026-03-10 19:39:12,155 - app.services.notification_service - INFO -    Message: 🚨 Sales Alert: Sales for Shampoo 400ml dropped by >60%!
2026-03-10 19:39:12,156 - app.services.notification_service - INFO - 🔔 [System Notification] Sales Alert: Sales for Body Wash dropped by >60%! (Severity: high)
2026-03-10 19:39:12,156 - app.services.notification_service - INFO - 📱 [WhatsApp SIMULATION] From: whatsapp:+14155238886 -> To: +123456789
2026-03-10 19:39:12,156 - app.services.notification_service - INFO -    Message: 🚨 Sales Alert: Sales for Body Wash dropped by >60%!
2026-03-10 19:39:12,157 - app.services.notification_service - INFO - 🔔 [System Notification] Sales Alert: Sales for Hand Sanitizer dropped by >60%! (Severity: high)
2026-03-10 19:39:12,157 - app.services.notification_service - INFO - 📱 [WhatsApp SIMULATION] From: whatsapp:+14155238886 -> To: +123456789
2026-03-10 19:39:12,157 - app.services.notification_service - INFO -    Message: 🚨 Sales Alert: Sales for Hand Sanitizer dropped by >60%!
2026-03-10 19:39:12,158 - app.services.notification_service - INFO - 🔔 [System Notification] Sales Alert: Sales for Potato Chips (Salt) dropped by >60%! (Severity: high)
2026-03-10 19:39:12,158 - app.services.notification_service - INFO - 📱 [WhatsApp SIMULATION] From: whatsapp:+14155238886 -> To: +123456789
2026-03-10 19:39:12,158 - app.services.notification_service - INFO -    Message: 🚨 Sales Alert: Sales for Potato Chips (Salt) dropped by >60%!
2026-03-10 19:39:12,158 - app.services.notification_service - INFO - 🔔 [System Notification] Sales Alert: Sales for Chocolate Bar dropped by >60%! (Severity: high)
2026-03-10 19:39:12,159 - app.services.notification_service - INFO - 📱 [WhatsApp SIMULATION] From: whatsapp:+14155238886 -> To: +123456789
2026-03-10 19:39:12,159 - app.services.notification_service - INFO -    Message: 🚨 Sales Alert: Sales for Chocolate Bar dropped by >60%!
2026-03-10 19:39:12,159 - app.services.notification_service - INFO - 🔔 [System Notification] Sales Alert: Sales for Cookies (Choc Chip) dropped by >60%! (Severity: high)
2026-03-10 19:39:12,159 - app.services.notification_service - INFO - 📱 [WhatsApp SIMULATION] From: whatsapp:+14155238886 -> To: +123456789
2026-03-10 19:39:12,159 - app.services.notification_service - INFO -    Message: 🚨 Sales Alert: Sales for Cookies (Choc Chip) dropped by >60%!
2026-03-10 19:39:12,160 - app.services.notification_service - INFO - 🔔 [System Notification] Sales Alert: Sales for Roasted Nuts dropped by >60%! (Severity: high)
2026-03-10 19:39:12,160 - app.services.notification_service - INFO - 📱 [WhatsApp SIMULATION] From: whatsapp:+14155238886 -> To: +123456789
2026-03-10 19:39:12,160 - app.services.notification_service - INFO -    Message: 🚨 Sales Alert: Sales for Roasted Nuts dropped by >60%!
2026-03-10 19:45:03,341 - app.services.notification_service - INFO - 🔔 [System Notification] Sales Alert: Sales for Banana dropped by >60%! (Severity: high)
2026-03-10 19:45:03,341 - app.services.notification_service - INFO - 📱 [WhatsApp SIMULATION] From: whatsapp:+14155238886 -> To: +123456789
2026-03-10 19:45:03,341 - app.services.notification_service - INFO -    Message: 🚨 Sales Alert: Sales for Banana dropped by >60%!
2026-03-10 19:45:03,342 - app.services.notification_service - INFO - 🔔 [System Notification] Sales Alert: Sales for Blueberries dropped by >60%! (Severity: high)
2026-03-10 19:45:03,342 - app.services.notification_service - INFO - 📱 [WhatsApp SIMULATION] From: whatsapp:+14155238886 -> To: +123456789
2026-03-10 19:45:03,343 - app.services.notification_service - INFO -    Message: 🚨 Sales Alert: Sales for Blueberries dropped by >60%!
2026-03-10 19:45:03,343 - app.services.notification_service - INFO - 🔔 [System Notification] Sales Alert: Sales for Toothbrush dropped by >60%! (Severity: high)
2026-03-10 19:45:03,343 - app.services.notification_service - INFO - 📱 [WhatsApp SIMULATION] From: whatsapp:+14155238886 -> To: +123456789
2026-03-10 19:45:03,343 - app.services.notification_service - INFO -    Message: 🚨 Sales Alert: Sales for Toothbrush dropped by >60%!
2026-03-10 19:45:03,344 - app.services.notification_service - INFO - 🔔 [System Notification] Sales Alert: Sales for Toothpaste dropped by >60%! (Severity: high)
2026-03-10 19:45:03,344 - app.services.notification_service - INFO - 📱 [WhatsApp SIMULATION] From: whatsapp:+14155238886 -> To: +123456789
2026-03-10 19:45:03,344 - app.services.notification_service - INFO -    Message: 🚨 Sales Alert: Sales for Toothpaste dropped by >60%!
2026-03-10 19:45:03,345 - app.services.notification_service - INFO - 🔔 [System Notification] Sales Alert: Sales for Burger dropped by >60%! (Severity: high)
2026-03-10 19:45:03,345 - app.services.notification_service - INFO - 📱 [WhatsApp SIMULATION] From: whatsapp:+14155238886 -> To: +123456789
2026-03-10 19:45:03,345 - app.services.notification_service - INFO -    Message: 🚨 Sales Alert: Sales for Burger dropped by >60%!
2026-03-10 19:45:03,345 - app.services.notification_service - INFO - 🔔 [System Notification] Sales Alert: Sales for Fries dropped by >60%! (Severity: high)
2026-03-10 19:45:03,346 - app.services.notification_service - INFO - 📱 [WhatsApp SIMULATION] From: whatsapp:+14155238886 -> To: +123456789
2026-03-10 19:45:03,346 - app.services.notification_service - INFO -    Message: 🚨 Sales Alert: Sales for Fries dropped by >60%!
2026-03-10 19:45:03,346 - app.services.notification_service - INFO - 🔔 [System Notification] Sales Alert: Sales for Fresh Milk 1L dropped by >60%! (Severity: high)
2026-03-10 19:45:03,346 - app.services.notification_service - INFO - 📱 [WhatsApp SIMULATION] From: whatsapp:+14155238886 -> To: +123456789
2026-03-10 19:45:03,347 - app.services.notification_service - INFO -    Message: 🚨 Sales Alert: Sales for Fresh Milk 1L dropped by >60%!
2026-03-10 19:45:03,347 - app.services.notification_service - INFO - 🔔 [System Notification] Sales Alert: Sales for Cheddar CheeseBlock dropped by >60%! (Severity: high)
2026-03-10 19:45:03,347 - app.services.notification_service - INFO - 📱 [WhatsApp SIMULATION] From: whatsapp:+14155238886 -> To: +123456789
2026-03-10 19:45:03,347 - app.services.notification_service - INFO -    Message: 🚨 Sales Alert: Sales for Cheddar CheeseBlock dropped by >60%!
2026-03-10 19:45:03,348 - app.services.notification_service - INFO - 🔔 [System Notification] Sales Alert: Sales for Greek Yogurt 500g dropped by >60%! (Severity: high)
2026-03-10 19:45:03,349 - app.services.notification_service - INFO - 📱 [WhatsApp SIMULATION] From: whatsapp:+14155238886 -> To: +123456789
2026-03-10 19:45:03,349 - app.services.notification_service - INFO -    Message: 🚨 Sales Alert: Sales for Greek Yogurt 500g dropped by >60%!
2026-03-10 19:45:03,350 - app.services.notification_service - INFO - 🔔 [System Notification] Sales Alert: Sales for Salted Butter dropped by >60%! (Severity: high)
2026-03-10 19:45:03,350 - app.services.notification_service - INFO - 📱 [WhatsApp SIMULATION] From: whatsapp:+14155238886 -> To: +123456789
2026-03-10 19:45:03,350 - app.services.notification_service - INFO -    Message: 🚨 Sales Alert: Sales for Salted Butter dropped by >60%!
2026-03-10 19:45:03,351 - app.services.notification_service - INFO - 🔔 [System Notification] Sales Alert: Sales for Whole Wheat Bread dropped by >60%! (Severity: high)
2026-03-10 19:45:03,351 - app.services.notification_service - INFO - 📱 [WhatsApp SIMULATION] From: whatsapp:+14155238886 -> To: +123456789
2026-03-10 19:45:03,351 - app.services.notification_service - INFO -    Message: 🚨 Sales Alert: Sales for Whole Wheat Bread dropped by >60%!
2026-03-10 19:45:03,352 - app.services.notification_service - INFO - 🔔 [System Notification] Sales Alert: Sales for Croissant (Pack of 4) dropped by >60%! (Severity: high)
2026-03-10 19:45:03,352 - app.services.notification_service - INFO - 📱 [WhatsApp SIMULATION] From: whatsapp:+14155238886 -> To: +123456789
2026-03-10 19:45:03,352 - app.services.notification_service - INFO -    Message: 🚨 Sales Alert: Sales for Croissant (Pack of 4) dropped by >60%!
2026-03-10 19:45:03,353 - app.services.notification_service - INFO - 🔔 [System Notification] Sales Alert: Sales for Bagels (Pack of 6) dropped by >60%! (Severity: high)
2026-03-10 19:45:03,355 - app.services.notification_service - INFO - 📱 [WhatsApp SIMULATION] From: whatsapp:+14155238886 -> To: +123456789
2026-03-10 19:45:03,355 - app.services.notification_service - INFO -    Message: 🚨 Sales Alert: Sales for Bagels (Pack of 6) dropped by >60%!
2026-03-10 19:45:03,356 - app.services.notification_service - INFO - 🔔 [System Notification] Sales Alert: Sales for Chocolate Muffin dropped by >60%! (Severity: high)
2026-03-10 19:45:03,357 - app.services.notification_service - INFO - 📱 [WhatsApp SIMULATION] From: whatsapp:+14155238886 -> To: +123456789
2026-03-10 19:45:03,357 - app.services.notification_service - INFO -    Message: 🚨 Sales Alert: Sales for Chocolate Muffin dropped by >60%!
2026-03-10 19:45:03,359 - app.services.notification_service - INFO - 🔔 [System Notification] Sales Alert: Sales for Mineral Water 600ml dropped by >60%! (Severity: high)
2026-03-10 19:45:03,360 - app.services.notification_service - INFO - 📱 [WhatsApp SIMULATION] From: whatsapp:+14155238886 -> To: +123456789
2026-03-10 19:45:03,360 - app.services.notification_service - INFO -    Message: 🚨 Sales Alert: Sales for Mineral Water 600ml dropped by >60%!
2026-03-10 19:45:03,361 - app.services.notification_service - INFO - 🔔 [System Notification] Sales Alert: Sales for Orange Juice 1L dropped by >60%! (Severity: high)
2026-03-10 19:45:03,361 - app.services.notification_service - INFO - 📱 [WhatsApp SIMULATION] From: whatsapp:+14155238886 -> To: +123456789
2026-03-10 19:45:03,361 - app.services.notification_service - INFO -    Message: 🚨 Sales Alert: Sales for Orange Juice 1L dropped by >60%!
2026-03-10 19:45:03,362 - app.services.notification_service - INFO - 🔔 [System Notification] Sales Alert: Sales for Cola Can 330ml dropped by >60%! (Severity: high)
2026-03-10 19:45:03,362 - app.services.notification_service - INFO - 📱 [WhatsApp SIMULATION] From: whatsapp:+14155238886 -> To: +123456789
2026-03-10 19:45:03,362 - app.services.notification_service - INFO -    Message: 🚨 Sales Alert: Sales for Cola Can 330ml dropped by >60%!
2026-03-10 19:45:03,363 - app.services.notification_service - INFO - 🔔 [System Notification] Sales Alert: Sales for Craft Beer IPA dropped by >60%! (Severity: high)
2026-03-10 19:45:03,363 - app.services.notification_service - INFO - 📱 [WhatsApp SIMULATION] From: whatsapp:+14155238886 -> To: +123456789
2026-03-10 19:45:03,364 - app.services.notification_service - INFO -    Message: 🚨 Sales Alert: Sales for Craft Beer IPA dropped by >60%!
2026-03-10 19:45:03,366 - app.services.notification_service - INFO - 🔔 [System Notification] Sales Alert: Sales for Red Wine (Cab Sauv) dropped by >60%! (Severity: high)
2026-03-10 19:45:03,366 - app.services.notification_service - INFO - 📱 [WhatsApp SIMULATION] From: whatsapp:+14155238886 -> To: +123456789
2026-03-10 19:45:03,366 - app.services.notification_service - INFO -    Message: 🚨 Sales Alert: Sales for Red Wine (Cab Sauv) dropped by >60%!
2026-03-10 19:45:03,367 - app.services.notification_service - INFO - 🔔 [System Notification] Sales Alert: Sales for Energy Drink dropped by >60%! (Severity: high)
2026-03-10 19:45:03,367 - app.services.notification_service - INFO - 📱 [WhatsApp SIMULATION] From: whatsapp:+14155238886 -> To: +123456789
2026-03-10 19:45:03,367 - app.services.notification_service - INFO -    Message: 🚨 Sales Alert: Sales for Energy Drink dropped by >60%!
2026-03-10 19:45:03,368 - app.services.notification_service - INFO - 🔔 [System Notification] Sales Alert: Sales for Banana (Bunch) dropped by >60%! (Severity: high)
2026-03-10 19:45:03,368 - app.services.notification_service - INFO - 📱 [WhatsApp SIMULATION] From: whatsapp:+14155238886 -> To: +123456789
2026-03-10 19:45:03,368 - app.services.notification_service - INFO -    Message: 🚨 Sales Alert: Sales for Banana (Bunch) dropped by >60%!
2026-03-10 19:45:03,368 - app.services.notification_service - INFO - 🔔 [System Notification] Sales Alert: Sales for Gala Apples (1kg) dropped by >60%! (Severity: high)
2026-03-10 19:45:03,368 - app.services.notification_service - INFO - 📱 [WhatsApp SIMULATION] From: whatsapp:+14155238886 -> To: +123456789
2026-03-10 19:45:03,368 - app.services.notification_service - INFO -    Message: 🚨 Sales Alert: Sales for Gala Apples (1kg) dropped by >60%!
2026-03-10 19:45:03,369 - app.services.notification_service - INFO - 🔔 [System Notification] Sales Alert: Sales for Avocado dropped by >60%! (Severity: high)
2026-03-10 19:45:03,369 - app.services.notification_service - INFO - 📱 [WhatsApp SIMULATION] From: whatsapp:+14155238886 -> To: +123456789
2026-03-10 19:45:03,369 - app.services.notification_service - INFO -    Message: 🚨 Sales Alert: Sales for Avocado dropped by >60%!
2026-03-10 19:45:03,369 - app.services.notification_service - INFO - 🔔 [System Notification] Sales Alert: Sales for Baby Spinach Mix dropped by >60%! (Severity: high)
2026-03-10 19:45:03,370 - app.services.notification_service - INFO - 📱 [WhatsApp SIMULATION] From: whatsapp:+14155238886 -> To: +123456789
2026-03-10 19:45:03,371 - app.services.notification_service - INFO -    Message: 🚨 Sales Alert: Sales for Baby Spinach Mix dropped by >60%!
2026-03-10 19:45:03,372 - app.services.notification_service - INFO - 🔔 [System Notification] Sales Alert: Sales for Tomatoes (500g) dropped by >60%! (Severity: high)
2026-03-10 19:45:03,372 - app.services.notification_service - INFO - 📱 [WhatsApp SIMULATION] From: whatsapp:+14155238886 -> To: +123456789
2026-03-10 19:45:03,372 - app.services.notification_service - INFO -    Message: 🚨 Sales Alert: Sales for Tomatoes (500g) dropped by >60%!
2026-03-10 19:45:03,373 - app.services.notification_service - INFO - 🔔 [System Notification] Sales Alert: Sales for Carrots (1kg) dropped by >60%! (Severity: high)
2026-03-10 19:45:03,373 - app.services.notification_service - INFO - 📱 [WhatsApp SIMULATION] From: whatsapp:+14155238886 -> To: +123456789
2026-03-10 19:45:03,373 - app.services.notification_service - INFO -    Message: 🚨 Sales Alert: Sales for Carrots (1kg) dropped by >60%!
2026-03-10 19:45:03,373 - app.services.notification_service - INFO - 🔔 [System Notification] Sales Alert: Sales for Pasta Spaghetti 500g dropped by >60%! (Severity: high)
2026-03-10 19:45:03,374 - app.services.notification_service - INFO - 📱 [WhatsApp SIMULATION] From: whatsapp:+14155238886 -> To: +123456789
2026-03-10 19:45:03,374 - app.services.notification_service - INFO -    Message: 🚨 Sales Alert: Sales for Pasta Spaghetti 500g dropped by >60%!
2026-03-10 19:45:03,374 - app.services.notification_service - INFO - 🔔 [System Notification] Sales Alert: Sales for Pasta Sauce (Tomato) dropped by >60%! (Severity: high)
2026-03-10 19:45:03,375 - app.services.notification_service - INFO - 📱 [WhatsApp SIMULATION] From: whatsapp:+14155238886 -> To: +123456789
2026-03-10 19:45:03,375 - app.services.notification_service - INFO -    Message: 🚨 Sales Alert: Sales for Pasta Sauce (Tomato) dropped by >60%!
2026-03-10 19:45:03,375 - app.services.notification_service - INFO - 🔔 [System Notification] Sales Alert: Sales for Olive Oil 500ml dropped by >60%! (Severity: high)
2026-03-10 19:45:03,375 - app.services.notification_service - INFO - 📱 [WhatsApp SIMULATION] From: whatsapp:+14155238886 -> To: +123456789
2026-03-10 19:45:03,375 - app.services.notification_service - INFO -    Message: 🚨 Sales Alert: Sales for Olive Oil 500ml dropped by >60%!
2026-03-10 19:45:03,376 - app.services.notification_service - INFO - 🔔 [System Notification] Sales Alert: Sales for Jasmine Rice 5kg dropped by >60%! (Severity: high)
2026-03-10 19:45:03,376 - app.services.notification_service - INFO - 📱 [WhatsApp SIMULATION] From: whatsapp:+14155238886 -> To: +123456789
2026-03-10 19:45:03,376 - app.services.notification_service - INFO -    Message: 🚨 Sales Alert: Sales for Jasmine Rice 5kg dropped by >60%!
2026-03-10 19:45:03,378 - app.services.notification_service - INFO - 🔔 [System Notification] Sales Alert: Sales for Breakfast Cereal dropped by >60%! (Severity: high)
2026-03-10 19:45:03,379 - app.services.notification_service - INFO - 📱 [WhatsApp SIMULATION] From: whatsapp:+14155238886 -> To: +123456789
2026-03-10 19:45:03,379 - app.services.notification_service - INFO -    Message: 🚨 Sales Alert: Sales for Breakfast Cereal dropped by >60%!
2026-03-10 19:45:03,379 - app.services.notification_service - INFO - 🔔 [System Notification] Sales Alert: Sales for Instant Noodles (5pk) dropped by >60%! (Severity: high)
2026-03-10 19:45:03,379 - app.services.notification_service - INFO - 📱 [WhatsApp SIMULATION] From: whatsapp:+14155238886 -> To: +123456789
2026-03-10 19:45:03,380 - app.services.notification_service - INFO -    Message: 🚨 Sales Alert: Sales for Instant Noodles (5pk) dropped by >60%!
2026-03-10 19:45:03,380 - app.services.notification_service - INFO - 🔔 [System Notification] Sales Alert: Sales for Tomato Ketchup dropped by >60%! (Severity: high)
2026-03-10 19:45:03,380 - app.services.notification_service - INFO - 📱 [WhatsApp SIMULATION] From: whatsapp:+14155238886 -> To: +123456789
2026-03-10 19:45:03,380 - app.services.notification_service - INFO -    Message: 🚨 Sales Alert: Sales for Tomato Ketchup dropped by >60%!
2026-03-10 19:45:03,381 - app.services.notification_service - INFO - 🔔 [System Notification] Sales Alert: Sales for Toilet Paper (12pk) dropped by >60%! (Severity: high)
2026-03-10 19:45:03,381 - app.services.notification_service - INFO - 📱 [WhatsApp SIMULATION] From: whatsapp:+14155238886 -> To: +123456789
2026-03-10 19:45:03,381 - app.services.notification_service - INFO -    Message: 🚨 Sales Alert: Sales for Toilet Paper (12pk) dropped by >60%!
2026-03-10 19:45:03,381 - app.services.notification_service - INFO - 🔔 [System Notification] Sales Alert: Sales for Laundry Detergent 2L dropped by >60%! (Severity: high)
2026-03-10 19:45:03,381 - app.services.notification_service - INFO - 📱 [WhatsApp SIMULATION] From: whatsapp:+14155238886 -> To: +123456789
2026-03-10 19:45:03,382 - app.services.notification_service - INFO -    Message: 🚨 Sales Alert: Sales for Laundry Detergent 2L dropped by >60%!
2026-03-10 19:45:03,382 - app.services.notification_service - INFO - 🔔 [System Notification] Sales Alert: Sales for Dish Soap 500ml dropped by >60%! (Severity: high)
2026-03-10 19:45:03,382 - app.services.notification_service - INFO - 📱 [WhatsApp SIMULATION] From: whatsapp:+14155238886 -> To: +123456789
2026-03-10 19:45:03,382 - app.services.notification_service - INFO -    Message: 🚨 Sales Alert: Sales for Dish Soap 500ml dropped by >60%!
2026-03-10 19:45:03,383 - app.services.notification_service - INFO - 🔔 [System Notification] Sales Alert: Sales for AA Batteries (4pk) dropped by >60%! (Severity: high)
2026-03-10 19:45:03,383 - app.services.notification_service - INFO - 📱 [WhatsApp SIMULATION] From: whatsapp:+14155238886 -> To: +123456789
2026-03-10 19:45:03,383 - app.services.notification_service - INFO -    Message: 🚨 Sales Alert: Sales for AA Batteries (4pk) dropped by >60%!
2026-03-10 19:45:03,385 - app.services.notification_service - INFO - 🔔 [System Notification] Sales Alert: Sales for Toothpaste Mint dropped by >60%! (Severity: high)
2026-03-10 19:45:03,385 - app.services.notification_service - INFO - 📱 [WhatsApp SIMULATION] From: whatsapp:+14155238886 -> To: +123456789
2026-03-10 19:45:03,385 - app.services.notification_service - INFO -    Message: 🚨 Sales Alert: Sales for Toothpaste Mint dropped by >60%!
2026-03-10 19:45:03,386 - app.services.notification_service - INFO - 🔔 [System Notification] Sales Alert: Sales for Shampoo 400ml dropped by >60%! (Severity: high)
2026-03-10 19:45:03,386 - app.services.notification_service - INFO - 📱 [WhatsApp SIMULATION] From: whatsapp:+14155238886 -> To: +123456789
2026-03-10 19:45:03,386 - app.services.notification_service - INFO -    Message: 🚨 Sales Alert: Sales for Shampoo 400ml dropped by >60%!
2026-03-10 19:45:03,386 - app.services.notification_service - INFO - 🔔 [System Notification] Sales Alert: Sales for Body Wash dropped by >60%! (Severity: high)
2026-03-10 19:45:03,386 - app.services.notification_service - INFO - 📱 [WhatsApp SIMULATION] From: whatsapp:+14155238886 -> To: +123456789
2026-03-10 19:45:03,387 - app.services.notification_service - INFO -    Message: 🚨 Sales Alert: Sales for Body Wash dropped by >60%!
2026-03-10 19:45:03,387 - app.services.notification_service - INFO - 🔔 [System Notification] Sales Alert: Sales for Hand Sanitizer dropped by >60%! (Severity: high)
2026-03-10 19:45:03,387 - app.services.notification_service - INFO - 📱 [WhatsApp SIMULATION] From: whatsapp:+14155238886 -> To: +123456789
2026-03-10 19:45:03,387 - app.services.notification_service - INFO -    Message: 🚨 Sales Alert: Sales for Hand Sanitizer dropped by >60%!
2026-03-10 19:45:03,388 - app.services.notification_service - INFO - 🔔 [System Notification] Sales Alert: Sales for Potato Chips (Salt) dropped by >60%! (Severity: high)
2026-03-10 19:45:03,388 - app.services.notification_service - INFO - 📱 [WhatsApp SIMULATION] From: whatsapp:+14155238886 -> To: +123456789
2026-03-10 19:45:03,388 - app.services.notification_service - INFO -    Message: 🚨 Sales Alert: Sales for Potato Chips (Salt) dropped by >60%!
2026-03-10 19:45:03,388 - app.services.notification_service - INFO - 🔔 [System Notification] Sales Alert: Sales for Chocolate Bar dropped by >60%! (Severity: high)
2026-03-10 19:45:03,389 - app.services.notification_service - INFO - 📱 [WhatsApp SIMULATION] From: whatsapp:+14155238886 -> To: +123456789
2026-03-10 19:45:03,389 - app.services.notification_service - INFO -    Message: 🚨 Sales Alert: Sales for Chocolate Bar dropped by >60%!
2026-03-10 19:45:03,389 - app.services.notification_service - INFO - 🔔 [System Notification] Sales Alert: Sales for Cookies (Choc Chip) dropped by >60%! (Severity: high)
2026-03-10 19:45:03,389 - app.services.notification_service - INFO - 📱 [WhatsApp SIMULATION] From: whatsapp:+14155238886 -> To: +123456789
2026-03-10 19:45:03,389 - app.services.notification_service - INFO -    Message: 🚨 Sales Alert: Sales for Cookies (Choc Chip) dropped by >60%!
2026-03-10 19:45:03,390 - app.services.notification_service - INFO - 🔔 [System Notification] Sales Alert: Sales for Roasted Nuts dropped by >60%! (Severity: high)
2026-03-10 19:45:03,390 - app.services.notification_service - INFO - 📱 [WhatsApp SIMULATION] From: whatsapp:+14155238886 -> To: +123456789
2026-03-10 19:45:03,391 - app.services.notification_service - INFO -    Message: 🚨 Sales Alert: Sales for Roasted Nuts dropped by >60%!
2026-03-10 19:45:10,160 - app.services.notification_service - INFO - 🔔 [System Notification] Sales Alert: Sales for Banana dropped by >60%! (Severity: high)
2026-03-10 19:45:10,160 - app.services.notification_service - INFO - 📱 [WhatsApp SIMULATION] From: whatsapp:+14155238886 -> To: +123456789
2026-03-10 19:45:10,160 - app.services.notification_service - INFO -    Message: 🚨 Sales Alert: Sales for Banana dropped by >60%!
2026-03-10 19:45:10,161 - app.services.notification_service - INFO - 🔔 [System Notification] Sales Alert: Sales for Blueberries dropped by >60%! (Severity: high)
2026-03-10 19:45:10,161 - app.services.notification_service - INFO - 📱 [WhatsApp SIMULATION] From: whatsapp:+14155238886 -> To: +123456789
2026-03-10 19:45:10,162 - app.services.notification_service - INFO -    Message: 🚨 Sales Alert: Sales for Blueberries dropped by >60%!
2026-03-10 19:45:10,162 - app.services.notification_service - INFO - 🔔 [System Notification] Sales Alert: Sales for Toothbrush dropped by >60%! (Severity: high)
2026-03-10 19:45:10,163 - app.services.notification_service - INFO - 📱 [WhatsApp SIMULATION] From: whatsapp:+14155238886 -> To: +123456789
2026-03-10 19:45:10,163 - app.services.notification_service - INFO -    Message: 🚨 Sales Alert: Sales for Toothbrush dropped by >60%!
2026-03-10 19:45:10,164 - app.services.notification_service - INFO - 🔔 [System Notification] Sales Alert: Sales for Toothpaste dropped by >60%! (Severity: high)
2026-03-10 19:45:10,164 - app.services.notification_service - INFO - 📱 [WhatsApp SIMULATION] From: whatsapp:+14155238886 -> To: +123456789
2026-03-10 19:45:10,164 - app.services.notification_service - INFO -    Message: 🚨 Sales Alert: Sales for Toothpaste dropped by >60%!
2026-03-10 19:45:10,165 - app.services.notification_service - INFO - 🔔 [System Notification] Sales Alert: Sales for Burger dropped by >60%! (Severity: high)
2026-03-10 19:45:10,165 - app.services.notification_service - INFO - 📱 [WhatsApp SIMULATION] From: whatsapp:+14155238886 -> To: +123456789
2026-03-10 19:45:10,165 - app.services.notification_service - INFO -    Message: 🚨 Sales Alert: Sales for Burger dropped by >60%!
2026-03-10 19:45:10,166 - app.services.notification_service - INFO - 🔔 [System Notification] Sales Alert: Sales for Fries dropped by >60%! (Severity: high)
2026-03-10 19:45:10,166 - app.services.notification_service - INFO - 📱 [WhatsApp SIMULATION] From: whatsapp:+14155238886 -> To: +123456789
2026-03-10 19:45:10,166 - app.services.notification_service - INFO -    Message: 🚨 Sales Alert: Sales for Fries dropped by >60%!
2026-03-10 19:45:10,167 - app.services.notification_service - INFO - 🔔 [System Notification] Sales Alert: Sales for Fresh Milk 1L dropped by >60%! (Severity: high)
2026-03-10 19:45:10,167 - app.services.notification_service - INFO - 📱 [WhatsApp SIMULATION] From: whatsapp:+14155238886 -> To: +123456789
2026-03-10 19:45:10,167 - app.services.notification_service - INFO -    Message: 🚨 Sales Alert: Sales for Fresh Milk 1L dropped by >60%!
2026-03-10 19:45:10,167 - app.services.notification_service - INFO - 🔔 [System Notification] Sales Alert: Sales for Cheddar CheeseBlock dropped by >60%! (Severity: high)
2026-03-10 19:45:10,168 - app.services.notification_service - INFO - 📱 [WhatsApp SIMULATION] From: whatsapp:+14155238886 -> To: +123456789
2026-03-10 19:45:10,168 - app.services.notification_service - INFO -    Message: 🚨 Sales Alert: Sales for Cheddar CheeseBlock dropped by >60%!
2026-03-10 19:45:10,169 - app.services.notification_service - INFO - 🔔 [System Notification] Sales Alert: Sales for Greek Yogurt 500g dropped by >60%! (Severity: high)
2026-03-10 19:45:10,169 - app.services.notification_service - INFO - 📱 [WhatsApp SIMULATION] From: whatsapp:+14155238886 -> To: +123456789
2026-03-10 19:45:10,169 - app.services.notification_service - INFO -    Message: 🚨 Sales Alert: Sales for Greek Yogurt 500g dropped by >60%!
2026-03-10 19:45:10,170 - app.services.notification_service - INFO - 🔔 [System Notification] Sales Alert: Sales for Salted Butter dropped by >60%! (Severity: high)
2026-03-10 19:45:10,170 - app.services.notification_service - INFO - 📱 [WhatsApp SIMULATION] From: whatsapp:+14155238886 -> To: +123456789
2026-03-10 19:45:10,170 - app.services.notification_service - INFO -    Message: 🚨 Sales Alert: Sales for Salted Butter dropped by >60%!
2026-03-10 19:45:10,170 - app.services.notification_service - INFO - 🔔 [System Notification] Sales Alert: Sales for Whole Wheat Bread dropped by >60%! (Severity: high)
2026-03-10 19:45:10,170 - app.services.notification_service - INFO - 📱 [WhatsApp SIMULATION] From: whatsapp:+14155238886 -> To: +123456789
2026-03-10 19:45:10,171 - app.services.notification_service - INFO -    Message: 🚨 Sales Alert: Sales for Whole Wheat Bread dropped by >60%!
2026-03-10 19:45:10,171 - app.services.notification_service - INFO - 🔔 [System Notification] Sales Alert: Sales for Croissant (Pack of 4) dropped by >60%! (Severity: high)
2026-03-10 19:45:10,171 - app.services.notification_service - INFO - 📱 [WhatsApp SIMULATION] From: whatsapp:+14155238886 -> To: +123456789
2026-03-10 19:45:10,171 - app.services.notification_service - INFO -    Message: 🚨 Sales Alert: Sales for Croissant (Pack of 4) dropped by >60%!
2026-03-10 19:45:10,172 - app.services.notification_service - INFO - 🔔 [System Notification] Sales Alert: Sales for Bagels (Pack of 6) dropped by >60%! (Severity: high)
2026-03-10 19:45:10,173 - app.services.notification_service - INFO - 📱 [WhatsApp SIMULATION] From: whatsapp:+14155238886 -> To: +123456789
2026-03-10 19:45:10,173 - app.services.notification_service - INFO -    Message: 🚨 Sales Alert: Sales for Bagels (Pack of 6) dropped by >60%!
2026-03-10 19:45:10,174 - app.services.notification_service - INFO - 🔔 [System Notification] Sales Alert: Sales for Chocolate Muffin dropped by >60%! (Severity: high)
2026-03-10 19:45:10,174 - app.services.notification_service - INFO - 📱 [WhatsApp SIMULATION] From: whatsapp:+14155238886 -> To: +123456789
2026-03-10 19:45:10,174 - app.services.notification_service - INFO -    Message: 🚨 Sales Alert: Sales for Chocolate Muffin dropped by >60%!
2026-03-10 19:45:10,175 - app.services.notification_service - INFO - 🔔 [System Notification] Sales Alert: Sales for Mineral Water 600ml dropped by >60%! (Severity: high)
2026-03-10 19:45:10,175 - app.services.notification_service - INFO - 📱 [WhatsApp SIMULATION] From: whatsapp:+14155238886 -> To: +123456789
2026-03-10 19:45:10,175 - app.services.notification_service - INFO -    Message: 🚨 Sales Alert: Sales for Mineral Water 600ml dropped by >60%!
2026-03-10 19:45:10,176 - app.services.notification_service - INFO - 🔔 [System Notification] Sales Alert: Sales for Orange Juice 1L dropped by >60%! (Severity: high)
2026-03-10 19:45:10,176 - app.services.notification_service - INFO - 📱 [WhatsApp SIMULATION] From: whatsapp:+14155238886 -> To: +123456789
2026-03-10 19:45:10,176 - app.services.notification_service - INFO -    Message: 🚨 Sales Alert: Sales for Orange Juice 1L dropped by >60%!
2026-03-10 19:45:10,177 - app.services.notification_service - INFO - 🔔 [System Notification] Sales Alert: Sales for Cola Can 330ml dropped by >60%! (Severity: high)
2026-03-10 19:45:10,177 - app.services.notification_service - INFO - 📱 [WhatsApp SIMULATION] From: whatsapp:+14155238886 -> To: +123456789
2026-03-10 19:45:10,177 - app.services.notification_service - INFO -    Message: 🚨 Sales Alert: Sales for Cola Can 330ml dropped by >60%!
2026-03-10 19:45:10,178 - app.services.notification_service - INFO - 🔔 [System Notification] Sales Alert: Sales for Craft Beer IPA dropped by >60%! (Severity: high)
2026-03-10 19:45:10,178 - app.services.notification_service - INFO - 📱 [WhatsApp SIMULATION] From: whatsapp:+14155238886 -> To: +123456789
2026-03-10 19:45:10,178 - app.services.notification_service - INFO -    Message: 🚨 Sales Alert: Sales for Craft Beer IPA dropped by >60%!
2026-03-10 19:45:10,178 - app.services.notification_service - INFO - 🔔 [System Notification] Sales Alert: Sales for Red Wine (Cab Sauv) dropped by >60%! (Severity: high)
2026-03-10 19:45:10,179 - app.services.notification_service - INFO - 📱 [WhatsApp SIMULATION] From: whatsapp:+14155238886 -> To: +123456789
2026-03-10 19:45:10,179 - app.services.notification_service - INFO -    Message: 🚨 Sales Alert: Sales for Red Wine (Cab Sauv) dropped by >60%!
2026-03-10 19:45:10,180 - app.services.notification_service - INFO - 🔔 [System Notification] Sales Alert: Sales for Energy Drink dropped by >60%! (Severity: high)
2026-03-10 19:45:10,180 - app.services.notification_service - INFO - 📱 [WhatsApp SIMULATION] From: whatsapp:+14155238886 -> To: +123456789
2026-03-10 19:45:10,180 - app.services.notification_service - INFO -    Message: 🚨 Sales Alert: Sales for Energy Drink dropped by >60%!
2026-03-10 19:45:10,181 - app.services.notification_service - INFO - 🔔 [System Notification] Sales Alert: Sales for Banana (Bunch) dropped by >60%! (Severity: high)
2026-03-10 19:45:10,181 - app.services.notification_service - INFO - 📱 [WhatsApp SIMULATION] From: whatsapp:+14155238886 -> To: +123456789
2026-03-10 19:45:10,181 - app.services.notification_service - INFO -    Message: 🚨 Sales Alert: Sales for Banana (Bunch) dropped by >60%!
2026-03-10 19:45:10,182 - app.services.notification_service - INFO - 🔔 [System Notification] Sales Alert: Sales for Gala Apples (1kg) dropped by >60%! (Severity: high)
2026-03-10 19:45:10,182 - app.services.notification_service - INFO - 📱 [WhatsApp SIMULATION] From: whatsapp:+14155238886 -> To: +123456789
2026-03-10 19:45:10,182 - app.services.notification_service - INFO -    Message: 🚨 Sales Alert: Sales for Gala Apples (1kg) dropped by >60%!
2026-03-10 19:45:10,183 - app.services.notification_service - INFO - 🔔 [System Notification] Sales Alert: Sales for Avocado dropped by >60%! (Severity: high)
2026-03-10 19:45:10,183 - app.services.notification_service - INFO - 📱 [WhatsApp SIMULATION] From: whatsapp:+14155238886 -> To: +123456789
2026-03-10 19:45:10,183 - app.services.notification_service - INFO -    Message: 🚨 Sales Alert: Sales for Avocado dropped by >60%!
2026-03-10 19:45:10,184 - app.services.notification_service - INFO - 🔔 [System Notification] Sales Alert: Sales for Baby Spinach Mix dropped by >60%! (Severity: high)
2026-03-10 19:45:10,184 - app.services.notification_service - INFO - 📱 [WhatsApp SIMULATION] From: whatsapp:+14155238886 -> To: +123456789
2026-03-10 19:45:10,184 - app.services.notification_service - INFO -    Message: 🚨 Sales Alert: Sales for Baby Spinach Mix dropped by >60%!
2026-03-10 19:45:10,184 - app.services.notification_service - INFO - 🔔 [System Notification] Sales Alert: Sales for Tomatoes (500g) dropped by >60%! (Severity: high)
2026-03-10 19:45:10,185 - app.services.notification_service - INFO - 📱 [WhatsApp SIMULATION] From: whatsapp:+14155238886 -> To: +123456789
2026-03-10 19:45:10,185 - app.services.notification_service - INFO -    Message: 🚨 Sales Alert: Sales for Tomatoes (500g) dropped by >60%!
2026-03-10 19:45:10,186 - app.services.notification_service - INFO - 🔔 [System Notification] Sales Alert: Sales for Carrots (1kg) dropped by >60%! (Severity: high)
2026-03-10 19:45:10,186 - app.services.notification_service - INFO - 📱 [WhatsApp SIMULATION] From: whatsapp:+14155238886 -> To: +123456789
2026-03-10 19:45:10,186 - app.services.notification_service - INFO -    Message: 🚨 Sales Alert: Sales for Carrots (1kg) dropped by >60%!
2026-03-10 19:45:10,187 - app.services.notification_service - INFO - 🔔 [System Notification] Sales Alert: Sales for Pasta Spaghetti 500g dropped by >60%! (Severity: high)
2026-03-10 19:45:10,187 - app.services.notification_service - INFO - 📱 [WhatsApp SIMULATION] From: whatsapp:+14155238886 -> To: +123456789
2026-03-10 19:45:10,187 - app.services.notification_service - INFO -    Message: 🚨 Sales Alert: Sales for Pasta Spaghetti 500g dropped by >60%!
2026-03-10 19:45:10,187 - app.services.notification_service - INFO - 🔔 [System Notification] Sales Alert: Sales for Pasta Sauce (Tomato) dropped by >60%! (Severity: high)
2026-03-10 19:45:10,187 - app.services.notification_service - INFO - 📱 [WhatsApp SIMULATION] From: whatsapp:+14155238886 -> To: +123456789
2026-03-10 19:45:10,188 - app.services.notification_service - INFO -    Message: 🚨 Sales Alert: Sales for Pasta Sauce (Tomato) dropped by >60%!
2026-03-10 19:45:10,188 - app.services.notification_service - INFO - 🔔 [System Notification] Sales Alert: Sales for Olive Oil 500ml dropped by >60%! (Severity: high)
2026-03-10 19:45:10,188 - app.services.notification_service - INFO - 📱 [WhatsApp SIMULATION] From: whatsapp:+14155238886 -> To: +123456789
2026-03-10 19:45:10,188 - app.services.notification_service - INFO -    Message: 🚨 Sales Alert: Sales for Olive Oil 500ml dropped by >60%!
2026-03-10 19:45:10,188 - app.services.notification_service - INFO - 🔔 [System Notification] Sales Alert: Sales for Jasmine Rice 5kg dropped by >60%! (Severity: high)
2026-03-10 19:45:10,189 - app.services.notification_service - INFO - 📱 [WhatsApp SIMULATION] From: whatsapp:+14155238886 -> To: +123456789
2026-03-10 19:45:10,189 - app.services.notification_service - INFO -    Message: 🚨 Sales Alert: Sales for Jasmine Rice 5kg dropped by >60%!
2026-03-10 19:45:10,189 - app.services.notification_service - INFO - 🔔 [System Notification] Sales Alert: Sales for Breakfast Cereal dropped by >60%! (Severity: high)
2026-03-10 19:45:10,189 - app.services.notification_service - INFO - 📱 [WhatsApp SIMULATION] From: whatsapp:+14155238886 -> To: +123456789
2026-03-10 19:45:10,190 - app.services.notification_service - INFO -    Message: 🚨 Sales Alert: Sales for Breakfast Cereal dropped by >60%!
2026-03-10 19:45:10,190 - app.services.notification_service - INFO - 🔔 [System Notification] Sales Alert: Sales for Instant Noodles (5pk) dropped by >60%! (Severity: high)
2026-03-10 19:45:10,190 - app.services.notification_service - INFO - 📱 [WhatsApp SIMULATION] From: whatsapp:+14155238886 -> To: +123456789
2026-03-10 19:45:10,190 - app.services.notification_service - INFO -    Message: 🚨 Sales Alert: Sales for Instant Noodles (5pk) dropped by >60%!
2026-03-10 19:45:10,191 - app.services.notification_service - INFO - 🔔 [System Notification] Sales Alert: Sales for Tomato Ketchup dropped by >60%! (Severity: high)
2026-03-10 19:45:10,191 - app.services.notification_service - INFO - 📱 [WhatsApp SIMULATION] From: whatsapp:+14155238886 -> To: +123456789
2026-03-10 19:45:10,191 - app.services.notification_service - INFO -    Message: 🚨 Sales Alert: Sales for Tomato Ketchup dropped by >60%!
2026-03-10 19:45:10,191 - app.services.notification_service - INFO - 🔔 [System Notification] Sales Alert: Sales for Toilet Paper (12pk) dropped by >60%! (Severity: high)
2026-03-10 19:45:10,192 - app.services.notification_service - INFO - 📱 [WhatsApp SIMULATION] From: whatsapp:+14155238886 -> To: +123456789
2026-03-10 19:45:10,192 - app.services.notification_service - INFO -    Message: 🚨 Sales Alert: Sales for Toilet Paper (12pk) dropped by >60%!
2026-03-10 19:45:10,193 - app.services.notification_service - INFO - 🔔 [System Notification] Sales Alert: Sales for Laundry Detergent 2L dropped by >60%! (Severity: high)
2026-03-10 19:45:10,193 - app.services.notification_service - INFO - 📱 [WhatsApp SIMULATION] From: whatsapp:+14155238886 -> To: +123456789
2026-03-10 19:45:10,193 - app.services.notification_service - INFO -    Message: 🚨 Sales Alert: Sales for Laundry Detergent 2L dropped by >60%!
2026-03-10 19:45:10,193 - app.services.notification_service - INFO - 🔔 [System Notification] Sales Alert: Sales for Dish Soap 500ml dropped by >60%! (Severity: high)
2026-03-10 19:45:10,194 - app.services.notification_service - INFO - 📱 [WhatsApp SIMULATION] From: whatsapp:+14155238886 -> To: +123456789
2026-03-10 19:45:10,194 - app.services.notification_service - INFO -    Message: 🚨 Sales Alert: Sales for Dish Soap 500ml dropped by >60%!
2026-03-10 19:45:10,194 - app.services.notification_service - INFO - 🔔 [System Notification] Sales Alert: Sales for AA Batteries (4pk) dropped by >60%! (Severity: high)
2026-03-10 19:45:10,194 - app.services.notification_service - INFO - 📱 [WhatsApp SIMULATION] From: whatsapp:+14155238886 -> To: +123456789
2026-03-10 19:45:10,194 - app.services.notification_service - INFO -    Message: 🚨 Sales Alert: Sales for AA Batteries (4pk) dropped by >60%!
2026-03-10 19:45:10,195 - app.services.notification_service - INFO - 🔔 [System Notification] Sales Alert: Sales for Toothpaste Mint dropped by >60%! (Severity: high)
2026-03-10 19:45:10,195 - app.services.notification_service - INFO - 📱 [WhatsApp SIMULATION] From: whatsapp:+14155238886 -> To: +123456789
2026-03-10 19:45:10,195 - app.services.notification_service - INFO -    Message: 🚨 Sales Alert: Sales for Toothpaste Mint dropped by >60%!
2026-03-10 19:45:10,195 - app.services.notification_service - INFO - 🔔 [System Notification] Sales Alert: Sales for Shampoo 400ml dropped by >60%! (Severity: high)
2026-03-10 19:45:10,196 - app.services.notification_service - INFO - 📱 [WhatsApp SIMULATION] From: whatsapp:+14155238886 -> To: +123456789
2026-03-10 19:45:10,196 - app.services.notification_service - INFO -    Message: 🚨 Sales Alert: Sales for Shampoo 400ml dropped by >60%!
2026-03-10 19:45:10,197 - app.services.notification_service - INFO - 🔔 [System Notification] Sales Alert: Sales for Body Wash dropped by >60%! (Severity: high)
2026-03-10 19:45:10,197 - app.services.notification_service - INFO - 📱 [WhatsApp SIMULATION] From: whatsapp:+14155238886 -> To: +123456789
2026-03-10 19:45:10,197 - app.services.notification_service - INFO -    Message: 🚨 Sales Alert: Sales for Body Wash dropped by >60%!
2026-03-10 19:45:10,197 - app.services.notification_service - INFO - 🔔 [System Notification] Sales Alert: Sales for Hand Sanitizer dropped by >60%! (Severity: high)
2026-03-10 19:45:10,198 - app.services.notification_service - INFO - 📱 [WhatsApp SIMULATION] From: whatsapp:+14155238886 -> To: +123456789
2026-03-10 19:45:10,198 - app.services.notification_service - INFO -    Message: 🚨 Sales Alert: Sales for Hand Sanitizer dropped by >60%!
2026-03-10 19:45:10,199 - app.services.notification_service - INFO - 🔔 [System Notification] Sales Alert: Sales for Potato Chips (Salt) dropped by >60%! (Severity: high)
2026-03-10 19:45:10,199 - app.services.notification_service - INFO - 📱 [WhatsApp SIMULATION] From: whatsapp:+14155238886 -> To: +123456789
2026-03-10 19:45:10,199 - app.services.notification_service - INFO -    Message: 🚨 Sales Alert: Sales for Potato Chips (Salt) dropped by >60%!
2026-03-10 19:45:10,199 - app.services.notification_service - INFO - 🔔 [System Notification] Sales Alert: Sales for Chocolate Bar dropped by >60%! (Severity: high)
2026-03-10 19:45:10,199 - app.services.notification_service - INFO - 📱 [WhatsApp SIMULATION] From: whatsapp:+14155238886 -> To: +123456789
2026-03-10 19:45:10,199 - app.services.notification_service - INFO -    Message: 🚨 Sales Alert: Sales for Chocolate Bar dropped by >60%!
2026-03-10 19:45:10,200 - app.services.notification_service - INFO - 🔔 [System Notification] Sales Alert: Sales for Cookies (Choc Chip) dropped by >60%! (Severity: high)
2026-03-10 19:45:10,200 - app.services.notification_service - INFO - 📱 [WhatsApp SIMULATION] From: whatsapp:+14155238886 -> To: +123456789
2026-03-10 19:45:10,200 - app.services.notification_service - INFO -    Message: 🚨 Sales Alert: Sales for Cookies (Choc Chip) dropped by >60%!
2026-03-10 19:45:10,201 - app.services.notification_service - INFO - 🔔 [System Notification] Sales Alert: Sales for Roasted Nuts dropped by >60%! (Severity: high)
2026-03-10 19:45:10,201 - app.services.notification_service - INFO - 📱 [WhatsApp SIMULATION] From: whatsapp:+14155238886 -> To: +123456789
2026-03-10 19:45:10,201 - app.services.notification_service - INFO -    Message: 🚨 Sales Alert: Sales for Roasted Nuts dropped by >60%!
2026-03-10 19:45:10,501 - app.services.notification_service - INFO - 📱 [WhatsApp SIMULATION] From: whatsapp:+14155238886 -> To: +123456789
2026-03-10 19:45:10,504 - app.services.notification_service - INFO -    Message: ⚠️ Low Stock Alert
Total Items: 4
- Toothbrush: 0
- Mineral Water: 2
- Burger: 1
- Fries: 2
2026-03-10 19:45:42,045 - app.services.notification_service - INFO - 🔔 [System Notification] Sales Alert: Sales for Banana dropped by >60%! (Severity: high)
2026-03-10 19:45:42,046 - app.services.notification_service - INFO - 📱 [WhatsApp SIMULATION] From: whatsapp:+14155238886 -> To: +123456789
2026-03-10 19:45:42,046 - app.services.notification_service - INFO -    Message: 🚨 Sales Alert: Sales for Banana dropped by >60%!
2026-03-10 19:45:42,047 - app.services.notification_service - INFO - 🔔 [System Notification] Sales Alert: Sales for Blueberries dropped by >60%! (Severity: high)
2026-03-10 19:45:42,047 - app.services.notification_service - INFO - 📱 [WhatsApp SIMULATION] From: whatsapp:+14155238886 -> To: +123456789
2026-03-10 19:45:42,047 - app.services.notification_service - INFO -    Message: 🚨 Sales Alert: Sales for Blueberries dropped by >60%!
2026-03-10 19:45:42,048 - app.services.notification_service - INFO - 🔔 [System Notification] Sales Alert: Sales for Toothbrush dropped by >60%! (Severity: high)
2026-03-10 19:45:42,048 - app.services.notification_service - INFO - 📱 [WhatsApp SIMULATION] From: whatsapp:+14155238886 -> To: +123456789
2026-03-10 19:45:42,048 - app.services.notification_service - INFO -    Message: 🚨 Sales Alert: Sales for Toothbrush dropped by >60%!
2026-03-10 19:45:42,048 - app.services.notification_service - INFO - 🔔 [System Notification] Sales Alert: Sales for Toothpaste dropped by >60%! (Severity: high)
2026-03-10 19:45:42,048 - app.services.notification_service - INFO - 📱 [WhatsApp SIMULATION] From: whatsapp:+14155238886 -> To: +123456789
2026-03-10 19:45:42,048 - app.services.notification_service - INFO -    Message: 🚨 Sales Alert: Sales for Toothpaste dropped by >60%!
2026-03-10 19:45:42,049 - app.services.notification_service - INFO - 🔔 [System Notification] Sales Alert: Sales for Burger dropped by >60%! (Severity: high)
2026-03-10 19:45:42,049 - app.services.notification_service - INFO - 📱 [WhatsApp SIMULATION] From: whatsapp:+14155238886 -> To: +123456789
2026-03-10 19:45:42,049 - app.services.notification_service - INFO -    Message: 🚨 Sales Alert: Sales for Burger dropped by >60%!
2026-03-10 19:45:42,050 - app.services.notification_service - INFO - 🔔 [System Notification] Sales Alert: Sales for Fries dropped by >60%! (Severity: high)
2026-03-10 19:45:42,050 - app.services.notification_service - INFO - 📱 [WhatsApp SIMULATION] From: whatsapp:+14155238886 -> To: +123456789
2026-03-10 19:45:42,050 - app.services.notification_service - INFO -    Message: 🚨 Sales Alert: Sales for Fries dropped by >60%!
2026-03-10 19:45:42,050 - app.services.notification_service - INFO - 🔔 [System Notification] Sales Alert: Sales for Fresh Milk 1L dropped by >60%! (Severity: high)
2026-03-10 19:45:42,050 - app.services.notification_service - INFO - 📱 [WhatsApp SIMULATION] From: whatsapp:+14155238886 -> To: +123456789
2026-03-10 19:45:42,050 - app.services.notification_service - INFO -    Message: 🚨 Sales Alert: Sales for Fresh Milk 1L dropped by >60%!
2026-03-10 19:45:42,052 - app.services.notification_service - INFO - 🔔 [System Notification] Sales Alert: Sales for Cheddar CheeseBlock dropped by >60%! (Severity: high)
2026-03-10 19:45:42,052 - app.services.notification_service - INFO - 📱 [WhatsApp SIMULATION] From: whatsapp:+14155238886 -> To: +123456789
2026-03-10 19:45:42,052 - app.services.notification_service - INFO -    Message: 🚨 Sales Alert: Sales for Cheddar CheeseBlock dropped by >60%!
2026-03-10 19:45:42,053 - app.services.notification_service - INFO - 🔔 [System Notification] Sales Alert: Sales for Greek Yogurt 500g dropped by >60%! (Severity: high)
2026-03-10 19:45:42,054 - app.services.notification_service - INFO - 📱 [WhatsApp SIMULATION] From: whatsapp:+14155238886 -> To: +123456789
2026-03-10 19:45:42,054 - app.services.notification_service - INFO -    Message: 🚨 Sales Alert: Sales for Greek Yogurt 500g dropped by >60%!
2026-03-10 19:45:42,055 - app.services.notification_service - INFO - 🔔 [System Notification] Sales Alert: Sales for Salted Butter dropped by >60%! (Severity: high)
2026-03-10 19:45:42,055 - app.services.notification_service - INFO - 📱 [WhatsApp SIMULATION] From: whatsapp:+14155238886 -> To: +123456789
2026-03-10 19:45:42,055 - app.services.notification_service - INFO -    Message: 🚨 Sales Alert: Sales for Salted Butter dropped by >60%!
2026-03-10 19:45:42,056 - app.services.notification_service - INFO - 🔔 [System Notification] Sales Alert: Sales for Whole Wheat Bread dropped by >60%! (Severity: high)
2026-03-10 19:45:42,056 - app.services.notification_service - INFO - 📱 [WhatsApp SIMULATION] From: whatsapp:+14155238886 -> To: +123456789
2026-03-10 19:45:42,056 - app.services.notification_service - INFO -    Message: 🚨 Sales Alert: Sales for Whole Wheat Bread dropped by >60%!
2026-03-10 19:45:42,057 - app.services.notification_service - INFO - 🔔 [System Notification] Sales Alert: Sales for Croissant (Pack of 4) dropped by >60%! (Severity: high)
2026-03-10 19:45:42,057 - app.services.notification_service - INFO - 📱 [WhatsApp SIMULATION] From: whatsapp:+14155238886 -> To: +123456789
2026-03-10 19:45:42,058 - app.services.notification_service - INFO -    Message: 🚨 Sales Alert: Sales for Croissant (Pack of 4) dropped by >60%!
2026-03-10 19:45:42,059 - app.services.notification_service - INFO - 🔔 [System Notification] Sales Alert: Sales for Bagels (Pack of 6) dropped by >60%! (Severity: high)
2026-03-10 19:45:42,060 - app.services.notification_service - INFO - 📱 [WhatsApp SIMULATION] From: whatsapp:+14155238886 -> To: +123456789
2026-03-10 19:45:42,060 - app.services.notification_service - INFO -    Message: 🚨 Sales Alert: Sales for Bagels (Pack of 6) dropped by >60%!
2026-03-10 19:45:42,061 - app.services.notification_service - INFO - 🔔 [System Notification] Sales Alert: Sales for Chocolate Muffin dropped by >60%! (Severity: high)
2026-03-10 19:45:42,061 - app.services.notification_service - INFO - 📱 [WhatsApp SIMULATION] From: whatsapp:+14155238886 -> To: +123456789
2026-03-10 19:45:42,061 - app.services.notification_service - INFO -    Message: 🚨 Sales Alert: Sales for Chocolate Muffin dropped by >60%!
2026-03-10 19:45:42,061 - app.services.notification_service - INFO - 🔔 [System Notification] Sales Alert: Sales for Mineral Water 600ml dropped by >60%! (Severity: high)
2026-03-10 19:45:42,061 - app.services.notification_service - INFO - 📱 [WhatsApp SIMULATION] From: whatsapp:+14155238886 -> To: +123456789
2026-03-10 19:45:42,062 - app.services.notification_service - INFO -    Message: 🚨 Sales Alert: Sales for Mineral Water 600ml dropped by >60%!
2026-03-10 19:45:42,062 - app.services.notification_service - INFO - 🔔 [System Notification] Sales Alert: Sales for Orange Juice 1L dropped by >60%! (Severity: high)
2026-03-10 19:45:42,062 - app.services.notification_service - INFO - 📱 [WhatsApp SIMULATION] From: whatsapp:+14155238886 -> To: +123456789
2026-03-10 19:45:42,062 - app.services.notification_service - INFO -    Message: 🚨 Sales Alert: Sales for Orange Juice 1L dropped by >60%!
2026-03-10 19:45:42,063 - app.services.notification_service - INFO - 🔔 [System Notification] Sales Alert: Sales for Cola Can 330ml dropped by >60%! (Severity: high)
2026-03-10 19:45:42,063 - app.services.notification_service - INFO - 📱 [WhatsApp SIMULATION] From: whatsapp:+14155238886 -> To: +123456789
2026-03-10 19:45:42,063 - app.services.notification_service - INFO -    Message: 🚨 Sales Alert: Sales for Cola Can 330ml dropped by >60%!
2026-03-10 19:45:42,064 - app.services.notification_service - INFO - 🔔 [System Notification] Sales Alert: Sales for Craft Beer IPA dropped by >60%! (Severity: high)
2026-03-10 19:45:42,064 - app.services.notification_service - INFO - 📱 [WhatsApp SIMULATION] From: whatsapp:+14155238886 -> To: +123456789
2026-03-10 19:45:42,064 - app.services.notification_service - INFO -    Message: 🚨 Sales Alert: Sales for Craft Beer IPA dropped by >60%!
2026-03-10 19:45:42,064 - app.services.notification_service - INFO - 🔔 [System Notification] Sales Alert: Sales for Red Wine (Cab Sauv) dropped by >60%! (Severity: high)
2026-03-10 19:45:42,065 - app.services.notification_service - INFO - 📱 [WhatsApp SIMULATION] From: whatsapp:+14155238886 -> To: +123456789
2026-03-10 19:45:42,065 - app.services.notification_service - INFO -    Message: 🚨 Sales Alert: Sales for Red Wine (Cab Sauv) dropped by >60%!
2026-03-10 19:45:42,068 - app.services.notification_service - INFO - 🔔 [System Notification] Sales Alert: Sales for Energy Drink dropped by >60%! (Severity: high)
2026-03-10 19:45:42,069 - app.services.notification_service - INFO - 📱 [WhatsApp SIMULATION] From: whatsapp:+14155238886 -> To: +123456789
2026-03-10 19:45:42,069 - app.services.notification_service - INFO -    Message: 🚨 Sales Alert: Sales for Energy Drink dropped by >60%!
2026-03-10 19:45:42,070 - app.services.notification_service - INFO - 🔔 [System Notification] Sales Alert: Sales for Banana (Bunch) dropped by >60%! (Severity: high)
2026-03-10 19:45:42,070 - app.services.notification_service - INFO - 📱 [WhatsApp SIMULATION] From: whatsapp:+14155238886 -> To: +123456789
2026-03-10 19:45:42,070 - app.services.notification_service - INFO -    Message: 🚨 Sales Alert: Sales for Banana (Bunch) dropped by >60%!
2026-03-10 19:45:42,071 - app.services.notification_service - INFO - 🔔 [System Notification] Sales Alert: Sales for Gala Apples (1kg) dropped by >60%! (Severity: high)
2026-03-10 19:45:42,071 - app.services.notification_service - INFO - 📱 [WhatsApp SIMULATION] From: whatsapp:+14155238886 -> To: +123456789
2026-03-10 19:45:42,071 - app.services.notification_service - INFO -    Message: 🚨 Sales Alert: Sales for Gala Apples (1kg) dropped by >60%!
2026-03-10 19:45:42,072 - app.services.notification_service - INFO - 🔔 [System Notification] Sales Alert: Sales for Avocado dropped by >60%! (Severity: high)
2026-03-10 19:45:42,072 - app.services.notification_service - INFO - 📱 [WhatsApp SIMULATION] From: whatsapp:+14155238886 -> To: +123456789
2026-03-10 19:45:42,073 - app.services.notification_service - INFO -    Message: 🚨 Sales Alert: Sales for Avocado dropped by >60%!
2026-03-10 19:45:42,074 - app.services.notification_service - INFO - 🔔 [System Notification] Sales Alert: Sales for Baby Spinach Mix dropped by >60%! (Severity: high)
2026-03-10 19:45:42,075 - app.services.notification_service - INFO - 📱 [WhatsApp SIMULATION] From: whatsapp:+14155238886 -> To: +123456789
2026-03-10 19:45:42,075 - app.services.notification_service - INFO -    Message: 🚨 Sales Alert: Sales for Baby Spinach Mix dropped by >60%!
2026-03-10 19:45:42,076 - app.services.notification_service - INFO - 🔔 [System Notification] Sales Alert: Sales for Tomatoes (500g) dropped by >60%! (Severity: high)
2026-03-10 19:45:42,076 - app.services.notification_service - INFO - 📱 [WhatsApp SIMULATION] From: whatsapp:+14155238886 -> To: +123456789
2026-03-10 19:45:42,076 - app.services.notification_service - INFO -    Message: 🚨 Sales Alert: Sales for Tomatoes (500g) dropped by >60%!
2026-03-10 19:45:42,077 - app.services.notification_service - INFO - 🔔 [System Notification] Sales Alert: Sales for Carrots (1kg) dropped by >60%! (Severity: high)
2026-03-10 19:45:42,077 - app.services.notification_service - INFO - 📱 [WhatsApp SIMULATION] From: whatsapp:+14155238886 -> To: +123456789
2026-03-10 19:45:42,078 - app.services.notification_service - INFO -    Message: 🚨 Sales Alert: Sales for Carrots (1kg) dropped by >60%!
2026-03-10 19:45:42,078 - app.services.notification_service - INFO - 🔔 [System Notification] Sales Alert: Sales for Pasta Spaghetti 500g dropped by >60%! (Severity: high)
2026-03-10 19:45:42,079 - app.services.notification_service - INFO - 📱 [WhatsApp SIMULATION] From: whatsapp:+14155238886 -> To: +123456789
2026-03-10 19:45:42,079 - app.services.notification_service - INFO -    Message: 🚨 Sales Alert: Sales for Pasta Spaghetti 500g dropped by >60%!
2026-03-10 19:45:42,080 - app.services.notification_service - INFO - 🔔 [System Notification] Sales Alert: Sales for Pasta Sauce (Tomato) dropped by >60%! (Severity: high)
2026-03-10 19:45:42,080 - app.services.notification_service - INFO - 📱 [WhatsApp SIMULATION] From: whatsapp:+14155238886 -> To: +123456789
2026-03-10 19:45:42,080 - app.services.notification_service - INFO -    Message: 🚨 Sales Alert: Sales for Pasta Sauce (Tomato) dropped by >60%!
2026-03-10 19:45:42,081 - app.services.notification_service - INFO - 🔔 [System Notification] Sales Alert: Sales for Olive Oil 500ml dropped by >60%! (Severity: high)
2026-03-10 19:45:42,081 - app.services.notification_service - INFO - 📱 [WhatsApp SIMULATION] From: whatsapp:+14155238886 -> To: +123456789
2026-03-10 19:45:42,081 - app.services.notification_service - INFO -    Message: 🚨 Sales Alert: Sales for Olive Oil 500ml dropped by >60%!
2026-03-10 19:45:42,082 - app.services.notification_service - INFO - 🔔 [System Notification] Sales Alert: Sales for Jasmine Rice 5kg dropped by >60%! (Severity: high)
2026-03-10 19:45:42,082 - app.services.notification_service - INFO - 📱 [WhatsApp SIMULATION] From: whatsapp:+14155238886 -> To: +123456789
2026-03-10 19:45:42,083 - app.services.notification_service - INFO -    Message: 🚨 Sales Alert: Sales for Jasmine Rice 5kg dropped by >60%!
2026-03-10 19:45:42,083 - app.services.notification_service - INFO - 🔔 [System Notification] Sales Alert: Sales for Breakfast Cereal dropped by >60%! (Severity: high)
2026-03-10 19:45:42,083 - app.services.notification_service - INFO - 📱 [WhatsApp SIMULATION] From: whatsapp:+14155238886 -> To: +123456789
2026-03-10 19:45:42,084 - app.services.notification_service - INFO -    Message: 🚨 Sales Alert: Sales for Breakfast Cereal dropped by >60%!
2026-03-10 19:45:42,084 - app.services.notification_service - INFO - 🔔 [System Notification] Sales Alert: Sales for Instant Noodles (5pk) dropped by >60%! (Severity: high)
2026-03-10 19:45:42,085 - app.services.notification_service - INFO - 📱 [WhatsApp SIMULATION] From: whatsapp:+14155238886 -> To: +123456789
2026-03-10 19:45:42,085 - app.services.notification_service - INFO -    Message: 🚨 Sales Alert: Sales for Instant Noodles (5pk) dropped by >60%!
2026-03-10 19:45:42,085 - app.services.notification_service - INFO - 🔔 [System Notification] Sales Alert: Sales for Tomato Ketchup dropped by >60%! (Severity: high)
2026-03-10 19:45:42,086 - app.services.notification_service - INFO - 📱 [WhatsApp SIMULATION] From: whatsapp:+14155238886 -> To: +123456789
2026-03-10 19:45:42,086 - app.services.notification_service - INFO -    Message: 🚨 Sales Alert: Sales for Tomato Ketchup dropped by >60%!
2026-03-10 19:45:42,088 - app.services.notification_service - INFO - 🔔 [System Notification] Sales Alert: Sales for Toilet Paper (12pk) dropped by >60%! (Severity: high)
2026-03-10 19:45:42,089 - app.services.notification_service - INFO - 📱 [WhatsApp SIMULATION] From: whatsapp:+14155238886 -> To: +123456789
2026-03-10 19:45:42,089 - app.services.notification_service - INFO -    Message: 🚨 Sales Alert: Sales for Toilet Paper (12pk) dropped by >60%!
2026-03-10 19:45:42,090 - app.services.notification_service - INFO - 🔔 [System Notification] Sales Alert: Sales for Laundry Detergent 2L dropped by >60%! (Severity: high)
2026-03-10 19:45:42,091 - app.services.notification_service - INFO - 📱 [WhatsApp SIMULATION] From: whatsapp:+14155238886 -> To: +123456789
2026-03-10 19:45:42,091 - app.services.notification_service - INFO -    Message: 🚨 Sales Alert: Sales for Laundry Detergent 2L dropped by >60%!
2026-03-10 19:45:42,092 - app.services.notification_service - INFO - 🔔 [System Notification] Sales Alert: Sales for Dish Soap 500ml dropped by >60%! (Severity: high)
2026-03-10 19:45:42,092 - app.services.notification_service - INFO - 📱 [WhatsApp SIMULATION] From: whatsapp:+14155238886 -> To: +123456789
2026-03-10 19:45:42,092 - app.services.notification_service - INFO -    Message: 🚨 Sales Alert: Sales for Dish Soap 500ml dropped by >60%!
2026-03-10 19:45:42,094 - app.services.notification_service - INFO - 🔔 [System Notification] Sales Alert: Sales for AA Batteries (4pk) dropped by >60%! (Severity: high)
2026-03-10 19:45:42,095 - app.services.notification_service - INFO - 📱 [WhatsApp SIMULATION] From: whatsapp:+14155238886 -> To: +123456789
2026-03-10 19:45:42,095 - app.services.notification_service - INFO -    Message: 🚨 Sales Alert: Sales for AA Batteries (4pk) dropped by >60%!
2026-03-10 19:45:42,098 - app.services.notification_service - INFO - 🔔 [System Notification] Sales Alert: Sales for Toothpaste Mint dropped by >60%! (Severity: high)
2026-03-10 19:45:42,098 - app.services.notification_service - INFO - 📱 [WhatsApp SIMULATION] From: whatsapp:+14155238886 -> To: +123456789
2026-03-10 19:45:42,098 - app.services.notification_service - INFO -    Message: 🚨 Sales Alert: Sales for Toothpaste Mint dropped by >60%!
2026-03-10 19:45:42,100 - app.services.notification_service - INFO - 🔔 [System Notification] Sales Alert: Sales for Shampoo 400ml dropped by >60%! (Severity: high)
2026-03-10 19:45:42,100 - app.services.notification_service - INFO - 📱 [WhatsApp SIMULATION] From: whatsapp:+14155238886 -> To: +123456789
2026-03-10 19:45:42,101 - app.services.notification_service - INFO -    Message: 🚨 Sales Alert: Sales for Shampoo 400ml dropped by >60%!
2026-03-10 19:45:42,102 - app.services.notification_service - INFO - 🔔 [System Notification] Sales Alert: Sales for Body Wash dropped by >60%! (Severity: high)
2026-03-10 19:45:42,102 - app.services.notification_service - INFO - 📱 [WhatsApp SIMULATION] From: whatsapp:+14155238886 -> To: +123456789
2026-03-10 19:45:42,102 - app.services.notification_service - INFO -    Message: 🚨 Sales Alert: Sales for Body Wash dropped by >60%!
2026-03-10 19:45:42,103 - app.services.notification_service - INFO - 🔔 [System Notification] Sales Alert: Sales for Hand Sanitizer dropped by >60%! (Severity: high)
2026-03-10 19:45:42,103 - app.services.notification_service - INFO - 📱 [WhatsApp SIMULATION] From: whatsapp:+14155238886 -> To: +123456789
2026-03-10 19:45:42,103 - app.services.notification_service - INFO -    Message: 🚨 Sales Alert: Sales for Hand Sanitizer dropped by >60%!
2026-03-10 19:45:42,104 - app.services.notification_service - INFO - 🔔 [System Notification] Sales Alert: Sales for Potato Chips (Salt) dropped by >60%! (Severity: high)
2026-03-10 19:45:42,104 - app.services.notification_service - INFO - 📱 [WhatsApp SIMULATION] From: whatsapp:+14155238886 -> To: +123456789
2026-03-10 19:45:42,104 - app.services.notification_service - INFO -    Message: 🚨 Sales Alert: Sales for Potato Chips (Salt) dropped by >60%!
2026-03-10 19:45:42,105 - app.services.notification_service - INFO - 🔔 [System Notification] Sales Alert: Sales for Chocolate Bar dropped by >60%! (Severity: high)
2026-03-10 19:45:42,105 - app.services.notification_service - INFO - 📱 [WhatsApp SIMULATION] From: whatsapp:+14155238886 -> To: +123456789
2026-03-10 19:45:42,105 - app.services.notification_service - INFO -    Message: 🚨 Sales Alert: Sales for Chocolate Bar dropped by >60%!
2026-03-10 19:45:42,106 - app.services.notification_service - INFO - 🔔 [System Notification] Sales Alert: Sales for Cookies (Choc Chip) dropped by >60%! (Severity: high)
2026-03-10 19:45:42,106 - app.services.notification_service - INFO - 📱 [WhatsApp SIMULATION] From: whatsapp:+14155238886 -> To: +123456789
2026-03-10 19:45:42,106 - app.services.notification_service - INFO -    Message: 🚨 Sales Alert: Sales for Cookies (Choc Chip) dropped by >60%!
2026-03-10 19:45:42,107 - app.services.notification_service - INFO - 🔔 [System Notification] Sales Alert: Sales for Roasted Nuts dropped by >60%! (Severity: high)
2026-03-10 19:45:42,107 - app.services.notification_service - INFO - 📱 [WhatsApp SIMULATION] From: whatsapp:+14155238886 -> To: +123456789
2026-03-10 19:45:42,107 - app.services.notification_service - INFO -    Message: 🚨 Sales Alert: Sales for Roasted Nuts dropped by >60%!
2026-03-10 19:48:37,030 - app.services.notification_service - INFO - 📱 [WhatsApp SIMULATION] From: whatsapp:+14155238886 -> To: +123456789
2026-03-10 19:48:37,031 - app.services.notification_service - INFO -    Message: ⚠️ Low Stock Alert
Total Items: 4
- Toothbrush: 0
- Mineral Water: 2
- Burger: 1
- Fries: 2
